series_slug,series_name,episode_no,episode_slug,label,input_images,kept_images,dropped_images,dominant_width,story_start_position,story_end_position,url
bastard,Bastard,1,episode-000001-ep-0,First episode,95,46,49,700,1,51,https://www.webtoons.com/en/thriller/bastard/ep-0/viewer?title_no=485&episode_no=1
bastard,Bastard,2,episode-000002-ep-1,"Ep. 1 Jun 15, 2015 like 135,135 #2",110,61,49,700,1,66,https://www.webtoons.com/en/thriller/bastard/ep-1/viewer?title_no=485&episode_no=2
bastard,Bastard,3,episode-000003-ep-2,"Ep. 2 Jun 22, 2015 like 126,890 #3",110,62,48,700,1,67,https://www.webtoons.com/en/thriller/bastard/ep-2/viewer?title_no=485&episode_no=3
bastard,Bastard,4,episode-000004-ep-3,"Ep. 3 Jun 29, 2015 like 132,304 #4",107,58,49,700,1,63,https://www.webtoons.com/en/thriller/bastard/ep-3/viewer?title_no=485&episode_no=4
bastard,Bastard,5,episode-000005-ep-4,"Ep. 4 Jul 6, 2015 like 124,281 #5",106,58,48,700,1,63,https://www.webtoons.com/en/thriller/bastard/ep-4/viewer?title_no=485&episode_no=5
bastard,Bastard,6,episode-000006-ep-5,"Ep. 5 Jul 13, 2015 like 121,471 #6",111,60,51,700,1,65,https://www.webtoons.com/en/thriller/bastard/ep-5/viewer?title_no=485&episode_no=6
bastard,Bastard,7,episode-000007-ep-6,"Ep. 6 Jul 20, 2015 like 120,509 #7",109,61,48,700,1,66,https://www.webtoons.com/en/thriller/bastard/ep-6/viewer?title_no=485&episode_no=7
bastard,Bastard,8,episode-000008-ep-7,"Ep. 7 Jul 27, 2015 like 118,522 #8",106,57,49,700,1,62,https://www.webtoons.com/en/thriller/bastard/ep-7/viewer?title_no=485&episode_no=8
bastard,Bastard,9,episode-000009-ep-8,"Ep. 8 Aug 3, 2015 like 115,576 #9",98,47,51,700,1,52,https://www.webtoons.com/en/thriller/bastard/ep-8/viewer?title_no=485&episode_no=9
bastard,Bastard,10,episode-000010-ep-9,"Ep. 9 Aug 10, 2015 like 117,242 #10",99,49,50,700,1,54,https://www.webtoons.com/en/thriller/bastard/ep-9/viewer?title_no=485&episode_no=10
bastard,Bastard,11,episode-000011-ep-10,"Ep. 10 Aug 17, 2015 like 114,882 #11",95,44,51,700,1,49,https://www.webtoons.com/en/thriller/bastard/ep-10/viewer?title_no=485&episode_no=11
eleceed,Eleceed,1,episode-000001-episode-1,First episode,636,196,440,700,22,618,https://www.webtoons.com/en/action/eleceed/episode-1/viewer?title_no=1571&episode_no=1
eleceed,Eleceed,2,episode-000002-episode-2,"Episode 2 May 6, 2019 like 196,417 #2",594,150,444,700,19,576,https://www.webtoons.com/en/action/eleceed/episode-2/viewer?title_no=1571&episode_no=2
eleceed,Eleceed,3,episode-000003-episode-3,"Episode 3 May 6, 2019 like 182,993 #3",648,197,451,700,23,630,https://www.webtoons.com/en/action/eleceed/episode-3/viewer?title_no=1571&episode_no=3
eleceed,Eleceed,4,episode-000004-episode-4,"Episode 4 May 13, 2019 like 171,464 #4",645,189,456,700,23,626,https://www.webtoons.com/en/action/eleceed/episode-4/viewer?title_no=1571&episode_no=4
eleceed,Eleceed,5,episode-000005-episode-5,"Episode 5 May 20, 2019 like 159,170 #5",734,263,471,700,19,716,https://www.webtoons.com/en/action/eleceed/episode-5/viewer?title_no=1571&episode_no=5
eleceed,Eleceed,6,episode-000006-episode-6,"Episode 6 May 27, 2019 like 157,762 #6",610,165,445,700,23,593,https://www.webtoons.com/en/action/eleceed/episode-6/viewer?title_no=1571&episode_no=6
eleceed,Eleceed,7,episode-000007-episode-7,"Episode 7 Jun 3, 2019 like 157,348 #7",679,229,450,700,19,658,https://www.webtoons.com/en/action/eleceed/episode-7/viewer?title_no=1571&episode_no=7
eleceed,Eleceed,8,episode-000008-episode-8,"Episode 8 Jun 10, 2019 like 151,478 #8",649,194,455,700,19,630,https://www.webtoons.com/en/action/eleceed/episode-8/viewer?title_no=1571&episode_no=8
eleceed,Eleceed,9,episode-000009-episode-9,"Episode 9 Jun 17, 2019 like 151,703 #9",511,115,396,160,57,196,https://www.webtoons.com/en/action/eleceed/episode-9/viewer?title_no=1571&episode_no=9
eleceed,Eleceed,10,episode-000010-episode-10,"Episode 10 Jun 24, 2019 like 145,455 #10",485,126,359,160,44,194,https://www.webtoons.com/en/action/eleceed/episode-10/viewer?title_no=1571&episode_no=10
eleceed,Eleceed,11,episode-000011-episode-11,"Episode 11 Jul 1, 2019 like 142,263 #11",681,220,461,700,19,663,https://www.webtoons.com/en/action/eleceed/episode-11/viewer?title_no=1571&episode_no=11
eleceed,Eleceed,12,episode-000012-episode-12,"Episode 12 Jul 8, 2019 like 143,431 #12",734,212,522,700,30,712,https://www.webtoons.com/en/action/eleceed/episode-12/viewer?title_no=1571&episode_no=12
eleceed,Eleceed,13,episode-000013-episode-13,"Episode 13 Jul 15, 2019 like 140,252 #13",591,161,430,700,19,574,https://www.webtoons.com/en/action/eleceed/episode-13/viewer?title_no=1571&episode_no=13
eleceed,Eleceed,14,episode-000014-episode-14,"Episode 14 Jul 22, 2019 like 151,730 #14",604,171,433,700,19,585,https://www.webtoons.com/en/action/eleceed/episode-14/viewer?title_no=1571&episode_no=14
eleceed,Eleceed,15,episode-000015-episode-15,"Episode 15 Jul 29, 2019 like 149,681 #15",618,185,433,700,19,600,https://www.webtoons.com/en/action/eleceed/episode-15/viewer?title_no=1571&episode_no=15
eleceed,Eleceed,16,episode-000016-episode-16,"Episode 16 Aug 5, 2019 like 150,145 #16",584,153,431,700,19,566,https://www.webtoons.com/en/action/eleceed/episode-16/viewer?title_no=1571&episode_no=16
eleceed,Eleceed,17,episode-000017-episode-17,"Episode 17 Aug 12, 2019 like 142,346 #17",558,125,433,700,19,539,https://www.webtoons.com/en/action/eleceed/episode-17/viewer?title_no=1571&episode_no=17
eleceed,Eleceed,18,episode-000018-episode-18,"Episode 18 Aug 19, 2019 like 145,280 #18",585,151,434,700,19,565,https://www.webtoons.com/en/action/eleceed/episode-18/viewer?title_no=1571&episode_no=18
eleceed,Eleceed,19,episode-000019-episode-19,"Episode 19 Aug 26, 2019 like 154,413 #19",582,149,433,700,19,563,https://www.webtoons.com/en/action/eleceed/episode-19/viewer?title_no=1571&episode_no=19
eleceed,Eleceed,20,episode-000020-episode-20,"Episode 20 Sep 2, 2019 like 140,261 #20",607,173,434,700,19,587,https://www.webtoons.com/en/action/eleceed/episode-20/viewer?title_no=1571&episode_no=20
eleceed,Eleceed,21,episode-000021-episode-21,"Episode 21 Sep 9, 2019 like 146,823 #21",598,167,431,700,19,580,https://www.webtoons.com/en/action/eleceed/episode-21/viewer?title_no=1571&episode_no=21
eleceed,Eleceed,22,episode-000022-episode-22,"Episode 22 Sep 16, 2019 like 151,328 #22",585,153,432,700,19,567,https://www.webtoons.com/en/action/eleceed/episode-22/viewer?title_no=1571&episode_no=22
eleceed,Eleceed,23,episode-000023-episode-23,"Episode 23 Sep 23, 2019 like 145,999 #23",589,155,434,700,19,570,https://www.webtoons.com/en/action/eleceed/episode-23/viewer?title_no=1571&episode_no=23
eleceed,Eleceed,24,episode-000024-episode-24,"Episode 24 Sep 30, 2019 like 138,316 #24",578,145,433,700,19,559,https://www.webtoons.com/en/action/eleceed/episode-24/viewer?title_no=1571&episode_no=24
eleceed,Eleceed,25,episode-000025-episode-25,"Episode 25 Oct 7, 2019 like 142,318 #25",589,155,434,700,19,569,https://www.webtoons.com/en/action/eleceed/episode-25/viewer?title_no=1571&episode_no=25
eleceed,Eleceed,26,episode-000026-episode-26,"Episode 26 Oct 14, 2019 like 139,280 #26",591,159,432,700,19,572,https://www.webtoons.com/en/action/eleceed/episode-26/viewer?title_no=1571&episode_no=26
eleceed,Eleceed,27,episode-000027-episode-27,"Episode 27 Oct 21, 2019 like 143,764 #27",600,169,431,700,19,582,https://www.webtoons.com/en/action/eleceed/episode-27/viewer?title_no=1571&episode_no=27
eleceed,Eleceed,28,episode-000028-episode-28,"Episode 28 Oct 28, 2019 like 141,175 #28",590,157,433,700,19,571,https://www.webtoons.com/en/action/eleceed/episode-28/viewer?title_no=1571&episode_no=28
eleceed,Eleceed,29,episode-000029-episode-29,"Episode 29 Nov 4, 2019 like 140,207 #29",577,145,432,700,19,559,https://www.webtoons.com/en/action/eleceed/episode-29/viewer?title_no=1571&episode_no=29
eleceed,Eleceed,30,episode-000030-episode-30,"Episode 30 Nov 11, 2019 like 139,553 #30",587,153,434,700,19,567,https://www.webtoons.com/en/action/eleceed/episode-30/viewer?title_no=1571&episode_no=30
eleceed,Eleceed,31,episode-000031-episode-31,"Episode 31 Nov 18, 2019 like 138,352 #31",606,173,433,700,19,587,https://www.webtoons.com/en/action/eleceed/episode-31/viewer?title_no=1571&episode_no=31
eleceed,Eleceed,32,episode-000032-episode-32,"Episode 32 Nov 25, 2019 like 140,536 #32",602,169,433,700,19,583,https://www.webtoons.com/en/action/eleceed/episode-32/viewer?title_no=1571&episode_no=32
eleceed,Eleceed,33,episode-000033-episode-33,"Episode 33 Dec 2, 2019 like 147,385 #33",580,147,433,700,19,561,https://www.webtoons.com/en/action/eleceed/episode-33/viewer?title_no=1571&episode_no=33
eleceed,Eleceed,34,episode-000034-episode-34,"Episode 34 Dec 9, 2019 like 147,449 #34",583,149,434,700,19,565,https://www.webtoons.com/en/action/eleceed/episode-34/viewer?title_no=1571&episode_no=34
eleceed,Eleceed,35,episode-000035-episode-35,"Episode 35 Dec 16, 2019 like 150,927 #35",586,153,433,700,19,567,https://www.webtoons.com/en/action/eleceed/episode-35/viewer?title_no=1571&episode_no=35
eleceed,Eleceed,36,episode-000036-episode-36,"Episode 36 Dec 23, 2019 like 142,486 #36",623,189,434,700,19,603,https://www.webtoons.com/en/action/eleceed/episode-36/viewer?title_no=1571&episode_no=36
eleceed,Eleceed,37,episode-000037-episode-37,"Episode 37 Dec 30, 2019 like 136,855 #37",601,167,434,700,19,581,https://www.webtoons.com/en/action/eleceed/episode-37/viewer?title_no=1571&episode_no=37
eleceed,Eleceed,38,episode-000038-episode-38,"Episode 38 Jan 6, 2020 like 139,332 #38",580,147,433,700,19,561,https://www.webtoons.com/en/action/eleceed/episode-38/viewer?title_no=1571&episode_no=38
eleceed,Eleceed,39,episode-000039-episode-39,"Episode 39 Jan 13, 2020 like 135,821 #39",584,151,433,700,19,565,https://www.webtoons.com/en/action/eleceed/episode-39/viewer?title_no=1571&episode_no=39
eleceed,Eleceed,40,episode-000040-episode-40,"Episode 40 Jan 20, 2020 like 136,126 #40",587,153,434,700,19,567,https://www.webtoons.com/en/action/eleceed/episode-40/viewer?title_no=1571&episode_no=40
eleceed,Eleceed,41,episode-000041-episode-41,"Episode 41 Jan 27, 2020 like 138,326 #41",590,155,435,700,19,570,https://www.webtoons.com/en/action/eleceed/episode-41/viewer?title_no=1571&episode_no=41
eleceed,Eleceed,42,episode-000042-episode-42,"Episode 42 Feb 3, 2020 like 135,412 #42",594,161,433,700,19,575,https://www.webtoons.com/en/action/eleceed/episode-42/viewer?title_no=1571&episode_no=42
eleceed,Eleceed,43,episode-000043-episode-43,"Episode 43 Feb 10, 2020 like 147,468 #43",586,151,435,700,19,567,https://www.webtoons.com/en/action/eleceed/episode-43/viewer?title_no=1571&episode_no=43
eleceed,Eleceed,44,episode-000044-episode-44,"Episode 44 Feb 17, 2020 like 147,848 #44",571,137,434,700,19,551,https://www.webtoons.com/en/action/eleceed/episode-44/viewer?title_no=1571&episode_no=44
eleceed,Eleceed,45,episode-000045-episode-45,"Episode 45 Feb 24, 2020 like 156,393 #45",567,135,432,700,19,549,https://www.webtoons.com/en/action/eleceed/episode-45/viewer?title_no=1571&episode_no=45
eleceed,Eleceed,46,episode-000046-episode-46,"Episode 46 Mar 2, 2020 like 149,406 #46",554,121,433,700,19,535,https://www.webtoons.com/en/action/eleceed/episode-46/viewer?title_no=1571&episode_no=46
eleceed,Eleceed,47,episode-000047-episode-47,"Episode 47 Mar 9, 2020 like 137,968 #47",567,133,434,700,19,547,https://www.webtoons.com/en/action/eleceed/episode-47/viewer?title_no=1571&episode_no=47
eleceed,Eleceed,48,episode-000048-episode-48,"Episode 48 Mar 16, 2020 like 133,881 #48",551,117,434,700,19,531,https://www.webtoons.com/en/action/eleceed/episode-48/viewer?title_no=1571&episode_no=48
eleceed,Eleceed,49,episode-000049-episode-49,"Episode 49 Mar 23, 2020 like 145,192 #49",557,125,432,700,19,538,https://www.webtoons.com/en/action/eleceed/episode-49/viewer?title_no=1571&episode_no=49
eleceed,Eleceed,50,episode-000050-episode-50,"Episode 50 Mar 30, 2020 like 150,321 #50",583,151,432,700,19,564,https://www.webtoons.com/en/action/eleceed/episode-50/viewer?title_no=1571&episode_no=50
eleceed,Eleceed,51,episode-000051-episode-51,"Episode 51 Apr 6, 2020 like 138,493 #51",577,147,430,700,19,560,https://www.webtoons.com/en/action/eleceed/episode-51/viewer?title_no=1571&episode_no=51
eleceed,Eleceed,52,episode-000052-episode-52,"Episode 52 Apr 13, 2020 like 148,709 #52",597,167,430,700,19,580,https://www.webtoons.com/en/action/eleceed/episode-52/viewer?title_no=1571&episode_no=52
eleceed,Eleceed,53,episode-000053-episode-53,"Episode 53 Apr 20, 2020 like 139,354 #53",613,183,430,700,19,596,https://www.webtoons.com/en/action/eleceed/episode-53/viewer?title_no=1571&episode_no=53
eleceed,Eleceed,54,episode-000054-episode-54,"Episode 54 Apr 27, 2020 like 141,914 #54",599,167,432,700,19,580,https://www.webtoons.com/en/action/eleceed/episode-54/viewer?title_no=1571&episode_no=54
eleceed,Eleceed,55,episode-000055-episode-55,"Episode 55 May 4, 2020 like 141,934 #55",580,149,431,700,19,562,https://www.webtoons.com/en/action/eleceed/episode-55/viewer?title_no=1571&episode_no=55
eleceed,Eleceed,56,episode-000056-episode-56,"Episode 56 May 11, 2020 like 144,227 #56",576,145,431,700,19,558,https://www.webtoons.com/en/action/eleceed/episode-56/viewer?title_no=1571&episode_no=56
eleceed,Eleceed,57,episode-000057-episode-57,"Episode 57 May 18, 2020 like 138,999 #57",576,145,431,700,19,558,https://www.webtoons.com/en/action/eleceed/episode-57/viewer?title_no=1571&episode_no=57
eleceed,Eleceed,58,episode-000058-episode-58,"Episode 58 May 25, 2020 like 145,668 #58",590,159,431,700,19,572,https://www.webtoons.com/en/action/eleceed/episode-58/viewer?title_no=1571&episode_no=58
eleceed,Eleceed,59,episode-000059-episode-59,"Episode 59 Jun 1, 2020 like 144,631 #59",573,143,430,700,19,556,https://www.webtoons.com/en/action/eleceed/episode-59/viewer?title_no=1571&episode_no=59
eleceed,Eleceed,60,episode-000060-episode-60,"Episode 60 Jun 8, 2020 like 147,404 #60",572,141,431,700,19,554,https://www.webtoons.com/en/action/eleceed/episode-60/viewer?title_no=1571&episode_no=60
eleceed,Eleceed,61,episode-000061-episode-61,"Episode 61 Jun 15, 2020 like 157,844 #61",604,173,431,700,19,586,https://www.webtoons.com/en/action/eleceed/episode-61/viewer?title_no=1571&episode_no=61
eleceed,Eleceed,62,episode-000062-episode-62,"Episode 62 Jun 22, 2020 like 154,750 #62",583,151,432,700,19,564,https://www.webtoons.com/en/action/eleceed/episode-62/viewer?title_no=1571&episode_no=62
eleceed,Eleceed,63,episode-000063-episode-63,"Episode 63 Jun 29, 2020 like 162,818 #63",586,155,431,700,19,568,https://www.webtoons.com/en/action/eleceed/episode-63/viewer?title_no=1571&episode_no=63
eleceed,Eleceed,64,episode-000064-episode-64,"Episode 64 Jul 6, 2020 like 155,545 #64",577,145,432,700,19,558,https://www.webtoons.com/en/action/eleceed/episode-64/viewer?title_no=1571&episode_no=64
eleceed,Eleceed,65,episode-000065-episode-65,"Episode 65 Jul 13, 2020 like 150,943 #65",579,149,430,700,19,562,https://www.webtoons.com/en/action/eleceed/episode-65/viewer?title_no=1571&episode_no=65
eleceed,Eleceed,66,episode-000066-episode-66,"Episode 66 Jul 20, 2020 like 153,948 #66",576,145,431,700,19,558,https://www.webtoons.com/en/action/eleceed/episode-66/viewer?title_no=1571&episode_no=66
eleceed,Eleceed,67,episode-000067-episode-67,"Episode 67 Jul 27, 2020 like 147,852 #67",564,133,431,700,19,546,https://www.webtoons.com/en/action/eleceed/episode-67/viewer?title_no=1571&episode_no=67
eleceed,Eleceed,68,episode-000068-episode-68,"Episode 68 Aug 3, 2020 like 140,548 #68",575,143,432,700,19,556,https://www.webtoons.com/en/action/eleceed/episode-68/viewer?title_no=1571&episode_no=68
eleceed,Eleceed,69,episode-000069-episode-69,"Episode 69 Aug 10, 2020 like 143,523 #69",570,139,431,700,19,552,https://www.webtoons.com/en/action/eleceed/episode-69/viewer?title_no=1571&episode_no=69
eleceed,Eleceed,70,episode-000070-episode-70,"Episode 70 Aug 17, 2020 like 149,313 #70",585,155,430,700,19,568,https://www.webtoons.com/en/action/eleceed/episode-70/viewer?title_no=1571&episode_no=70
eleceed,Eleceed,71,episode-000071-episode-71,"Episode 71 Aug 24, 2020 like 148,421 #71",581,149,432,700,19,562,https://www.webtoons.com/en/action/eleceed/episode-71/viewer?title_no=1571&episode_no=71
eleceed,Eleceed,72,episode-000072-episode-72,"Episode 72 Aug 31, 2020 like 145,316 #72",567,137,430,700,19,550,https://www.webtoons.com/en/action/eleceed/episode-72/viewer?title_no=1571&episode_no=72
eleceed,Eleceed,73,episode-000073-episode-73,"Episode 73 Sep 7, 2020 like 151,903 #73",576,145,431,700,19,558,https://www.webtoons.com/en/action/eleceed/episode-73/viewer?title_no=1571&episode_no=73
eleceed,Eleceed,74,episode-000074-episode-74,"Episode 74 Sep 14, 2020 like 142,165 #74",580,149,431,700,19,562,https://www.webtoons.com/en/action/eleceed/episode-74/viewer?title_no=1571&episode_no=74
eleceed,Eleceed,75,episode-000075-episode-75,"Episode 75 Sep 21, 2020 like 141,600 #75",571,141,430,700,19,554,https://www.webtoons.com/en/action/eleceed/episode-75/viewer?title_no=1571&episode_no=75
eleceed,Eleceed,76,episode-000076-episode-76,"Episode 76 Sep 28, 2020 like 145,553 #76",591,161,430,700,19,574,https://www.webtoons.com/en/action/eleceed/episode-76/viewer?title_no=1571&episode_no=76
eleceed,Eleceed,77,episode-000077-episode-77,"Episode 77 Oct 5, 2020 like 156,402 #77",593,161,432,700,19,574,https://www.webtoons.com/en/action/eleceed/episode-77/viewer?title_no=1571&episode_no=77
eleceed,Eleceed,78,episode-000078-episode-78,"Episode 78 Oct 12, 2020 like 152,149 #78",574,143,431,700,19,556,https://www.webtoons.com/en/action/eleceed/episode-78/viewer?title_no=1571&episode_no=78
eleceed,Eleceed,79,episode-000079-episode-79,"Episode 79 Oct 19, 2020 like 147,763 #79",594,163,431,700,19,576,https://www.webtoons.com/en/action/eleceed/episode-79/viewer?title_no=1571&episode_no=79
eleceed,Eleceed,80,episode-000080-episode-80,"Episode 80 Oct 26, 2020 like 157,518 #80",591,159,432,700,19,572,https://www.webtoons.com/en/action/eleceed/episode-80/viewer?title_no=1571&episode_no=80
eleceed,Eleceed,81,episode-000081-episode-81,"Episode 81 Nov 2, 2020 like 150,153 #81",615,183,432,700,19,596,https://www.webtoons.com/en/action/eleceed/episode-81/viewer?title_no=1571&episode_no=81
eleceed,Eleceed,82,episode-000082-episode-82,"Episode 82 Nov 9, 2020 like 153,450 #82",587,155,432,700,19,568,https://www.webtoons.com/en/action/eleceed/episode-82/viewer?title_no=1571&episode_no=82
eleceed,Eleceed,83,episode-000083-episode-83,"Episode 83 Nov 16, 2020 like 151,252 #83",573,143,430,700,19,556,https://www.webtoons.com/en/action/eleceed/episode-83/viewer?title_no=1571&episode_no=83
eleceed,Eleceed,84,episode-000084-episode-84,"Episode 84 Nov 23, 2020 like 138,846 #84",619,187,432,700,19,600,https://www.webtoons.com/en/action/eleceed/episode-84/viewer?title_no=1571&episode_no=84
eleceed,Eleceed,85,episode-000085-episode-85,"Episode 85 Nov 30, 2020 like 156,082 #85",631,199,432,700,19,612,https://www.webtoons.com/en/action/eleceed/episode-85/viewer?title_no=1571&episode_no=85
eleceed,Eleceed,86,episode-000086-episode-86,"Episode 86 Dec 7, 2020 like 151,880 #86",624,193,431,700,19,606,https://www.webtoons.com/en/action/eleceed/episode-86/viewer?title_no=1571&episode_no=86
eleceed,Eleceed,87,episode-000087-episode-87,"Episode 87 Dec 14, 2020 like 157,624 #87",627,195,432,700,19,608,https://www.webtoons.com/en/action/eleceed/episode-87/viewer?title_no=1571&episode_no=87
eleceed,Eleceed,88,episode-000088-episode-88,"Episode 88 Dec 21, 2020 like 157,693 #88",582,151,431,700,19,564,https://www.webtoons.com/en/action/eleceed/episode-88/viewer?title_no=1571&episode_no=88
eleceed,Eleceed,89,episode-000089-episode-89,"Episode 89 Dec 28, 2020 like 174,710 #89",593,163,430,700,19,576,https://www.webtoons.com/en/action/eleceed/episode-89/viewer?title_no=1571&episode_no=89
eleceed,Eleceed,90,episode-000090-episode-90,"Episode 90 Jan 4, 2021 like 157,834 #90",575,143,432,700,19,556,https://www.webtoons.com/en/action/eleceed/episode-90/viewer?title_no=1571&episode_no=90
eleceed,Eleceed,91,episode-000091-episode-91,"Episode 91 Jan 11, 2021 like 157,098 #91",603,171,432,700,19,584,https://www.webtoons.com/en/action/eleceed/episode-91/viewer?title_no=1571&episode_no=91
eleceed,Eleceed,92,episode-000092-episode-92,"Episode 92 Jan 18, 2021 like 148,208 #92",597,165,432,700,19,578,https://www.webtoons.com/en/action/eleceed/episode-92/viewer?title_no=1571&episode_no=92
eleceed,Eleceed,93,episode-000093-episode-93,"Episode 93 Jan 25, 2021 like 147,945 #93",598,167,431,700,19,580,https://www.webtoons.com/en/action/eleceed/episode-93/viewer?title_no=1571&episode_no=93
eleceed,Eleceed,94,episode-000094-episode-94,"Episode 94 Feb 1, 2021 like 146,271 #94",580,149,431,700,19,563,https://www.webtoons.com/en/action/eleceed/episode-94/viewer?title_no=1571&episode_no=94
eleceed,Eleceed,95,episode-000095-episode-95,"Episode 95 Feb 8, 2021 like 138,195 #95",594,163,431,700,19,576,https://www.webtoons.com/en/action/eleceed/episode-95/viewer?title_no=1571&episode_no=95
eleceed,Eleceed,96,episode-000096-episode-96,"Episode 96 Feb 15, 2021 like 169,484 #96",663,231,432,700,19,644,https://www.webtoons.com/en/action/eleceed/episode-96/viewer?title_no=1571&episode_no=96
eleceed,Eleceed,97,episode-000097-episode-97,"Episode 97 Feb 22, 2021 like 166,460 #97",589,157,432,700,19,570,https://www.webtoons.com/en/action/eleceed/episode-97/viewer?title_no=1571&episode_no=97
eleceed,Eleceed,98,episode-000098-episode-98,"Episode 98 Mar 1, 2021 like 154,544 #98",612,181,431,700,19,594,https://www.webtoons.com/en/action/eleceed/episode-98/viewer?title_no=1571&episode_no=98
eleceed,Eleceed,99,episode-000099-episode-99,"Episode 99 Mar 8, 2021 like 159,955 #99",607,175,432,700,19,588,https://www.webtoons.com/en/action/eleceed/episode-99/viewer?title_no=1571&episode_no=99
eleceed,Eleceed,100,episode-000100-episode-100,"Episode 100 Mar 15, 2021 like 160,013 #100",581,149,432,700,19,562,https://www.webtoons.com/en/action/eleceed/episode-100/viewer?title_no=1571&episode_no=100
eleceed,Eleceed,101,episode-000101-episode-101,"Episode 101 Mar 22, 2021 like 143,307 #101",611,179,432,700,19,592,https://www.webtoons.com/en/action/eleceed/episode-101/viewer?title_no=1571&episode_no=101
eleceed,Eleceed,102,episode-000102-episode-102,"Episode 102 Mar 29, 2021 like 144,062 #102",618,185,433,700,19,599,https://www.webtoons.com/en/action/eleceed/episode-102/viewer?title_no=1571&episode_no=102
eleceed,Eleceed,103,episode-000103-episode-103,"Episode 103 Apr 5, 2021 like 137,347 #103",610,179,431,700,19,592,https://www.webtoons.com/en/action/eleceed/episode-103/viewer?title_no=1571&episode_no=103
eleceed,Eleceed,104,episode-000104-episode-104,"Episode 104 Apr 12, 2021 like 135,541 #104",636,205,431,700,19,618,https://www.webtoons.com/en/action/eleceed/episode-104/viewer?title_no=1571&episode_no=104
eleceed,Eleceed,105,episode-000105-episode-105,"Episode 105 Apr 19, 2021 like 136,475 #105",609,177,432,700,19,590,https://www.webtoons.com/en/action/eleceed/episode-105/viewer?title_no=1571&episode_no=105
eleceed,Eleceed,106,episode-000106-episode-106,"Episode 106 Apr 26, 2021 like 133,277 #106",602,169,433,700,19,583,https://www.webtoons.com/en/action/eleceed/episode-106/viewer?title_no=1571&episode_no=106
eleceed,Eleceed,107,episode-000107-episode-107,"Episode 107 May 3, 2021 like 135,963 #107",629,197,432,700,19,610,https://www.webtoons.com/en/action/eleceed/episode-107/viewer?title_no=1571&episode_no=107
eleceed,Eleceed,108,episode-000108-episode-108,"Episode 108 May 10, 2021 like 135,910 #108",629,199,430,700,19,612,https://www.webtoons.com/en/action/eleceed/episode-108/viewer?title_no=1571&episode_no=108
eleceed,Eleceed,109,episode-000109-episode-109,"Episode 109 May 17, 2021 like 130,206 #109",603,173,430,700,19,586,https://www.webtoons.com/en/action/eleceed/episode-109/viewer?title_no=1571&episode_no=109
eleceed,Eleceed,110,episode-000110-episode-110,"Episode 110 May 24, 2021 like 145,482 #110",634,203,431,700,19,616,https://www.webtoons.com/en/action/eleceed/episode-110/viewer?title_no=1571&episode_no=110
eleceed,Eleceed,111,episode-000111-episode-111,"Episode 111 May 31, 2021 like 132,791 #111",613,183,430,700,19,596,https://www.webtoons.com/en/action/eleceed/episode-111/viewer?title_no=1571&episode_no=111
eleceed,Eleceed,112,episode-000112-episode-112,"Episode 112 Jun 7, 2021 like 143,604 #112",633,201,432,700,19,614,https://www.webtoons.com/en/action/eleceed/episode-112/viewer?title_no=1571&episode_no=112
eleceed,Eleceed,113,episode-000113-episode-113,"Episode 113 Jun 14, 2021 like 136,366 #113",593,163,430,700,19,576,https://www.webtoons.com/en/action/eleceed/episode-113/viewer?title_no=1571&episode_no=113
eleceed,Eleceed,114,episode-000114-episode-114,"Episode 114 Jun 21, 2021 like 139,948 #114",592,161,431,700,19,574,https://www.webtoons.com/en/action/eleceed/episode-114/viewer?title_no=1571&episode_no=114
eleceed,Eleceed,115,episode-000115-episode-115,"Episode 115 Jun 28, 2021 like 147,368 #115",589,159,430,700,19,572,https://www.webtoons.com/en/action/eleceed/episode-115/viewer?title_no=1571&episode_no=115
eleceed,Eleceed,116,episode-000116-episode-116,"Episode 116 Jul 5, 2021 like 132,473 #116",618,187,431,700,19,600,https://www.webtoons.com/en/action/eleceed/episode-116/viewer?title_no=1571&episode_no=116
eleceed,Eleceed,117,episode-000117-episode-117,"Episode 117 Jul 12, 2021 like 134,095 #117",610,179,431,700,19,592,https://www.webtoons.com/en/action/eleceed/episode-117/viewer?title_no=1571&episode_no=117
eleceed,Eleceed,118,episode-000118-episode-118,"Episode 118 Jul 19, 2021 like 130,672 #118",608,177,431,700,19,590,https://www.webtoons.com/en/action/eleceed/episode-118/viewer?title_no=1571&episode_no=118
eleceed,Eleceed,119,episode-000119-episode-119,"Episode 119 Jul 26, 2021 like 130,903 #119",653,223,430,700,19,636,https://www.webtoons.com/en/action/eleceed/episode-119/viewer?title_no=1571&episode_no=119
eleceed,Eleceed,120,episode-000120-episode-120,"Episode 120 Aug 2, 2021 like 142,984 #120",643,213,430,700,19,626,https://www.webtoons.com/en/action/eleceed/episode-120/viewer?title_no=1571&episode_no=120
eleceed,Eleceed,121,episode-000121-episode-121,"Episode 121 Aug 9, 2021 like 140,396 #121",643,211,432,700,19,624,https://www.webtoons.com/en/action/eleceed/episode-121/viewer?title_no=1571&episode_no=121
eleceed,Eleceed,122,episode-000122-episode-122,"Episode 122 Aug 16, 2021 like 141,356 #122",633,201,432,700,19,614,https://www.webtoons.com/en/action/eleceed/episode-122/viewer?title_no=1571&episode_no=122
eleceed,Eleceed,123,episode-000123-episode-123,"Episode 123 Aug 23, 2021 like 145,338 #123",594,163,431,700,19,577,https://www.webtoons.com/en/action/eleceed/episode-123/viewer?title_no=1571&episode_no=123
eleceed,Eleceed,124,episode-000124-episode-124,"Episode 124 Aug 30, 2021 like 134,113 #124",609,177,432,700,19,590,https://www.webtoons.com/en/action/eleceed/episode-124/viewer?title_no=1571&episode_no=124
eleceed,Eleceed,125,episode-000125-episode-125,"Episode 125 Sep 6, 2021 like 122,417 #125",642,211,431,700,19,624,https://www.webtoons.com/en/action/eleceed/episode-125/viewer?title_no=1571&episode_no=125
eleceed,Eleceed,126,episode-000126-episode-126,"Episode 126 Sep 13, 2021 like 126,999 #126",643,213,430,700,19,626,https://www.webtoons.com/en/action/eleceed/episode-126/viewer?title_no=1571&episode_no=126
eleceed,Eleceed,127,episode-000127-episode-127,"Episode 127 Sep 20, 2021 like 134,822 #127",663,231,432,700,19,644,https://www.webtoons.com/en/action/eleceed/episode-127/viewer?title_no=1571&episode_no=127
eleceed,Eleceed,128,episode-000128-episode-128,"Episode 128 Sep 27, 2021 like 136,320 #128",662,231,431,700,19,644,https://www.webtoons.com/en/action/eleceed/episode-128/viewer?title_no=1571&episode_no=128
eleceed,Eleceed,129,episode-000129-episode-129,"Episode 129 Oct 4, 2021 like 140,986 #129",630,197,433,700,19,611,https://www.webtoons.com/en/action/eleceed/episode-129/viewer?title_no=1571&episode_no=129
eleceed,Eleceed,130,episode-000130-episode-130,"Episode 130 Oct 11, 2021 like 136,056 #130",618,187,431,700,19,600,https://www.webtoons.com/en/action/eleceed/episode-130/viewer?title_no=1571&episode_no=130
eleceed,Eleceed,131,episode-000131-episode-131,"Episode 131 Oct 18, 2021 like 129,553 #131",622,191,431,700,19,604,https://www.webtoons.com/en/action/eleceed/episode-131/viewer?title_no=1571&episode_no=131
eleceed,Eleceed,132,episode-000132-episode-132,"Episode 132 Oct 25, 2021 like 126,987 #132",636,205,431,700,19,618,https://www.webtoons.com/en/action/eleceed/episode-132/viewer?title_no=1571&episode_no=132
eleceed,Eleceed,133,episode-000133-episode-133,"Episode 133 Nov 1, 2021 like 123,308 #133",614,183,431,700,19,596,https://www.webtoons.com/en/action/eleceed/episode-133/viewer?title_no=1571&episode_no=133
eleceed,Eleceed,134,episode-000134-episode-134,"Episode 134 Nov 8, 2021 like 132,277 #134",614,183,431,700,19,596,https://www.webtoons.com/en/action/eleceed/episode-134/viewer?title_no=1571&episode_no=134
eleceed,Eleceed,135,episode-000135-episode-135,"Episode 135 Nov 15, 2021 like 135,074 #135",686,255,431,700,19,668,https://www.webtoons.com/en/action/eleceed/episode-135/viewer?title_no=1571&episode_no=135
eleceed,Eleceed,136,episode-000136-episode-136,"Episode 136 Nov 22, 2021 like 127,507 #136",614,183,431,700,19,596,https://www.webtoons.com/en/action/eleceed/episode-136/viewer?title_no=1571&episode_no=136
eleceed,Eleceed,137,episode-000137-episode-137,"Episode 137 Nov 29, 2021 like 123,755 #137",620,189,431,700,19,602,https://www.webtoons.com/en/action/eleceed/episode-137/viewer?title_no=1571&episode_no=137
eleceed,Eleceed,138,episode-000138-episode-138,"Episode 138 Dec 6, 2021 like 132,222 #138",666,233,433,700,19,647,https://www.webtoons.com/en/action/eleceed/episode-138/viewer?title_no=1571&episode_no=138
eleceed,Eleceed,139,episode-000139-episode-139,"Episode 139 Dec 13, 2021 like 137,483 #139",627,195,432,700,19,608,https://www.webtoons.com/en/action/eleceed/episode-139/viewer?title_no=1571&episode_no=139
eleceed,Eleceed,140,episode-000140-episode-140,"Episode 140 Dec 20, 2021 like 134,673 #140",621,189,432,700,19,602,https://www.webtoons.com/en/action/eleceed/episode-140/viewer?title_no=1571&episode_no=140
eleceed,Eleceed,141,episode-000141-episode-141,"Episode 141 Dec 27, 2021 like 131,048 #141",623,191,432,700,19,604,https://www.webtoons.com/en/action/eleceed/episode-141/viewer?title_no=1571&episode_no=141
eleceed,Eleceed,142,episode-000142-episode-142,"Episode 142 Jan 3, 2022 like 124,878 #142",602,171,431,700,19,584,https://www.webtoons.com/en/action/eleceed/episode-142/viewer?title_no=1571&episode_no=142
eleceed,Eleceed,143,episode-000143-episode-143,"Episode 143 Jan 10, 2022 like 120,890 #143",611,179,432,700,19,592,https://www.webtoons.com/en/action/eleceed/episode-143/viewer?title_no=1571&episode_no=143
eleceed,Eleceed,144,episode-000144-episode-144,"Episode 144 Jan 17, 2022 like 117,321 #144",634,203,431,700,19,616,https://www.webtoons.com/en/action/eleceed/episode-144/viewer?title_no=1571&episode_no=144
eleceed,Eleceed,145,episode-000145-episode-145,"Episode 145 Jan 24, 2022 like 113,271 #145",601,171,430,700,19,584,https://www.webtoons.com/en/action/eleceed/episode-145/viewer?title_no=1571&episode_no=145
eleceed,Eleceed,146,episode-000146-episode-146,"Episode 146 Jan 31, 2022 like 114,878 #146",607,175,432,700,19,588,https://www.webtoons.com/en/action/eleceed/episode-146/viewer?title_no=1571&episode_no=146
eleceed,Eleceed,147,episode-000147-episode-147,"Episode 147 Feb 7, 2022 like 113,114 #147",621,191,430,700,19,604,https://www.webtoons.com/en/action/eleceed/episode-147/viewer?title_no=1571&episode_no=147
eleceed,Eleceed,148,episode-000148-episode-148,"Episode 148 Feb 14, 2022 like 109,969 #148",674,241,433,700,19,655,https://www.webtoons.com/en/action/eleceed/episode-148/viewer?title_no=1571&episode_no=148
eleceed,Eleceed,149,episode-000149-episode-149,"Episode 149 Feb 21, 2022 like 119,914 #149",630,199,431,700,19,612,https://www.webtoons.com/en/action/eleceed/episode-149/viewer?title_no=1571&episode_no=149
eleceed,Eleceed,150,episode-000150-episode-150,"Episode 150 Feb 28, 2022 like 121,140 #150",653,221,432,700,19,634,https://www.webtoons.com/en/action/eleceed/episode-150/viewer?title_no=1571&episode_no=150
eleceed,Eleceed,151,episode-000151-episode-151,"Episode 151 Mar 7, 2022 like 119,296 #151",265,126,139,160,114,252,https://www.webtoons.com/en/action/eleceed/episode-151/viewer?title_no=1571&episode_no=151
eleceed,Eleceed,152,episode-000152-episode-152,"Episode 152 Mar 14, 2022 like 113,990 #152",266,126,140,160,115,253,https://www.webtoons.com/en/action/eleceed/episode-152/viewer?title_no=1571&episode_no=152
eleceed,Eleceed,153,episode-000153-episode-153,"Episode 153 Mar 21, 2022 like 116,793 #153",270,126,144,160,119,257,https://www.webtoons.com/en/action/eleceed/episode-153/viewer?title_no=1571&episode_no=153
eleceed,Eleceed,154,episode-000154-episode-154,"Episode 154 Mar 28, 2022 like 138,708 #154",276,129,147,700,1,134,https://www.webtoons.com/en/action/eleceed/episode-154/viewer?title_no=1571&episode_no=154
eleceed,Eleceed,155,episode-000155-episode-155,"Episode 155 Apr 4, 2022 like 122,293 #155",239,126,113,160,88,226,https://www.webtoons.com/en/action/eleceed/episode-155/viewer?title_no=1571&episode_no=155
eleceed,Eleceed,156,episode-000156-episode-156,"Episode 156 Apr 11, 2022 like 119,993 #156",241,126,115,160,89,227,https://www.webtoons.com/en/action/eleceed/episode-156/viewer?title_no=1571&episode_no=156
eleceed,Eleceed,157,episode-000157-episode-157,"Episode 157 Apr 18, 2022 like 111,898 #157",250,126,124,160,98,236,https://www.webtoons.com/en/action/eleceed/episode-157/viewer?title_no=1571&episode_no=157
eleceed,Eleceed,158,episode-000158-episode-158,"Episode 158 Apr 25, 2022 like 114,414 #158",265,126,139,160,114,252,https://www.webtoons.com/en/action/eleceed/episode-158/viewer?title_no=1571&episode_no=158
eleceed,Eleceed,159,episode-000159-episode-159,"Episode 159 May 2, 2022 like 124,157 #159",272,126,146,160,121,259,https://www.webtoons.com/en/action/eleceed/episode-159/viewer?title_no=1571&episode_no=159
eleceed,Eleceed,160,episode-000160-episode-160,"Episode 160 May 9, 2022 like 113,924 #160",243,126,117,160,92,230,https://www.webtoons.com/en/action/eleceed/episode-160/viewer?title_no=1571&episode_no=160
eleceed,Eleceed,161,episode-000161-episode-161,"Episode 161 May 16, 2022 like 121,143 #161",263,126,137,160,112,250,https://www.webtoons.com/en/action/eleceed/episode-161/viewer?title_no=1571&episode_no=161
eleceed,Eleceed,162,episode-000162-episode-162,"Episode 162 May 23, 2022 like 118,120 #162",245,126,119,160,93,231,https://www.webtoons.com/en/action/eleceed/episode-162/viewer?title_no=1571&episode_no=162
eleceed,Eleceed,163,episode-000163-episode-163,"Episode 163 May 30, 2022 like 123,630 #163",250,126,124,160,98,236,https://www.webtoons.com/en/action/eleceed/episode-163/viewer?title_no=1571&episode_no=163
eleceed,Eleceed,164,episode-000164-episode-164,"Episode 164 Jun 6, 2022 like 113,033 #164",239,126,113,160,88,226,https://www.webtoons.com/en/action/eleceed/episode-164/viewer?title_no=1571&episode_no=164
eleceed,Eleceed,165,episode-000165-episode-165,"Episode 165 Jun 13, 2022 like 116,662 #165",248,126,122,160,97,235,https://www.webtoons.com/en/action/eleceed/episode-165/viewer?title_no=1571&episode_no=165
eleceed,Eleceed,166,episode-000166-episode-166,"Episode 166 Jun 20, 2022 like 115,278 #166",250,126,124,160,99,237,https://www.webtoons.com/en/action/eleceed/episode-166/viewer?title_no=1571&episode_no=166
eleceed,Eleceed,167,episode-000167-episode-167,"Episode 167 Jun 27, 2022 like 108,467 #167",249,126,123,160,98,236,https://www.webtoons.com/en/action/eleceed/episode-167/viewer?title_no=1571&episode_no=167
eleceed,Eleceed,168,episode-000168-episode-168,"Episode 168 Jul 4, 2022 like 109,966 #168",252,126,126,160,101,239,https://www.webtoons.com/en/action/eleceed/episode-168/viewer?title_no=1571&episode_no=168
eleceed,Eleceed,169,episode-000169-episode-169,"Episode 169 Jul 11, 2022 like 109,886 #169",251,126,125,160,100,238,https://www.webtoons.com/en/action/eleceed/episode-169/viewer?title_no=1571&episode_no=169
eleceed,Eleceed,170,episode-000170-episode-170,"Episode 170 Jul 18, 2022 like 108,253 #170",247,126,121,160,96,234,https://www.webtoons.com/en/action/eleceed/episode-170/viewer?title_no=1571&episode_no=170
eleceed,Eleceed,171,episode-000171-episode-171,"Episode 171 Jul 25, 2022 like 115,346 #171",256,126,130,160,105,243,https://www.webtoons.com/en/action/eleceed/episode-171/viewer?title_no=1571&episode_no=171
eleceed,Eleceed,172,episode-000172-episode-172,"Episode 172 Aug 1, 2022 like 111,826 #172",236,126,110,160,85,223,https://www.webtoons.com/en/action/eleceed/episode-172/viewer?title_no=1571&episode_no=172
eleceed,Eleceed,173,episode-000173-episode-173,"Episode 173 Aug 8, 2022 like 104,342 #173",233,126,107,160,82,220,https://www.webtoons.com/en/action/eleceed/episode-173/viewer?title_no=1571&episode_no=173
eleceed,Eleceed,174,episode-000174-episode-174,"Episode 174 Aug 15, 2022 like 104,420 #174",235,126,109,160,84,222,https://www.webtoons.com/en/action/eleceed/episode-174/viewer?title_no=1571&episode_no=174
eleceed,Eleceed,175,episode-000175-episode-175,"Episode 175 Aug 22, 2022 like 107,439 #175",284,122,162,700,1,138,https://www.webtoons.com/en/action/eleceed/episode-175/viewer?title_no=1571&episode_no=175
eleceed,Eleceed,176,episode-000176-episode-176,"Episode 176 Aug 29, 2022 like 107,231 #176",237,126,111,160,85,223,https://www.webtoons.com/en/action/eleceed/episode-176/viewer?title_no=1571&episode_no=176
eleceed,Eleceed,177,episode-000177-episode-177,"Episode 177 Sep 5, 2022 like 110,280 #177",225,126,99,160,74,212,https://www.webtoons.com/en/action/eleceed/episode-177/viewer?title_no=1571&episode_no=177
eleceed,Eleceed,178,episode-000178-episode-178,"Episode 178 Sep 12, 2022 like 107,562 #178",229,126,103,160,78,216,https://www.webtoons.com/en/action/eleceed/episode-178/viewer?title_no=1571&episode_no=178
eleceed,Eleceed,179,episode-000179-episode-179,"Episode 179 Sep 19, 2022 like 105,855 #179",230,126,104,160,79,217,https://www.webtoons.com/en/action/eleceed/episode-179/viewer?title_no=1571&episode_no=179
eleceed,Eleceed,180,episode-000180-episode-180,"Episode 180 Sep 26, 2022 like 99,701 #180",225,126,99,160,74,212,https://www.webtoons.com/en/action/eleceed/episode-180/viewer?title_no=1571&episode_no=180
eleceed,Eleceed,181,episode-000181-episode-181,"Episode 181 Oct 3, 2022 like 96,828 #181",237,126,111,160,86,224,https://www.webtoons.com/en/action/eleceed/episode-181/viewer?title_no=1571&episode_no=181
eleceed,Eleceed,182,episode-000182-episode-182,"Episode 182 Oct 10, 2022 like 97,624 #182",240,126,114,160,89,227,https://www.webtoons.com/en/action/eleceed/episode-182/viewer?title_no=1571&episode_no=182
eleceed,Eleceed,183,episode-000183-episode-183,"Episode 183 Oct 17, 2022 like 97,841 #183",259,126,133,160,108,246,https://www.webtoons.com/en/action/eleceed/episode-183/viewer?title_no=1571&episode_no=183
eleceed,Eleceed,184,episode-000184-episode-184,"Episode 184 Oct 24, 2022 like 97,646 #184",256,126,130,160,105,243,https://www.webtoons.com/en/action/eleceed/episode-184/viewer?title_no=1571&episode_no=184
eleceed,Eleceed,185,episode-000185-episode-185,"Episode 185 Oct 31, 2022 like 97,598 #185",241,126,115,160,90,228,https://www.webtoons.com/en/action/eleceed/episode-185/viewer?title_no=1571&episode_no=185
eleceed,Eleceed,186,episode-000186-episode-186,"Episode 186 Nov 7, 2022 like 102,824 #186",236,126,110,160,84,222,https://www.webtoons.com/en/action/eleceed/episode-186/viewer?title_no=1571&episode_no=186
eleceed,Eleceed,187,episode-000187-episode-187,"Episode 187 Nov 14, 2022 like 98,977 #187",223,126,97,160,72,210,https://www.webtoons.com/en/action/eleceed/episode-187/viewer?title_no=1571&episode_no=187
eleceed,Eleceed,188,episode-000188-episode-188,"Episode 188 Nov 21, 2022 like 95,978 #188",232,126,106,160,81,219,https://www.webtoons.com/en/action/eleceed/episode-188/viewer?title_no=1571&episode_no=188
eleceed,Eleceed,189,episode-000189-episode-189,"Episode 189 Nov 28, 2022 like 97,283 #189",236,126,110,160,85,223,https://www.webtoons.com/en/action/eleceed/episode-189/viewer?title_no=1571&episode_no=189
eleceed,Eleceed,190,episode-000190-episode-190,"Episode 190 Dec 5, 2022 like 98,067 #190",229,126,103,160,78,216,https://www.webtoons.com/en/action/eleceed/episode-190/viewer?title_no=1571&episode_no=190
eleceed,Eleceed,191,episode-000191-episode-191,"Episode 191 Dec 12, 2022 like 93,573 #191",231,126,105,160,80,218,https://www.webtoons.com/en/action/eleceed/episode-191/viewer?title_no=1571&episode_no=191
eleceed,Eleceed,192,episode-000192-episode-192,"Episode 192 Dec 19, 2022 like 94,157 #192",226,126,100,160,75,213,https://www.webtoons.com/en/action/eleceed/episode-192/viewer?title_no=1571&episode_no=192
eleceed,Eleceed,193,episode-000193-episode-193,"Episode 193 Dec 26, 2022 like 94,732 #193",235,126,109,160,84,222,https://www.webtoons.com/en/action/eleceed/episode-193/viewer?title_no=1571&episode_no=193
eleceed,Eleceed,194,episode-000194-episode-194,"Episode 194 Jan 2, 2023 like 96,804 #194",247,126,121,160,96,234,https://www.webtoons.com/en/action/eleceed/episode-194/viewer?title_no=1571&episode_no=194
eleceed,Eleceed,195,episode-000195-episode-195,"Episode 195 Jan 9, 2023 like 95,206 #195",240,126,114,160,88,226,https://www.webtoons.com/en/action/eleceed/episode-195/viewer?title_no=1571&episode_no=195
eleceed,Eleceed,196,episode-000196-episode-196,"Episode 196 Jan 16, 2023 like 93,664 #196",226,126,100,160,75,213,https://www.webtoons.com/en/action/eleceed/episode-196/viewer?title_no=1571&episode_no=196
eleceed,Eleceed,197,episode-000197-episode-197,"Episode 197 Jan 23, 2023 like 91,878 #197",241,126,115,160,90,228,https://www.webtoons.com/en/action/eleceed/episode-197/viewer?title_no=1571&episode_no=197
eleceed,Eleceed,198,episode-000198-episode-198,"Episode 198 Jan 30, 2023 like 96,442 #198",254,126,128,160,103,241,https://www.webtoons.com/en/action/eleceed/episode-198/viewer?title_no=1571&episode_no=198
eleceed,Eleceed,199,episode-000199-episode-199,"Episode 199 Feb 6, 2023 like 97,338 #199",238,126,112,160,87,225,https://www.webtoons.com/en/action/eleceed/episode-199/viewer?title_no=1571&episode_no=199
eleceed,Eleceed,200,episode-000200-episode-200,"Episode 200 Feb 13, 2023 like 97,993 #200",235,126,109,160,84,222,https://www.webtoons.com/en/action/eleceed/episode-200/viewer?title_no=1571&episode_no=200
eleceed,Eleceed,201,episode-000201-episode-201,"Episode 201 Feb 20, 2023 like 93,276 #201",234,126,108,160,83,221,https://www.webtoons.com/en/action/eleceed/episode-201/viewer?title_no=1571&episode_no=201
eleceed,Eleceed,202,episode-000202-episode-202,"Episode 202 Feb 27, 2023 like 94,677 #202",241,126,115,160,90,228,https://www.webtoons.com/en/action/eleceed/episode-202/viewer?title_no=1571&episode_no=202
eleceed,Eleceed,203,episode-000203-episode-203,"Episode 203 Mar 6, 2023 like 90,923 #203",260,126,134,160,109,247,https://www.webtoons.com/en/action/eleceed/episode-203/viewer?title_no=1571&episode_no=203
eleceed,Eleceed,204,episode-000204-episode-204,"Episode 204 Mar 13, 2023 like 90,061 #204",248,126,122,160,97,235,https://www.webtoons.com/en/action/eleceed/episode-204/viewer?title_no=1571&episode_no=204
eleceed,Eleceed,205,episode-000205-episode-205,"Episode 205 Mar 20, 2023 like 91,821 #205",253,126,127,160,102,240,https://www.webtoons.com/en/action/eleceed/episode-205/viewer?title_no=1571&episode_no=205
eleceed,Eleceed,206,episode-000206-episode-206,"Episode 206 Mar 27, 2023 like 90,375 #206",248,126,122,160,97,235,https://www.webtoons.com/en/action/eleceed/episode-206/viewer?title_no=1571&episode_no=206
eleceed,Eleceed,207,episode-000207-episode-207,"Episode 207 Apr 3, 2023 like 89,371 #207",241,126,115,160,90,228,https://www.webtoons.com/en/action/eleceed/episode-207/viewer?title_no=1571&episode_no=207
eleceed,Eleceed,208,episode-000208-episode-208,"Episode 208 Apr 10, 2023 like 91,780 #208",250,126,124,160,98,236,https://www.webtoons.com/en/action/eleceed/episode-208/viewer?title_no=1571&episode_no=208
eleceed,Eleceed,209,episode-000209-episode-209,"Episode 209 Apr 17, 2023 like 87,161 #209",254,126,128,160,102,240,https://www.webtoons.com/en/action/eleceed/episode-209/viewer?title_no=1571&episode_no=209
eleceed,Eleceed,210,episode-000210-episode-210,"Episode 210 Apr 24, 2023 like 96,290 #210",259,126,133,160,108,246,https://www.webtoons.com/en/action/eleceed/episode-210/viewer?title_no=1571&episode_no=210
eleceed,Eleceed,211,episode-000211-episode-211,"Episode 211 May 1, 2023 like 96,648 #211",253,126,127,160,102,240,https://www.webtoons.com/en/action/eleceed/episode-211/viewer?title_no=1571&episode_no=211
eleceed,Eleceed,212,episode-000212-episode-212,"Episode 212 May 8, 2023 like 94,103 #212",243,126,117,160,92,230,https://www.webtoons.com/en/action/eleceed/episode-212/viewer?title_no=1571&episode_no=212
eleceed,Eleceed,213,episode-000213-episode-213,"Episode 213 May 15, 2023 like 91,264 #213",256,126,130,160,105,243,https://www.webtoons.com/en/action/eleceed/episode-213/viewer?title_no=1571&episode_no=213
eleceed,Eleceed,214,episode-000214-episode-214,"Episode 214 May 22, 2023 like 93,459 #214",247,126,121,160,96,234,https://www.webtoons.com/en/action/eleceed/episode-214/viewer?title_no=1571&episode_no=214
eleceed,Eleceed,215,episode-000215-episode-215,"Episode 215 May 29, 2023 like 88,877 #215",232,126,106,160,81,219,https://www.webtoons.com/en/action/eleceed/episode-215/viewer?title_no=1571&episode_no=215
eleceed,Eleceed,216,episode-000216-episode-216,"Episode 216 Jun 5, 2023 like 87,096 #216",231,126,105,160,80,218,https://www.webtoons.com/en/action/eleceed/episode-216/viewer?title_no=1571&episode_no=216
eleceed,Eleceed,217,episode-000217-episode-217,"Episode 217 Jun 12, 2023 like 88,130 #217",253,126,127,160,102,240,https://www.webtoons.com/en/action/eleceed/episode-217/viewer?title_no=1571&episode_no=217
eleceed,Eleceed,218,episode-000218-episode-218,"Episode 218 Jun 19, 2023 like 85,395 #218",237,126,111,160,86,224,https://www.webtoons.com/en/action/eleceed/episode-218/viewer?title_no=1571&episode_no=218
eleceed,Eleceed,219,episode-000219-episode-219,"Episode 219 Jun 26, 2023 like 82,460 #219",239,126,113,160,88,226,https://www.webtoons.com/en/action/eleceed/episode-219/viewer?title_no=1571&episode_no=219
eleceed,Eleceed,220,episode-000220-episode-220,"Episode 220 Jul 3, 2023 like 82,738 #220",242,126,116,160,91,229,https://www.webtoons.com/en/action/eleceed/episode-220/viewer?title_no=1571&episode_no=220
eleceed,Eleceed,221,episode-000221-episode-221,"Episode 221 Jul 10, 2023 like 81,919 #221",257,126,131,160,106,244,https://www.webtoons.com/en/action/eleceed/episode-221/viewer?title_no=1571&episode_no=221
eleceed,Eleceed,222,episode-000222-episode-222,"Episode 222 Jul 17, 2023 like 83,338 #222",252,126,126,160,101,239,https://www.webtoons.com/en/action/eleceed/episode-222/viewer?title_no=1571&episode_no=222
eleceed,Eleceed,223,episode-000223-episode-223,"Episode 223 Jul 24, 2023 like 83,231 #223",251,126,125,160,100,238,https://www.webtoons.com/en/action/eleceed/episode-223/viewer?title_no=1571&episode_no=223
eleceed,Eleceed,224,episode-000224-episode-224,"Episode 224 Jul 31, 2023 like 78,729 #224",251,126,125,160,100,238,https://www.webtoons.com/en/action/eleceed/episode-224/viewer?title_no=1571&episode_no=224
eleceed,Eleceed,225,episode-000225-episode-225,"Episode 225 Aug 7, 2023 like 79,669 #225",260,126,134,160,109,247,https://www.webtoons.com/en/action/eleceed/episode-225/viewer?title_no=1571&episode_no=225
eleceed,Eleceed,226,episode-000226-episode-226,"Episode 226 Aug 14, 2023 like 85,083 #226",249,126,123,160,98,236,https://www.webtoons.com/en/action/eleceed/episode-226/viewer?title_no=1571&episode_no=226
eleceed,Eleceed,227,episode-000227-episode-227,"Episode 227 Aug 21, 2023 like 81,780 #227",241,126,115,160,90,228,https://www.webtoons.com/en/action/eleceed/episode-227/viewer?title_no=1571&episode_no=227
eleceed,Eleceed,228,episode-000228-episode-228,"Episode 228 Aug 28, 2023 like 87,505 #228",237,126,111,160,86,224,https://www.webtoons.com/en/action/eleceed/episode-228/viewer?title_no=1571&episode_no=228
eleceed,Eleceed,229,episode-000229-episode-229,"Episode 229 Sep 4, 2023 like 80,897 #229",245,126,119,160,94,232,https://www.webtoons.com/en/action/eleceed/episode-229/viewer?title_no=1571&episode_no=229
eleceed,Eleceed,230,episode-000230-episode-230,"Episode 230 Sep 11, 2023 like 78,072 #230",241,126,115,160,90,228,https://www.webtoons.com/en/action/eleceed/episode-230/viewer?title_no=1571&episode_no=230
eleceed,Eleceed,231,episode-000231-episode-231,"Episode 231 Sep 18, 2023 like 75,185 #231",241,126,115,160,90,228,https://www.webtoons.com/en/action/eleceed/episode-231/viewer?title_no=1571&episode_no=231
eleceed,Eleceed,232,episode-000232-episode-232,"Episode 232 Sep 25, 2023 like 76,474 #232",247,126,121,160,96,234,https://www.webtoons.com/en/action/eleceed/episode-232/viewer?title_no=1571&episode_no=232
eleceed,Eleceed,233,episode-000233-episode-233,"Episode 233 Oct 2, 2023 like 79,560 #233",250,126,124,160,99,237,https://www.webtoons.com/en/action/eleceed/episode-233/viewer?title_no=1571&episode_no=233
eleceed,Eleceed,234,episode-000234-episode-234,"Episode 234 Oct 9, 2023 like 74,683 #234",237,126,111,160,86,224,https://www.webtoons.com/en/action/eleceed/episode-234/viewer?title_no=1571&episode_no=234
eleceed,Eleceed,235,episode-000235-episode-235,"Episode 235 Oct 16, 2023 like 79,491 #235",248,126,122,160,97,235,https://www.webtoons.com/en/action/eleceed/episode-235/viewer?title_no=1571&episode_no=235
eleceed,Eleceed,236,episode-000236-episode-236,"Episode 236 Oct 23, 2023 like 83,784 #236",251,126,125,160,100,238,https://www.webtoons.com/en/action/eleceed/episode-236/viewer?title_no=1571&episode_no=236
eleceed,Eleceed,237,episode-000237-episode-237,"Episode 237 Oct 30, 2023 like 76,342 #237",238,126,112,160,87,225,https://www.webtoons.com/en/action/eleceed/episode-237/viewer?title_no=1571&episode_no=237
eleceed,Eleceed,238,episode-000238-episode-238,"Episode 238 Nov 6, 2023 like 76,907 #238",247,126,121,160,96,234,https://www.webtoons.com/en/action/eleceed/episode-238/viewer?title_no=1571&episode_no=238
eleceed,Eleceed,239,episode-000239-episode-239,"Episode 239 Nov 13, 2023 like 73,693 #239",233,126,107,160,82,220,https://www.webtoons.com/en/action/eleceed/episode-239/viewer?title_no=1571&episode_no=239
eleceed,Eleceed,240,episode-000240-episode-240,"Episode 240 Nov 20, 2023 like 74,038 #240",246,126,120,160,94,232,https://www.webtoons.com/en/action/eleceed/episode-240/viewer?title_no=1571&episode_no=240
eleceed,Eleceed,241,episode-000241-episode-241,"Episode 241 Nov 27, 2023 like 72,558 #241",240,126,114,160,89,227,https://www.webtoons.com/en/action/eleceed/episode-241/viewer?title_no=1571&episode_no=241
eleceed,Eleceed,242,episode-000242-episode-242,"Episode 242 Dec 4, 2023 like 73,841 #242",248,126,122,160,97,235,https://www.webtoons.com/en/action/eleceed/episode-242/viewer?title_no=1571&episode_no=242
eleceed,Eleceed,243,episode-000243-episode-243,"Episode 243 Dec 11, 2023 like 73,037 #243",243,126,117,160,92,230,https://www.webtoons.com/en/action/eleceed/episode-243/viewer?title_no=1571&episode_no=243
eleceed,Eleceed,244,episode-000244-episode-244,"Episode 244 Dec 18, 2023 like 71,349 #244",249,126,123,160,98,236,https://www.webtoons.com/en/action/eleceed/episode-244/viewer?title_no=1571&episode_no=244
eleceed,Eleceed,245,episode-000245-episode-245,"Episode 245 Dec 25, 2023 like 70,698 #245",247,126,121,160,96,234,https://www.webtoons.com/en/action/eleceed/episode-245/viewer?title_no=1571&episode_no=245
eleceed,Eleceed,246,episode-000246-episode-246,"Episode 246 Jan 1, 2024 like 73,007 #246",259,126,133,160,108,246,https://www.webtoons.com/en/action/eleceed/episode-246/viewer?title_no=1571&episode_no=246
eleceed,Eleceed,247,episode-000247-episode-247,"Episode 247 Jan 8, 2024 like 75,227 #247",245,126,119,160,94,232,https://www.webtoons.com/en/action/eleceed/episode-247/viewer?title_no=1571&episode_no=247
eleceed,Eleceed,248,episode-000248-episode-248,"Episode 248 Jan 15, 2024 like 73,261 #248",250,126,124,160,99,237,https://www.webtoons.com/en/action/eleceed/episode-248/viewer?title_no=1571&episode_no=248
eleceed,Eleceed,249,episode-000249-episode-249,"Episode 249 Jan 22, 2024 like 71,137 #249",244,126,118,160,93,231,https://www.webtoons.com/en/action/eleceed/episode-249/viewer?title_no=1571&episode_no=249
eleceed,Eleceed,250,episode-000250-episode-250,"Episode 250 Jan 29, 2024 like 68,777 #250",258,126,132,160,107,245,https://www.webtoons.com/en/action/eleceed/episode-250/viewer?title_no=1571&episode_no=250
eleceed,Eleceed,251,episode-000251-episode-251,"Episode 251 Feb 5, 2024 like 68,884 #251",255,126,129,160,104,242,https://www.webtoons.com/en/action/eleceed/episode-251/viewer?title_no=1571&episode_no=251
eleceed,Eleceed,252,episode-000252-episode-252,"Episode 252 Feb 12, 2024 like 73,314 #252",234,126,108,160,83,221,https://www.webtoons.com/en/action/eleceed/episode-252/viewer?title_no=1571&episode_no=252
eleceed,Eleceed,253,episode-000253-episode-253,"Episode 253 Feb 19, 2024 like 70,354 #253",246,126,120,160,95,233,https://www.webtoons.com/en/action/eleceed/episode-253/viewer?title_no=1571&episode_no=253
eleceed,Eleceed,254,episode-000254-episode-254,"Episode 254 Feb 26, 2024 like 73,979 #254",238,126,112,160,87,225,https://www.webtoons.com/en/action/eleceed/episode-254/viewer?title_no=1571&episode_no=254
eleceed,Eleceed,255,episode-000255-episode-255,"Episode 255 Mar 4, 2024 like 66,963 #255",244,126,118,160,93,231,https://www.webtoons.com/en/action/eleceed/episode-255/viewer?title_no=1571&episode_no=255
eleceed,Eleceed,256,episode-000256-episode-256,"Episode 256 Mar 11, 2024 like 65,194 #256",236,126,110,160,84,222,https://www.webtoons.com/en/action/eleceed/episode-256/viewer?title_no=1571&episode_no=256
eleceed,Eleceed,257,episode-000257-episode-257,"Episode 257 Mar 18, 2024 like 67,294 #257",240,126,114,160,89,227,https://www.webtoons.com/en/action/eleceed/episode-257/viewer?title_no=1571&episode_no=257
eleceed,Eleceed,258,episode-000258-episode-258,"Episode 258 Mar 25, 2024 like 71,062 #258",248,126,122,160,97,235,https://www.webtoons.com/en/action/eleceed/episode-258/viewer?title_no=1571&episode_no=258
eleceed,Eleceed,259,episode-000259-episode-259,"Episode 259 Apr 1, 2024 like 72,920 #259",244,126,118,160,93,231,https://www.webtoons.com/en/action/eleceed/episode-259/viewer?title_no=1571&episode_no=259
eleceed,Eleceed,260,episode-000260-episode-260,"Episode 260 Apr 8, 2024 like 70,975 #260",267,126,141,160,116,254,https://www.webtoons.com/en/action/eleceed/episode-260/viewer?title_no=1571&episode_no=260
eleceed,Eleceed,261,episode-000261-episode-261,"Episode 261 Apr 15, 2024 like 75,948 #261",235,126,109,160,83,221,https://www.webtoons.com/en/action/eleceed/episode-261/viewer?title_no=1571&episode_no=261
eleceed,Eleceed,262,episode-000262-episode-262,"Episode 262 Apr 22, 2024 like 68,048 #262",246,126,120,160,94,232,https://www.webtoons.com/en/action/eleceed/episode-262/viewer?title_no=1571&episode_no=262
eleceed,Eleceed,263,episode-000263-episode-263,"Episode 263 Apr 29, 2024 like 64,001 #263",244,126,118,160,93,231,https://www.webtoons.com/en/action/eleceed/episode-263/viewer?title_no=1571&episode_no=263
eleceed,Eleceed,264,episode-000264-episode-264,"Episode 264 May 1, 2024 like 63,134 #264",246,126,120,160,95,233,https://www.webtoons.com/en/action/eleceed/episode-264/viewer?title_no=1571&episode_no=264
eleceed,Eleceed,265,episode-000265-episode-265,"Episode 265 May 2, 2024 like 64,627 #265",237,126,111,160,86,224,https://www.webtoons.com/en/action/eleceed/episode-265/viewer?title_no=1571&episode_no=265
eleceed,Eleceed,266,episode-000266-episode-266,"Episode 266 May 3, 2024 like 65,660 #266",243,126,117,160,92,230,https://www.webtoons.com/en/action/eleceed/episode-266/viewer?title_no=1571&episode_no=266
eleceed,Eleceed,267,episode-000267-episode-267,"Episode 267 May 4, 2024 like 66,235 #267",239,126,113,160,88,226,https://www.webtoons.com/en/action/eleceed/episode-267/viewer?title_no=1571&episode_no=267
eleceed,Eleceed,268,episode-000268-episode-268,"Episode 268 May 5, 2024 like 62,844 #268",239,126,113,160,88,226,https://www.webtoons.com/en/action/eleceed/episode-268/viewer?title_no=1571&episode_no=268
eleceed,Eleceed,269,episode-000269-episode-269,"Episode 269 May 6, 2024 like 66,172 #269",258,126,132,160,106,244,https://www.webtoons.com/en/action/eleceed/episode-269/viewer?title_no=1571&episode_no=269
eleceed,Eleceed,270,episode-000270-episode-270,"Episode 270 May 13, 2024 like 63,340 #270",253,126,127,160,102,240,https://www.webtoons.com/en/action/eleceed/episode-270/viewer?title_no=1571&episode_no=270
eleceed,Eleceed,271,episode-000271-episode-271,"Episode 271 May 20, 2024 like 62,047 #271",258,126,132,160,107,245,https://www.webtoons.com/en/action/eleceed/episode-271/viewer?title_no=1571&episode_no=271
eleceed,Eleceed,272,episode-000272-episode-272,"Episode 272 May 27, 2024 like 65,889 #272",258,126,132,160,107,245,https://www.webtoons.com/en/action/eleceed/episode-272/viewer?title_no=1571&episode_no=272
eleceed,Eleceed,273,episode-000273-episode-273,"Episode 273 May 29, 2024 like 66,714 #273",279,131,148,690,1,136,https://www.webtoons.com/en/action/eleceed/episode-273/viewer?title_no=1571&episode_no=273
eleceed,Eleceed,274,episode-000274-episode-274,"Episode 274 May 30, 2024 like 69,138 #274",291,143,148,690,1,148,https://www.webtoons.com/en/action/eleceed/episode-274/viewer?title_no=1571&episode_no=274
eleceed,Eleceed,275,episode-000275-episode-275,"Episode 275 May 31, 2024 like 68,475 #275",244,126,118,160,93,231,https://www.webtoons.com/en/action/eleceed/episode-275/viewer?title_no=1571&episode_no=275
eleceed,Eleceed,276,episode-000276-episode-276,"Episode 276 Jun 1, 2024 like 63,782 #276",261,126,135,160,110,248,https://www.webtoons.com/en/action/eleceed/episode-276/viewer?title_no=1571&episode_no=276
eleceed,Eleceed,277,episode-000277-episode-277,"Episode 277 Jun 2, 2024 like 66,382 #277",265,126,139,160,114,252,https://www.webtoons.com/en/action/eleceed/episode-277/viewer?title_no=1571&episode_no=277
eleceed,Eleceed,278,episode-000278-episode-278,"Episode 278 Jun 3, 2024 like 67,733 #278",255,126,129,160,104,242,https://www.webtoons.com/en/action/eleceed/episode-278/viewer?title_no=1571&episode_no=278
eleceed,Eleceed,279,episode-000279-episode-279,"Episode 279 Jun 10, 2024 like 69,580 #279",255,126,129,160,104,242,https://www.webtoons.com/en/action/eleceed/episode-279/viewer?title_no=1571&episode_no=279
eleceed,Eleceed,280,episode-000280-episode-280,"Episode 280 Jun 17, 2024 like 67,423 #280",256,126,130,160,105,243,https://www.webtoons.com/en/action/eleceed/episode-280/viewer?title_no=1571&episode_no=280
eleceed,Eleceed,281,episode-000281-episode-281,"Episode 281 Jun 24, 2024 like 64,249 #281",250,126,124,160,99,237,https://www.webtoons.com/en/action/eleceed/episode-281/viewer?title_no=1571&episode_no=281
eleceed,Eleceed,282,episode-000282-episode-282,"Episode 282 Jun 25, 2024 like 63,278 #282",264,126,138,160,113,251,https://www.webtoons.com/en/action/eleceed/episode-282/viewer?title_no=1571&episode_no=282
eleceed,Eleceed,283,episode-000283-episode-283,"Episode 283 Jun 26, 2024 like 62,292 #283",252,126,126,160,101,239,https://www.webtoons.com/en/action/eleceed/episode-283/viewer?title_no=1571&episode_no=283
eleceed,Eleceed,284,episode-000284-episode-284,"Episode 284 Jun 27, 2024 like 67,819 #284",254,126,128,160,103,241,https://www.webtoons.com/en/action/eleceed/episode-284/viewer?title_no=1571&episode_no=284
eleceed,Eleceed,285,episode-000285-episode-285,"Episode 285 Jun 28, 2024 like 68,127 #285",248,126,122,160,97,235,https://www.webtoons.com/en/action/eleceed/episode-285/viewer?title_no=1571&episode_no=285
eleceed,Eleceed,286,episode-000286-episode-286,"Episode 286 Jun 29, 2024 like 64,497 #286",259,126,133,160,108,246,https://www.webtoons.com/en/action/eleceed/episode-286/viewer?title_no=1571&episode_no=286
eleceed,Eleceed,287,episode-000287-episode-287,"Episode 287 Jun 30, 2024 like 62,397 #287",260,126,134,160,109,247,https://www.webtoons.com/en/action/eleceed/episode-287/viewer?title_no=1571&episode_no=287
eleceed,Eleceed,288,episode-000288-episode-288,"Episode 288 Jul 1, 2024 like 67,355 #288",248,126,122,160,97,235,https://www.webtoons.com/en/action/eleceed/episode-288/viewer?title_no=1571&episode_no=288
eleceed,Eleceed,289,episode-000289-episode-289,"Episode 289 Jul 8, 2024 like 69,341 #289",240,126,114,160,89,227,https://www.webtoons.com/en/action/eleceed/episode-289/viewer?title_no=1571&episode_no=289
eleceed,Eleceed,290,episode-000290-episode-290,"Episode 290 Jul 15, 2024 like 61,420 #290",253,126,127,160,102,240,https://www.webtoons.com/en/action/eleceed/episode-290/viewer?title_no=1571&episode_no=290
eleceed,Eleceed,291,episode-000291-episode-291,"Episode 291 Jul 22, 2024 like 61,485 #291",238,126,112,160,87,225,https://www.webtoons.com/en/action/eleceed/episode-291/viewer?title_no=1571&episode_no=291
eleceed,Eleceed,292,episode-000292-episode-292,"Episode 292 Jul 29, 2024 like 60,610 #292",239,126,113,160,88,226,https://www.webtoons.com/en/action/eleceed/episode-292/viewer?title_no=1571&episode_no=292
eleceed,Eleceed,293,episode-000293-episode-293,"Episode 293 Aug 5, 2024 like 60,885 #293",290,143,147,690,1,148,https://www.webtoons.com/en/action/eleceed/episode-293/viewer?title_no=1571&episode_no=293
eleceed,Eleceed,294,episode-000294-episode-294,"Episode 294 Aug 12, 2024 like 61,538 #294",244,126,118,160,93,231,https://www.webtoons.com/en/action/eleceed/episode-294/viewer?title_no=1571&episode_no=294
eleceed,Eleceed,295,episode-000295-episode-295,"Episode 295 Aug 19, 2024 like 60,050 #295",242,126,116,160,91,229,https://www.webtoons.com/en/action/eleceed/episode-295/viewer?title_no=1571&episode_no=295
eleceed,Eleceed,296,episode-000296-episode-296,"Episode 296 Aug 26, 2024 like 61,833 #296",246,126,120,160,95,233,https://www.webtoons.com/en/action/eleceed/episode-296/viewer?title_no=1571&episode_no=296
eleceed,Eleceed,297,episode-000297-episode-297,"Episode 297 Sep 2, 2024 like 61,613 #297",255,126,129,160,104,242,https://www.webtoons.com/en/action/eleceed/episode-297/viewer?title_no=1571&episode_no=297
eleceed,Eleceed,298,episode-000298-episode-298,"Episode 298 Sep 9, 2024 like 60,964 #298",269,126,143,160,118,256,https://www.webtoons.com/en/action/eleceed/episode-298/viewer?title_no=1571&episode_no=298
eleceed,Eleceed,299,episode-000299-episode-299,"Episode 299 Sep 16, 2024 like 59,927 #299",263,126,137,160,112,250,https://www.webtoons.com/en/action/eleceed/episode-299/viewer?title_no=1571&episode_no=299
eleceed,Eleceed,300,episode-000300-episode-300,"Episode 300 Sep 23, 2024 like 61,729 #300",279,132,147,690,1,137,https://www.webtoons.com/en/action/eleceed/episode-300/viewer?title_no=1571&episode_no=300
eleceed,Eleceed,301,episode-000301-episode-301,"Episode 301 Sep 30, 2024 like 56,002 #301",274,126,148,690,1,131,https://www.webtoons.com/en/action/eleceed/episode-301/viewer?title_no=1571&episode_no=301
eleceed,Eleceed,302,episode-000302-episode-302,"Episode 302 Oct 7, 2024 like 57,058 #302",284,136,148,690,1,141,https://www.webtoons.com/en/action/eleceed/episode-302/viewer?title_no=1571&episode_no=302
eleceed,Eleceed,303,episode-000303-episode-303,"Episode 303 Oct 14, 2024 like 57,936 #303",273,126,147,160,121,259,https://www.webtoons.com/en/action/eleceed/episode-303/viewer?title_no=1571&episode_no=303
eleceed,Eleceed,304,episode-000304-episode-304,"Episode 304 Oct 21, 2024 like 60,655 #304",251,126,125,160,100,238,https://www.webtoons.com/en/action/eleceed/episode-304/viewer?title_no=1571&episode_no=304
eleceed,Eleceed,305,episode-000305-episode-305,"Episode 305 Oct 28, 2024 like 60,796 #305",275,127,148,690,1,132,https://www.webtoons.com/en/action/eleceed/episode-305/viewer?title_no=1571&episode_no=305
eleceed,Eleceed,306,episode-000306-episode-306,"Episode 306 Nov 4, 2024 like 60,246 #306",245,126,119,160,94,232,https://www.webtoons.com/en/action/eleceed/episode-306/viewer?title_no=1571&episode_no=306
eleceed,Eleceed,307,episode-000307-episode-307,"Episode 307 Nov 11, 2024 like 56,113 #307",260,126,134,160,109,247,https://www.webtoons.com/en/action/eleceed/episode-307/viewer?title_no=1571&episode_no=307
eleceed,Eleceed,308,episode-000308-episode-308,"Episode 308 Nov 18, 2024 like 55,294 #308",253,126,127,160,102,240,https://www.webtoons.com/en/action/eleceed/episode-308/viewer?title_no=1571&episode_no=308
eleceed,Eleceed,309,episode-000309-episode-309,"Episode 309 Nov 25, 2024 like 54,237 #309",253,126,127,160,102,240,https://www.webtoons.com/en/action/eleceed/episode-309/viewer?title_no=1571&episode_no=309
eleceed,Eleceed,310,episode-000310-episode-310,"Episode 310 Dec 2, 2024 like 55,563 #310",285,137,148,690,1,142,https://www.webtoons.com/en/action/eleceed/episode-310/viewer?title_no=1571&episode_no=310
eleceed,Eleceed,311,episode-000311-episode-311,"Episode 311 Dec 9, 2024 like 53,868 #311",270,126,144,160,119,257,https://www.webtoons.com/en/action/eleceed/episode-311/viewer?title_no=1571&episode_no=311
eleceed,Eleceed,312,episode-000312-episode-312,"Episode 312 Dec 16, 2024 like 54,985 #312",267,126,141,160,116,254,https://www.webtoons.com/en/action/eleceed/episode-312/viewer?title_no=1571&episode_no=312
eleceed,Eleceed,313,episode-000313-episode-313,"Episode 313 Dec 23, 2024 like 54,271 #313",266,126,140,160,115,253,https://www.webtoons.com/en/action/eleceed/episode-313/viewer?title_no=1571&episode_no=313
eleceed,Eleceed,314,episode-000314-episode-314,"Episode 314 Dec 30, 2024 like 58,010 #314",260,126,134,160,109,247,https://www.webtoons.com/en/action/eleceed/episode-314/viewer?title_no=1571&episode_no=314
eleceed,Eleceed,315,episode-000315-episode-315,"Episode 315 Jan 6, 2025 like 57,621 #315",271,126,145,160,120,258,https://www.webtoons.com/en/action/eleceed/episode-315/viewer?title_no=1571&episode_no=315
eleceed,Eleceed,316,episode-000316-episode-316,"Episode 316 Jan 13, 2025 like 55,364 #316",283,136,147,690,1,141,https://www.webtoons.com/en/action/eleceed/episode-316/viewer?title_no=1571&episode_no=316
eleceed,Eleceed,317,episode-000317-episode-317,"Episode 317 Jan 20, 2025 like 51,401 #317",262,126,136,160,110,248,https://www.webtoons.com/en/action/eleceed/episode-317/viewer?title_no=1571&episode_no=317
eleceed,Eleceed,318,episode-000318-episode-318,"Episode 318 Jan 27, 2025 like 54,755 #318",266,126,140,160,114,252,https://www.webtoons.com/en/action/eleceed/episode-318/viewer?title_no=1571&episode_no=318
eleceed,Eleceed,319,episode-000319-episode-319,"Episode 319 Feb 3, 2025 like 54,395 #319",257,126,131,160,106,244,https://www.webtoons.com/en/action/eleceed/episode-319/viewer?title_no=1571&episode_no=319
eleceed,Eleceed,320,episode-000320-episode-320,"Episode 320 Feb 10, 2025 like 52,448 #320",255,126,129,160,104,242,https://www.webtoons.com/en/action/eleceed/episode-320/viewer?title_no=1571&episode_no=320
eleceed,Eleceed,321,episode-000321-episode-321,"Episode 321 Feb 17, 2025 like 54,682 #321",245,126,119,160,94,232,https://www.webtoons.com/en/action/eleceed/episode-321/viewer?title_no=1571&episode_no=321
eleceed,Eleceed,322,episode-000322-episode-322,"Episode 322 Feb 24, 2025 like 52,788 #322",248,126,122,160,97,235,https://www.webtoons.com/en/action/eleceed/episode-322/viewer?title_no=1571&episode_no=322
eleceed,Eleceed,323,episode-000323-episode-323,"Episode 323 Mar 3, 2025 like 55,733 #323",253,126,127,160,102,240,https://www.webtoons.com/en/action/eleceed/episode-323/viewer?title_no=1571&episode_no=323
eleceed,Eleceed,324,episode-000324-episode-324,"Episode 324 Mar 10, 2025 like 51,635 #324",262,126,136,160,111,249,https://www.webtoons.com/en/action/eleceed/episode-324/viewer?title_no=1571&episode_no=324
eleceed,Eleceed,325,episode-000325-episode-325,"Episode 325 Mar 17, 2025 like 53,188 #325",248,126,122,160,97,235,https://www.webtoons.com/en/action/eleceed/episode-325/viewer?title_no=1571&episode_no=325
eleceed,Eleceed,326,episode-000326-episode-326,"Episode 326 Mar 24, 2025 like 49,969 #326",259,126,133,160,108,246,https://www.webtoons.com/en/action/eleceed/episode-326/viewer?title_no=1571&episode_no=326
eleceed,Eleceed,327,episode-000327-episode-327,"Episode 327 Mar 31, 2025 like 48,003 #327",267,126,141,160,116,254,https://www.webtoons.com/en/action/eleceed/episode-327/viewer?title_no=1571&episode_no=327
eleceed,Eleceed,328,episode-000328-episode-328,"Episode 328 Apr 7, 2025 like 49,591 #328",245,126,119,160,94,232,https://www.webtoons.com/en/action/eleceed/episode-328/viewer?title_no=1571&episode_no=328
eleceed,Eleceed,329,episode-000329-episode-329,"Episode 329 Apr 14, 2025 like 48,832 #329",249,126,123,160,98,236,https://www.webtoons.com/en/action/eleceed/episode-329/viewer?title_no=1571&episode_no=329
eleceed,Eleceed,330,episode-000330-episode-330,"Episode 330 Apr 21, 2025 like 48,503 #330",270,126,144,160,119,257,https://www.webtoons.com/en/action/eleceed/episode-330/viewer?title_no=1571&episode_no=330
eleceed,Eleceed,331,episode-000331-episode-331,"Episode 331 Apr 28, 2025 like 50,622 #331",258,126,132,160,107,245,https://www.webtoons.com/en/action/eleceed/episode-331/viewer?title_no=1571&episode_no=331
eleceed,Eleceed,332,episode-000332-episode-332,"Episode 332 May 5, 2025 like 49,852 #332",268,126,142,160,117,255,https://www.webtoons.com/en/action/eleceed/episode-332/viewer?title_no=1571&episode_no=332
eleceed,Eleceed,333,episode-000333-episode-333,"Episode 333 May 12, 2025 like 47,255 #333",275,127,148,690,1,132,https://www.webtoons.com/en/action/eleceed/episode-333/viewer?title_no=1571&episode_no=333
eleceed,Eleceed,334,episode-000334-episode-334,"Episode 334 May 19, 2025 like 47,425 #334",286,139,147,690,1,144,https://www.webtoons.com/en/action/eleceed/episode-334/viewer?title_no=1571&episode_no=334
eleceed,Eleceed,335,episode-000335-episode-335,"Episode 335 May 26, 2025 like 47,342 #335",261,126,135,160,110,248,https://www.webtoons.com/en/action/eleceed/episode-335/viewer?title_no=1571&episode_no=335
eleceed,Eleceed,336,episode-000336-episode-336,"Episode 336 Jun 2, 2025 like 47,564 #336",269,126,143,160,118,256,https://www.webtoons.com/en/action/eleceed/episode-336/viewer?title_no=1571&episode_no=336
eleceed,Eleceed,337,episode-000337-episode-337,"Episode 337 Jun 9, 2025 like 44,723 #337",256,126,130,160,105,243,https://www.webtoons.com/en/action/eleceed/episode-337/viewer?title_no=1571&episode_no=337
eleceed,Eleceed,338,episode-000338-episode-338,"Episode 338 Jun 16, 2025 like 44,499 #338",250,126,124,160,99,237,https://www.webtoons.com/en/action/eleceed/episode-338/viewer?title_no=1571&episode_no=338
eleceed,Eleceed,339,episode-000339-episode-339,"Episode 339 Jun 23, 2025 like 49,648 #339",244,126,118,160,93,231,https://www.webtoons.com/en/action/eleceed/episode-339/viewer?title_no=1571&episode_no=339
eleceed,Eleceed,340,episode-000340-episode-340,"Episode 340 Jun 30, 2025 like 47,480 #340",261,126,135,160,110,248,https://www.webtoons.com/en/action/eleceed/episode-340/viewer?title_no=1571&episode_no=340
eleceed,Eleceed,341,episode-000341-episode-341,"Episode 341 Jul 7, 2025 like 44,489 #341",258,126,132,160,106,244,https://www.webtoons.com/en/action/eleceed/episode-341/viewer?title_no=1571&episode_no=341
eleceed,Eleceed,342,episode-000342-episode-342,"Episode 342 Jul 14, 2025 like 46,852 #342",262,126,136,160,111,249,https://www.webtoons.com/en/action/eleceed/episode-342/viewer?title_no=1571&episode_no=342
eleceed,Eleceed,343,episode-000343-episode-343,"Episode 343 Jul 21, 2025 like 46,333 #343",263,126,137,160,112,250,https://www.webtoons.com/en/action/eleceed/episode-343/viewer?title_no=1571&episode_no=343
eleceed,Eleceed,344,episode-000344-episode-344,"Episode 344 Jul 28, 2025 like 46,009 #344",250,126,124,160,99,237,https://www.webtoons.com/en/action/eleceed/episode-344/viewer?title_no=1571&episode_no=344
eleceed,Eleceed,345,episode-000345-episode-345,"Episode 345 Aug 4, 2025 like 44,710 #345",249,126,123,160,98,236,https://www.webtoons.com/en/action/eleceed/episode-345/viewer?title_no=1571&episode_no=345
eleceed,Eleceed,346,episode-000346-episode-346,"Episode 346 Aug 11, 2025 like 42,592 #346",254,126,128,160,103,241,https://www.webtoons.com/en/action/eleceed/episode-346/viewer?title_no=1571&episode_no=346
eleceed,Eleceed,347,episode-000347-episode-347,"Episode 347 Aug 18, 2025 like 40,176 #347",259,126,133,160,108,246,https://www.webtoons.com/en/action/eleceed/episode-347/viewer?title_no=1571&episode_no=347
eleceed,Eleceed,348,episode-000348-episode-348,"Episode 348 Aug 25, 2025 like 38,699 #348",273,125,148,690,1,130,https://www.webtoons.com/en/action/eleceed/episode-348/viewer?title_no=1571&episode_no=348
eleceed,Eleceed,349,episode-000349-episode-349,"Episode 349 Sep 1, 2025 like 39,238 #349",265,126,139,160,113,251,https://www.webtoons.com/en/action/eleceed/episode-349/viewer?title_no=1571&episode_no=349
eleceed,Eleceed,350,episode-000350-episode-350,"Episode 350 Sep 8, 2025 like 39,827 #350",278,131,147,690,1,136,https://www.webtoons.com/en/action/eleceed/episode-350/viewer?title_no=1571&episode_no=350
eleceed,Eleceed,351,episode-000351-episode-351,"Episode 351 Sep 15, 2025 like 38,515 #351",262,126,136,160,111,249,https://www.webtoons.com/en/action/eleceed/episode-351/viewer?title_no=1571&episode_no=351
eleceed,Eleceed,352,episode-000352-episode-352,"Episode 352 Sep 22, 2025 like 38,655 #352",260,126,134,160,109,247,https://www.webtoons.com/en/action/eleceed/episode-352/viewer?title_no=1571&episode_no=352
eleceed,Eleceed,353,episode-000353-episode-353,"Episode 353 Sep 29, 2025 like 40,191 #353",275,127,148,690,1,132,https://www.webtoons.com/en/action/eleceed/episode-353/viewer?title_no=1571&episode_no=353
eleceed,Eleceed,354,episode-000354-episode-354,"Episode 354 Oct 6, 2025 like 39,016 #354",266,126,140,160,115,253,https://www.webtoons.com/en/action/eleceed/episode-354/viewer?title_no=1571&episode_no=354
eleceed,Eleceed,355,episode-000355-episode-355,"Episode 355 Oct 13, 2025 like 37,398 #355",260,126,134,160,109,247,https://www.webtoons.com/en/action/eleceed/episode-355/viewer?title_no=1571&episode_no=355
eleceed,Eleceed,356,episode-000356-episode-356,"Episode 356 Oct 20, 2025 like 38,043 #356",259,126,133,160,108,246,https://www.webtoons.com/en/action/eleceed/episode-356/viewer?title_no=1571&episode_no=356
eleceed,Eleceed,357,episode-000357-episode-357,"Episode 357 Oct 27, 2025 like 38,270 #357",276,129,147,690,1,134,https://www.webtoons.com/en/action/eleceed/episode-357/viewer?title_no=1571&episode_no=357
eleceed,Eleceed,358,episode-000358-episode-358,"Episode 358 Nov 3, 2025 like 36,787 #358",271,126,145,160,120,258,https://www.webtoons.com/en/action/eleceed/episode-358/viewer?title_no=1571&episode_no=358
eleceed,Eleceed,359,episode-000359-episode-359,"Episode 359 Nov 10, 2025 like 34,914 #359",271,126,145,160,120,258,https://www.webtoons.com/en/action/eleceed/episode-359/viewer?title_no=1571&episode_no=359
eleceed,Eleceed,360,episode-000360-episode-360,"Episode 360 Nov 17, 2025 like 36,526 #360",289,141,148,690,1,146,https://www.webtoons.com/en/action/eleceed/episode-360/viewer?title_no=1571&episode_no=360
eleceed,Eleceed,361,episode-000361-episode-361,"Episode 361 Nov 24, 2025 like 36,225 #361",269,126,143,160,118,256,https://www.webtoons.com/en/action/eleceed/episode-361/viewer?title_no=1571&episode_no=361
eleceed,Eleceed,362,episode-000362-episode-362,"Episode 362 Dec 1, 2025 like 37,700 #362",254,126,128,160,103,241,https://www.webtoons.com/en/action/eleceed/episode-362/viewer?title_no=1571&episode_no=362
eleceed,Eleceed,363,episode-000363-episode-363,"Episode 363 Dec 8, 2025 like 34,830 #363",259,126,133,160,108,246,https://www.webtoons.com/en/action/eleceed/episode-363/viewer?title_no=1571&episode_no=363
eleceed,Eleceed,364,episode-000364-episode-364,"Episode 364 Dec 15, 2025 like 35,979 #364",262,126,136,160,111,249,https://www.webtoons.com/en/action/eleceed/episode-364/viewer?title_no=1571&episode_no=364
eleceed,Eleceed,365,episode-000365-episode-365,"Episode 365 Dec 22, 2025 like 33,520 #365",260,126,134,160,109,247,https://www.webtoons.com/en/action/eleceed/episode-365/viewer?title_no=1571&episode_no=365
eleceed,Eleceed,366,episode-000366-episode-366,"Episode 366 Dec 29, 2025 like 33,681 #366",261,126,135,160,110,248,https://www.webtoons.com/en/action/eleceed/episode-366/viewer?title_no=1571&episode_no=366
eleceed,Eleceed,367,episode-000367-episode-367,"Episode 367 Jan 5, 2026 like 32,309 #367",270,126,144,160,119,257,https://www.webtoons.com/en/action/eleceed/episode-367/viewer?title_no=1571&episode_no=367
eleceed,Eleceed,368,episode-000368-episode-368,"Episode 368 Jan 12, 2026 like 33,409 #368",265,126,139,160,114,252,https://www.webtoons.com/en/action/eleceed/episode-368/viewer?title_no=1571&episode_no=368
eleceed,Eleceed,369,episode-000369-episode-369,"Episode 369 Jan 19, 2026 like 34,082 #369",278,130,148,690,1,135,https://www.webtoons.com/en/action/eleceed/episode-369/viewer?title_no=1571&episode_no=369
eleceed,Eleceed,370,episode-000370-episode-370,"Episode 370 Jan 26, 2026 like 32,589 #370",253,126,127,160,102,240,https://www.webtoons.com/en/action/eleceed/episode-370/viewer?title_no=1571&episode_no=370
eleceed,Eleceed,371,episode-000371-episode-371,"Episode 371 Feb 2, 2026 like 31,034 #371",291,144,147,690,1,149,https://www.webtoons.com/en/action/eleceed/episode-371/viewer?title_no=1571&episode_no=371
eleceed,Eleceed,372,episode-000372-episode-372,"Episode 372 Feb 9, 2026 like 31,811 #372",279,132,147,690,1,137,https://www.webtoons.com/en/action/eleceed/episode-372/viewer?title_no=1571&episode_no=372
eleceed,Eleceed,373,episode-000373-episode-373,"Episode 373 Feb 16, 2026 like 31,014 #373",292,145,147,690,1,150,https://www.webtoons.com/en/action/eleceed/episode-373/viewer?title_no=1571&episode_no=373
eleceed,Eleceed,374,episode-000374-episode-374,"Episode 374 Feb 23, 2026 like 30,597 #374",271,126,145,160,120,258,https://www.webtoons.com/en/action/eleceed/episode-374/viewer?title_no=1571&episode_no=374
eleceed,Eleceed,375,episode-000375-episode-375,"Episode 375 Mar 2, 2026 like 29,503 #375",243,126,117,160,92,230,https://www.webtoons.com/en/action/eleceed/episode-375/viewer?title_no=1571&episode_no=375
eleceed,Eleceed,376,episode-000376-episode-376,"Episode 376 Mar 9, 2026 like 28,569 #376",276,129,147,690,1,134,https://www.webtoons.com/en/action/eleceed/episode-376/viewer?title_no=1571&episode_no=376
eleceed,Eleceed,377,episode-000377-episode-377,"Episode 377 Mar 16, 2026 like 29,036 #377",270,126,144,160,119,257,https://www.webtoons.com/en/action/eleceed/episode-377/viewer?title_no=1571&episode_no=377
eleceed,Eleceed,378,episode-000378-episode-378,"Episode 378 Mar 23, 2026 like 26,818 #378",259,126,133,160,108,246,https://www.webtoons.com/en/action/eleceed/episode-378/viewer?title_no=1571&episode_no=378
eleceed,Eleceed,379,episode-000379-episode-379,"Episode 379 Mar 30, 2026 like 26,441 #379",289,141,148,690,1,146,https://www.webtoons.com/en/action/eleceed/episode-379/viewer?title_no=1571&episode_no=379
eleceed,Eleceed,380,episode-000380-episode-380,"Episode 380 Apr 6, 2026 like 25,314 #380",273,126,147,690,1,131,https://www.webtoons.com/en/action/eleceed/episode-380/viewer?title_no=1571&episode_no=380
eleceed,Eleceed,381,episode-000381-episode-381,"Episode 381 Apr 13, 2026 like 26,074 #381",295,148,147,690,1,153,https://www.webtoons.com/en/action/eleceed/episode-381/viewer?title_no=1571&episode_no=381
eleceed,Eleceed,382,episode-000382-episode-382,"Episode 382 Apr 20, 2026 like 27,059 #382",286,138,148,690,1,143,https://www.webtoons.com/en/action/eleceed/episode-382/viewer?title_no=1571&episode_no=382
eleceed,Eleceed,383,episode-000383-episode-383,"Episode 383 Apr 27, 2026 like 25,195 #383",290,143,147,690,1,148,https://www.webtoons.com/en/action/eleceed/episode-383/viewer?title_no=1571&episode_no=383
eleceed,Eleceed,384,episode-000384-episode-384,"Episode 384 May 4, 2026 like 23,654 #384",291,142,149,690,1,147,https://www.webtoons.com/en/action/eleceed/episode-384/viewer?title_no=1571&episode_no=384
eleceed,Eleceed,385,episode-000385-episode-385,"Episode 385 May 11, 2026 like 21,117 #385",300,152,148,690,1,157,https://www.webtoons.com/en/action/eleceed/episode-385/viewer?title_no=1571&episode_no=385
girls-of-the-wilds,Girls of the Wild's,1,episode-000001-ep-0,First episode,54,32,22,220,18,54,https://www.webtoons.com/en/action/girls-of-the-wilds/ep-0/viewer?title_no=93&episode_no=1
girls-of-the-wilds,Girls of the Wild's,2,episode-000002-ep-1,"Ep. 1 Jun 30, 2014 like 67,779 #2",103,51,52,700,1,56,https://www.webtoons.com/en/action/girls-of-the-wilds/ep-1/viewer?title_no=93&episode_no=2
girls-of-the-wilds,Girls of the Wild's,3,episode-000003-ep-2,"Ep. 2 Jun 30, 2014 like 57,720 #3",90,38,52,700,1,43,https://www.webtoons.com/en/action/girls-of-the-wilds/ep-2/viewer?title_no=93&episode_no=3
girls-of-the-wilds,Girls of the Wild's,4,episode-000004-ep-3,"Ep. 3 Jun 30, 2014 like 57,681 #4",90,38,52,700,1,43,https://www.webtoons.com/en/action/girls-of-the-wilds/ep-3/viewer?title_no=93&episode_no=4
girls-of-the-wilds,Girls of the Wild's,5,episode-000005-ep-4,"Ep. 4 Jun 30, 2014 like 55,495 #5",84,34,50,220,46,84,https://www.webtoons.com/en/action/girls-of-the-wilds/ep-4/viewer?title_no=93&episode_no=5
girls-of-the-wilds,Girls of the Wild's,6,episode-000006-ep-5,"Ep. 5 Jun 30, 2014 like 53,172 #6",92,41,51,700,1,46,https://www.webtoons.com/en/action/girls-of-the-wilds/ep-5/viewer?title_no=93&episode_no=6
girls-of-the-wilds,Girls of the Wild's,7,episode-000007-ep-6,"Ep. 6 Jun 30, 2014 like 52,575 #7",87,37,50,220,45,87,https://www.webtoons.com/en/action/girls-of-the-wilds/ep-6/viewer?title_no=93&episode_no=7
girls-of-the-wilds,Girls of the Wild's,8,episode-000008-ep-7,"Ep. 7 Jun 30, 2014 like 54,740 #8",86,37,49,220,44,86,https://www.webtoons.com/en/action/girls-of-the-wilds/ep-7/viewer?title_no=93&episode_no=8
girls-of-the-wilds,Girls of the Wild's,9,episode-000009-ep-8,"Ep. 8 Jun 30, 2014 like 52,801 #9",78,35,43,220,38,78,https://www.webtoons.com/en/action/girls-of-the-wilds/ep-8/viewer?title_no=93&episode_no=9
girls-of-the-wilds,Girls of the Wild's,10,episode-000010-ep-9,"Ep. 9 Jun 30, 2014 like 50,730 #10",82,34,48,220,43,82,https://www.webtoons.com/en/action/girls-of-the-wilds/ep-9/viewer?title_no=93&episode_no=10
girls-of-the-wilds,Girls of the Wild's,11,episode-000011-ep-10,"Ep. 10 Jun 30, 2014 like 51,599 #11",85,37,48,220,43,85,https://www.webtoons.com/en/action/girls-of-the-wilds/ep-10/viewer?title_no=93&episode_no=11
girls-of-the-wilds,Girls of the Wild's,12,episode-000012-ep-11,"Ep. 11 Jun 30, 2014 like 53,802 #12",96,44,52,700,1,49,https://www.webtoons.com/en/action/girls-of-the-wilds/ep-11/viewer?title_no=93&episode_no=12
girls-of-the-wilds,Girls of the Wild's,13,episode-000013-ep-12,"Ep. 12 Jun 30, 2014 like 51,461 #13",90,38,52,220,48,90,https://www.webtoons.com/en/action/girls-of-the-wilds/ep-12/viewer?title_no=93&episode_no=13
girls-of-the-wilds,Girls of the Wild's,14,episode-000014-ep-13,"Ep. 13 Jun 30, 2014 like 51,020 #14",79,34,45,220,40,79,https://www.webtoons.com/en/action/girls-of-the-wilds/ep-13/viewer?title_no=93&episode_no=14
girls-of-the-wilds,Girls of the Wild's,15,episode-000015-ep-14,"Ep. 14 Jun 30, 2014 like 49,445 #15",82,34,48,220,44,82,https://www.webtoons.com/en/action/girls-of-the-wilds/ep-14/viewer?title_no=93&episode_no=15
lookism,Lookism,1,episode-000001-ep-1,First episode,368,256,112,160,88,354,https://www.webtoons.com/en/drama/lookism/ep-1/viewer?title_no=1049&episode_no=1
lookism,Lookism,2,episode-000002-ep-2,"Ep. 2 Jun 4, 2017 like 204,614 #2",395,256,139,160,113,379,https://www.webtoons.com/en/drama/lookism/ep-2/viewer?title_no=1049&episode_no=2
lookism,Lookism,3,episode-000003-ep-3,"Ep. 3 Jun 4, 2017 like 198,198 #3",346,256,90,160,64,330,https://www.webtoons.com/en/drama/lookism/ep-3/viewer?title_no=1049&episode_no=3
lookism,Lookism,4,episode-000004-ep-4,"Ep. 4 Jun 5, 2017 like 208,275 #4",345,256,89,160,63,329,https://www.webtoons.com/en/drama/lookism/ep-4/viewer?title_no=1049&episode_no=4
lookism,Lookism,5,episode-000005-ep-5,"Ep. 5 Jun 6, 2017 like 183,560 #5",342,256,86,160,60,326,https://www.webtoons.com/en/drama/lookism/ep-5/viewer?title_no=1049&episode_no=5
lookism,Lookism,6,episode-000006-ep-6,"Ep. 6 Jun 7, 2017 like 185,883 #6",334,256,78,160,52,318,https://www.webtoons.com/en/drama/lookism/ep-6/viewer?title_no=1049&episode_no=6
lookism,Lookism,7,episode-000007-ep-7,"Ep. 7 Jun 8, 2017 like 182,605 #7",364,256,108,160,82,348,https://www.webtoons.com/en/drama/lookism/ep-7/viewer?title_no=1049&episode_no=7
lookism,Lookism,8,episode-000008-ep-8,"Ep. 8 Jun 9, 2017 like 168,210 #8",357,256,101,160,75,341,https://www.webtoons.com/en/drama/lookism/ep-8/viewer?title_no=1049&episode_no=8
lookism,Lookism,9,episode-000009-ep-9,"Ep. 9 Jun 10, 2017 like 176,176 #9",349,256,93,160,71,337,https://www.webtoons.com/en/drama/lookism/ep-9/viewer?title_no=1049&episode_no=9
lookism,Lookism,10,episode-000010-ep-10,"Ep. 10 Jun 11, 2017 like 164,293 #10",344,256,88,160,63,329,https://www.webtoons.com/en/drama/lookism/ep-10/viewer?title_no=1049&episode_no=10
lookism,Lookism,11,episode-000011-ep-11,"Ep. 11 Jun 12, 2017 like 179,827 #11",379,256,123,160,97,363,https://www.webtoons.com/en/drama/lookism/ep-11/viewer?title_no=1049&episode_no=11
lookism,Lookism,12,episode-000012-ep-12,"Ep. 12 Jun 13, 2017 like 172,986 #12",371,256,115,160,89,355,https://www.webtoons.com/en/drama/lookism/ep-12/viewer?title_no=1049&episode_no=12
lookism,Lookism,13,episode-000013-ep-13,"Ep. 13 Jun 14, 2017 like 158,348 #13",389,256,133,160,109,375,https://www.webtoons.com/en/drama/lookism/ep-13/viewer?title_no=1049&episode_no=13
lookism,Lookism,14,episode-000014-ep-14,"Ep. 14 Jun 15, 2017 like 162,852 #14",377,256,121,160,97,363,https://www.webtoons.com/en/drama/lookism/ep-14/viewer?title_no=1049&episode_no=14
lookism,Lookism,15,episode-000015-ep-15,"Ep. 15 Jun 16, 2017 like 155,674 #15",357,256,101,160,75,341,https://www.webtoons.com/en/drama/lookism/ep-15/viewer?title_no=1049&episode_no=15
lookism,Lookism,16,episode-000016-ep-16,"Ep. 16 Jun 17, 2017 like 161,419 #16",384,256,128,160,104,370,https://www.webtoons.com/en/drama/lookism/ep-16/viewer?title_no=1049&episode_no=16
lookism,Lookism,17,episode-000017-ep-17,"Ep. 17 Jun 18, 2017 like 159,632 #17",361,256,105,160,79,345,https://www.webtoons.com/en/drama/lookism/ep-17/viewer?title_no=1049&episode_no=17
lookism,Lookism,18,episode-000018-ep-18,"Ep. 18 Jun 19, 2017 like 157,808 #18",360,256,104,160,77,343,https://www.webtoons.com/en/drama/lookism/ep-18/viewer?title_no=1049&episode_no=18
lookism,Lookism,19,episode-000019-ep-19,"Ep. 19 Jun 20, 2017 like 156,258 #19",335,256,79,160,53,319,https://www.webtoons.com/en/drama/lookism/ep-19/viewer?title_no=1049&episode_no=19
lookism,Lookism,20,episode-000020-ep-20,"Ep. 20 Jun 21, 2017 like 194,934 #20",347,256,91,160,66,332,https://www.webtoons.com/en/drama/lookism/ep-20/viewer?title_no=1049&episode_no=20
lookism,Lookism,21,episode-000021-ep-21,"Ep. 21 Jun 22, 2017 like 157,550 #21",328,256,72,160,46,312,https://www.webtoons.com/en/drama/lookism/ep-21/viewer?title_no=1049&episode_no=21
lookism,Lookism,22,episode-000022-ep-22,"Ep. 22 Jun 23, 2017 like 166,929 #22",334,256,78,160,54,320,https://www.webtoons.com/en/drama/lookism/ep-22/viewer?title_no=1049&episode_no=22
lookism,Lookism,23,episode-000023-ep-23,"Ep. 23 Jun 24, 2017 like 165,561 #23",371,256,115,160,91,357,https://www.webtoons.com/en/drama/lookism/ep-23/viewer?title_no=1049&episode_no=23
lookism,Lookism,24,episode-000024-ep-24,"Ep. 24 Jun 25, 2017 like 159,035 #24",330,256,74,160,50,316,https://www.webtoons.com/en/drama/lookism/ep-24/viewer?title_no=1049&episode_no=24
lookism,Lookism,25,episode-000025-ep-25,"Ep. 25 Jun 26, 2017 like 159,771 #25",337,256,81,160,55,321,https://www.webtoons.com/en/drama/lookism/ep-25/viewer?title_no=1049&episode_no=25
lookism,Lookism,26,episode-000026-ep-26,"Ep. 26 Jun 27, 2017 like 158,902 #26",348,256,92,160,68,334,https://www.webtoons.com/en/drama/lookism/ep-26/viewer?title_no=1049&episode_no=26
lookism,Lookism,27,episode-000027-ep-27,"Ep. 27 Jun 28, 2017 like 164,758 #27",379,256,123,160,97,363,https://www.webtoons.com/en/drama/lookism/ep-27/viewer?title_no=1049&episode_no=27
lookism,Lookism,28,episode-000028-ep-28,"Ep. 28 Jun 29, 2017 like 151,067 #28",352,256,96,160,70,336,https://www.webtoons.com/en/drama/lookism/ep-28/viewer?title_no=1049&episode_no=28
lookism,Lookism,29,episode-000029-ep-29,"Ep. 29 Jun 30, 2017 like 160,289 #29",347,256,91,160,67,333,https://www.webtoons.com/en/drama/lookism/ep-29/viewer?title_no=1049&episode_no=29
lookism,Lookism,30,episode-000030-ep-30,"Ep. 30 Jul 1, 2017 like 152,723 #30",347,256,91,160,65,331,https://www.webtoons.com/en/drama/lookism/ep-30/viewer?title_no=1049&episode_no=30
lookism,Lookism,31,episode-000031-ep-31,"Ep. 31 Jul 2, 2017 like 153,655 #31",339,256,83,160,59,325,https://www.webtoons.com/en/drama/lookism/ep-31/viewer?title_no=1049&episode_no=31
lookism,Lookism,32,episode-000032-ep-32,"Ep. 32 Jul 3, 2017 like 156,537 #32",356,256,100,160,75,341,https://www.webtoons.com/en/drama/lookism/ep-32/viewer?title_no=1049&episode_no=32
lookism,Lookism,33,episode-000033-ep-33,"Ep. 33 Jul 4, 2017 like 160,360 #33",385,256,129,160,103,369,https://www.webtoons.com/en/drama/lookism/ep-33/viewer?title_no=1049&episode_no=33
lookism,Lookism,34,episode-000034-ep-34,"Ep. 34 Jul 5, 2017 like 146,107 #34",335,256,79,160,53,319,https://www.webtoons.com/en/drama/lookism/ep-34/viewer?title_no=1049&episode_no=34
lookism,Lookism,35,episode-000035-ep-35,"Ep. 35 Jul 6, 2017 like 162,533 #35",334,256,78,160,52,318,https://www.webtoons.com/en/drama/lookism/ep-35/viewer?title_no=1049&episode_no=35
lookism,Lookism,36,episode-000036-ep-36,"Ep. 36 Jul 7, 2017 like 156,385 #36",336,256,80,160,56,322,https://www.webtoons.com/en/drama/lookism/ep-36/viewer?title_no=1049&episode_no=36
lookism,Lookism,37,episode-000037-ep-37,"Ep. 37 Jul 8, 2017 like 157,989 #37",333,256,77,160,53,319,https://www.webtoons.com/en/drama/lookism/ep-37/viewer?title_no=1049&episode_no=37
lookism,Lookism,38,episode-000038-ep-38,"Ep. 38 Jul 9, 2017 like 165,330 #38",342,256,86,160,62,328,https://www.webtoons.com/en/drama/lookism/ep-38/viewer?title_no=1049&episode_no=38
lookism,Lookism,39,episode-000039-ep-39,"Ep. 39 Jul 10, 2017 like 164,687 #39",341,256,85,160,61,327,https://www.webtoons.com/en/drama/lookism/ep-39/viewer?title_no=1049&episode_no=39
lookism,Lookism,40,episode-000040-ep-40,"Ep. 40 Jul 11, 2017 like 160,683 #40",331,256,75,160,51,317,https://www.webtoons.com/en/drama/lookism/ep-40/viewer?title_no=1049&episode_no=40
lookism,Lookism,41,episode-000041-ep-41,"Ep. 41 Jul 12, 2017 like 153,651 #41",322,256,66,160,40,306,https://www.webtoons.com/en/drama/lookism/ep-41/viewer?title_no=1049&episode_no=41
lookism,Lookism,42,episode-000042-ep-42,"Ep. 42 Jul 13, 2017 like 150,699 #42",322,256,66,160,40,306,https://www.webtoons.com/en/drama/lookism/ep-42/viewer?title_no=1049&episode_no=42
lookism,Lookism,43,episode-000043-ep-43,"Ep. 43 Jul 14, 2017 like 150,296 #43",335,256,79,160,52,318,https://www.webtoons.com/en/drama/lookism/ep-43/viewer?title_no=1049&episode_no=43
lookism,Lookism,44,episode-000044-ep-44,"Ep. 44 Jul 15, 2017 like 148,865 #44",321,256,65,160,43,309,https://www.webtoons.com/en/drama/lookism/ep-44/viewer?title_no=1049&episode_no=44
lookism,Lookism,45,episode-000045-ep-45,"Ep. 45 Jul 16, 2017 like 151,906 #45",341,256,85,160,59,325,https://www.webtoons.com/en/drama/lookism/ep-45/viewer?title_no=1049&episode_no=45
lookism,Lookism,46,episode-000046-ep-46,"Ep. 46 Jul 17, 2017 like 146,605 #46",334,256,78,160,54,320,https://www.webtoons.com/en/drama/lookism/ep-46/viewer?title_no=1049&episode_no=46
lookism,Lookism,47,episode-000047-ep-47,"Ep. 47 Jul 18, 2017 like 172,865 #47",333,256,77,160,53,319,https://www.webtoons.com/en/drama/lookism/ep-47/viewer?title_no=1049&episode_no=47
lookism,Lookism,48,episode-000048-ep-48,"Ep. 48 Jul 19, 2017 like 165,085 #48",329,256,73,160,46,312,https://www.webtoons.com/en/drama/lookism/ep-48/viewer?title_no=1049&episode_no=48
lookism,Lookism,49,episode-000049-ep-49,"Ep. 49 Jul 20, 2017 like 162,718 #49",321,256,65,160,45,311,https://www.webtoons.com/en/drama/lookism/ep-49/viewer?title_no=1049&episode_no=49
lookism,Lookism,50,episode-000050-ep-50,"Ep. 50 Jul 21, 2017 like 167,261 #50",353,256,97,160,77,343,https://www.webtoons.com/en/drama/lookism/ep-50/viewer?title_no=1049&episode_no=50
lookism,Lookism,51,episode-000051-ep-51,"Ep. 51 Jul 22, 2017 like 159,985 #51",331,256,75,160,55,321,https://www.webtoons.com/en/drama/lookism/ep-51/viewer?title_no=1049&episode_no=51
lookism,Lookism,52,episode-000052-ep-52,"Ep. 52 Jul 23, 2017 like 150,922 #52",339,256,83,160,63,329,https://www.webtoons.com/en/drama/lookism/ep-52/viewer?title_no=1049&episode_no=52
lookism,Lookism,53,episode-000053-ep-53,"Ep. 53 Jul 24, 2017 like 155,245 #53",315,256,59,160,39,305,https://www.webtoons.com/en/drama/lookism/ep-53/viewer?title_no=1049&episode_no=53
lookism,Lookism,54,episode-000054-ep-54,"Ep. 54 Jul 25, 2017 like 155,049 #54",325,256,69,160,49,315,https://www.webtoons.com/en/drama/lookism/ep-54/viewer?title_no=1049&episode_no=54
lookism,Lookism,55,episode-000055-ep-55,"Ep. 55 Jul 26, 2017 like 153,304 #55",335,256,79,160,59,325,https://www.webtoons.com/en/drama/lookism/ep-55/viewer?title_no=1049&episode_no=55
lookism,Lookism,56,episode-000056-ep-56,"Ep. 56 Jul 27, 2017 like 156,425 #56",336,256,80,160,60,326,https://www.webtoons.com/en/drama/lookism/ep-56/viewer?title_no=1049&episode_no=56
lookism,Lookism,57,episode-000057-ep-57,"Ep. 57 Jul 28, 2017 like 163,229 #57",329,256,73,160,53,319,https://www.webtoons.com/en/drama/lookism/ep-57/viewer?title_no=1049&episode_no=57
lookism,Lookism,58,episode-000058-ep-58,"Ep. 58 Jul 29, 2017 like 154,980 #58",338,256,82,160,62,328,https://www.webtoons.com/en/drama/lookism/ep-58/viewer?title_no=1049&episode_no=58
lookism,Lookism,59,episode-000059-ep-59,"Ep. 59 Jul 30, 2017 like 166,356 #59",339,256,83,160,63,329,https://www.webtoons.com/en/drama/lookism/ep-59/viewer?title_no=1049&episode_no=59
lookism,Lookism,60,episode-000060-ep-60,"Ep. 60 Aug 1, 2017 like 153,520 #60",326,256,70,160,50,316,https://www.webtoons.com/en/drama/lookism/ep-60/viewer?title_no=1049&episode_no=60
lookism,Lookism,61,episode-000061-ep-61,"Ep. 61 Aug 6, 2017 like 149,207 #61",334,256,78,160,58,324,https://www.webtoons.com/en/drama/lookism/ep-61/viewer?title_no=1049&episode_no=61
lookism,Lookism,62,episode-000062-ep-62,"Ep. 62 Aug 8, 2017 like 180,190 #62",335,256,79,160,59,325,https://www.webtoons.com/en/drama/lookism/ep-62/viewer?title_no=1049&episode_no=62
lookism,Lookism,63,episode-000063-ep-63,"Ep. 63 Aug 13, 2017 like 145,865 #63",334,256,78,160,58,324,https://www.webtoons.com/en/drama/lookism/ep-63/viewer?title_no=1049&episode_no=63
lookism,Lookism,64,episode-000064-ep-64,"Ep. 64 Aug 15, 2017 like 142,014 #64",338,256,82,160,62,328,https://www.webtoons.com/en/drama/lookism/ep-64/viewer?title_no=1049&episode_no=64
lookism,Lookism,65,episode-000065-ep-65,"Ep. 65 Aug 20, 2017 like 141,269 #65",337,256,81,160,61,327,https://www.webtoons.com/en/drama/lookism/ep-65/viewer?title_no=1049&episode_no=65
lookism,Lookism,66,episode-000066-ep-66,"Ep. 66 Aug 22, 2017 like 142,563 #66",341,256,85,160,65,331,https://www.webtoons.com/en/drama/lookism/ep-66/viewer?title_no=1049&episode_no=66
lookism,Lookism,67,episode-000067-ep-67,"Ep. 67 Aug 27, 2017 like 147,715 #67",335,256,79,160,59,325,https://www.webtoons.com/en/drama/lookism/ep-67/viewer?title_no=1049&episode_no=67
lookism,Lookism,68,episode-000068-ep-68,"Ep. 68 Aug 29, 2017 like 157,967 #68",344,256,88,160,67,333,https://www.webtoons.com/en/drama/lookism/ep-68/viewer?title_no=1049&episode_no=68
lookism,Lookism,69,episode-000069-ep-69,"Ep. 69 Sep 3, 2017 like 162,312 #69",324,256,68,160,48,314,https://www.webtoons.com/en/drama/lookism/ep-69/viewer?title_no=1049&episode_no=69
lookism,Lookism,70,episode-000070-ep-70,"Ep. 70 Sep 5, 2017 like 181,819 #70",348,256,92,160,72,338,https://www.webtoons.com/en/drama/lookism/ep-70/viewer?title_no=1049&episode_no=70
lookism,Lookism,71,episode-000071-ep-71,"Ep. 71 Sep 10, 2017 like 159,188 #71",337,256,81,160,61,327,https://www.webtoons.com/en/drama/lookism/ep-71/viewer?title_no=1049&episode_no=71
lookism,Lookism,72,episode-000072-ep-72,"Ep. 72 Sep 12, 2017 like 158,066 #72",348,256,92,160,72,338,https://www.webtoons.com/en/drama/lookism/ep-72/viewer?title_no=1049&episode_no=72
lookism,Lookism,73,episode-000073-ep-73,"Ep. 73 Sep 17, 2017 like 155,413 #73",350,256,94,160,74,340,https://www.webtoons.com/en/drama/lookism/ep-73/viewer?title_no=1049&episode_no=73
lookism,Lookism,74,episode-000074-ep-74,"Ep. 74 Sep 19, 2017 like 161,424 #74",354,256,98,160,78,344,https://www.webtoons.com/en/drama/lookism/ep-74/viewer?title_no=1049&episode_no=74
lookism,Lookism,75,episode-000075-ep-75,"Ep. 75 Sep 24, 2017 like 144,704 #75",340,256,84,160,64,330,https://www.webtoons.com/en/drama/lookism/ep-75/viewer?title_no=1049&episode_no=75
lookism,Lookism,76,episode-000076-ep-76,"Ep. 76 Sep 26, 2017 like 151,252 #76",352,256,96,160,76,342,https://www.webtoons.com/en/drama/lookism/ep-76/viewer?title_no=1049&episode_no=76
lookism,Lookism,77,episode-000077-ep-77,"Ep. 77 Oct 1, 2017 like 147,425 #77",344,256,88,160,68,334,https://www.webtoons.com/en/drama/lookism/ep-77/viewer?title_no=1049&episode_no=77
lookism,Lookism,78,episode-000078-ep-78,"Ep. 78 Oct 3, 2017 like 154,920 #78",347,256,91,160,71,337,https://www.webtoons.com/en/drama/lookism/ep-78/viewer?title_no=1049&episode_no=78
lookism,Lookism,79,episode-000079-ep-79,"Ep. 79 Oct 8, 2017 like 143,197 #79",356,256,100,160,80,346,https://www.webtoons.com/en/drama/lookism/ep-79/viewer?title_no=1049&episode_no=79
lookism,Lookism,80,episode-000080-ep-80,"Ep. 80 Oct 9, 2017 like 153,259 #80",347,256,91,160,71,337,https://www.webtoons.com/en/drama/lookism/ep-80/viewer?title_no=1049&episode_no=80
lookism,Lookism,81,episode-000081-ep-81,"Ep. 81 Oct 10, 2017 like 158,373 #81",338,256,82,160,61,327,https://www.webtoons.com/en/drama/lookism/ep-81/viewer?title_no=1049&episode_no=81
lookism,Lookism,82,episode-000082-ep-82,"Ep. 82 Oct 11, 2017 like 158,095 #82",336,256,80,160,60,326,https://www.webtoons.com/en/drama/lookism/ep-82/viewer?title_no=1049&episode_no=82
lookism,Lookism,83,episode-000083-ep-83,"Ep. 83 Oct 12, 2017 like 143,067 #83",343,256,87,160,66,332,https://www.webtoons.com/en/drama/lookism/ep-83/viewer?title_no=1049&episode_no=83
lookism,Lookism,84,episode-000084-ep-84,"Ep. 84 Oct 15, 2017 like 137,133 #84",332,256,76,160,56,322,https://www.webtoons.com/en/drama/lookism/ep-84/viewer?title_no=1049&episode_no=84
lookism,Lookism,85,episode-000085-ep-85,"Ep. 85 Oct 16, 2017 like 134,723 #85",347,256,91,160,71,337,https://www.webtoons.com/en/drama/lookism/ep-85/viewer?title_no=1049&episode_no=85
lookism,Lookism,86,episode-000086-ep-86,"Ep. 86 Oct 17, 2017 like 137,181 #86",363,256,107,160,87,353,https://www.webtoons.com/en/drama/lookism/ep-86/viewer?title_no=1049&episode_no=86
lookism,Lookism,87,episode-000087-ep-87,"Ep. 87 Oct 18, 2017 like 137,732 #87",352,256,96,160,75,341,https://www.webtoons.com/en/drama/lookism/ep-87/viewer?title_no=1049&episode_no=87
lookism,Lookism,88,episode-000088-ep-88,"Ep. 88 Oct 19, 2017 like 145,161 #88",349,256,93,160,72,338,https://www.webtoons.com/en/drama/lookism/ep-88/viewer?title_no=1049&episode_no=88
lookism,Lookism,89,episode-000089-ep-89,"Ep. 89 Oct 22, 2017 like 140,662 #89",335,256,79,160,59,325,https://www.webtoons.com/en/drama/lookism/ep-89/viewer?title_no=1049&episode_no=89
lookism,Lookism,90,episode-000090-ep-90,"Ep. 90 Oct 23, 2017 like 142,803 #90",367,256,111,160,91,357,https://www.webtoons.com/en/drama/lookism/ep-90/viewer?title_no=1049&episode_no=90
lookism,Lookism,91,episode-000091-ep-91,"Ep. 91 Oct 24, 2017 like 152,066 #91",342,256,86,160,66,332,https://www.webtoons.com/en/drama/lookism/ep-91/viewer?title_no=1049&episode_no=91
lookism,Lookism,92,episode-000092-ep-92,"Ep. 92 Oct 25, 2017 like 154,894 #92",359,256,103,160,83,349,https://www.webtoons.com/en/drama/lookism/ep-92/viewer?title_no=1049&episode_no=92
lookism,Lookism,93,episode-000093-ep-93,"Ep. 93 Oct 26, 2017 like 152,316 #93",338,256,82,160,62,328,https://www.webtoons.com/en/drama/lookism/ep-93/viewer?title_no=1049&episode_no=93
lookism,Lookism,94,episode-000094-ep-94,"Ep. 94 Oct 29, 2017 like 150,439 #94",348,256,92,160,72,338,https://www.webtoons.com/en/drama/lookism/ep-94/viewer?title_no=1049&episode_no=94
lookism,Lookism,95,episode-000095-ep-95,"Ep. 95 Oct 30, 2017 like 151,832 #95",352,256,96,160,75,341,https://www.webtoons.com/en/drama/lookism/ep-95/viewer?title_no=1049&episode_no=95
lookism,Lookism,96,episode-000096-ep-96,"Ep. 96 Oct 31, 2017 like 137,656 #96",358,256,102,160,82,348,https://www.webtoons.com/en/drama/lookism/ep-96/viewer?title_no=1049&episode_no=96
lookism,Lookism,97,episode-000097-ep-97,"Ep. 97 Nov 1, 2017 like 137,115 #97",342,256,86,160,66,332,https://www.webtoons.com/en/drama/lookism/ep-97/viewer?title_no=1049&episode_no=97
lookism,Lookism,98,episode-000098-ep-98,"Ep. 98 Nov 2, 2017 like 140,338 #98",336,256,80,160,60,326,https://www.webtoons.com/en/drama/lookism/ep-98/viewer?title_no=1049&episode_no=98
lookism,Lookism,99,episode-000099-ep-99,"Ep. 99 Nov 5, 2017 like 143,686 #99",343,256,87,160,67,333,https://www.webtoons.com/en/drama/lookism/ep-99/viewer?title_no=1049&episode_no=99
lookism,Lookism,100,episode-000100-ep-100,"Ep. 100 Nov 6, 2017 like 140,437 #100",335,256,79,160,59,325,https://www.webtoons.com/en/drama/lookism/ep-100/viewer?title_no=1049&episode_no=100
lookism,Lookism,101,episode-000101-ep-101,"Ep. 101 Nov 7, 2017 like 140,692 #101",356,256,100,160,80,346,https://www.webtoons.com/en/drama/lookism/ep-101/viewer?title_no=1049&episode_no=101
lookism,Lookism,102,episode-000102-ep-102,"Ep. 102 Nov 8, 2017 like 134,440 #102",353,256,97,160,76,342,https://www.webtoons.com/en/drama/lookism/ep-102/viewer?title_no=1049&episode_no=102
lookism,Lookism,103,episode-000103-ep-103,"Ep. 103 Nov 9, 2017 like 135,346 #103",350,256,94,160,74,340,https://www.webtoons.com/en/drama/lookism/ep-103/viewer?title_no=1049&episode_no=103
lookism,Lookism,104,episode-000104-ep-104,"Ep. 104 Nov 12, 2017 like 152,058 #104",347,256,91,160,71,337,https://www.webtoons.com/en/drama/lookism/ep-104/viewer?title_no=1049&episode_no=104
lookism,Lookism,105,episode-000105-ep-105,"Ep. 105 Nov 13, 2017 like 143,623 #105",351,256,95,160,75,341,https://www.webtoons.com/en/drama/lookism/ep-105/viewer?title_no=1049&episode_no=105
lookism,Lookism,106,episode-000106-ep-106,"Ep. 106 Nov 14, 2017 like 135,121 #106",353,256,97,160,77,343,https://www.webtoons.com/en/drama/lookism/ep-106/viewer?title_no=1049&episode_no=106
lookism,Lookism,107,episode-000107-ep-107,"Ep. 107 Nov 15, 2017 like 147,128 #107",364,256,108,160,88,354,https://www.webtoons.com/en/drama/lookism/ep-107/viewer?title_no=1049&episode_no=107
lookism,Lookism,108,episode-000108-ep-108,"Ep. 108 Nov 16, 2017 like 147,531 #108",355,256,99,160,79,345,https://www.webtoons.com/en/drama/lookism/ep-108/viewer?title_no=1049&episode_no=108
lookism,Lookism,109,episode-000109-ep-109,"Ep. 109 Nov 19, 2017 like 152,649 #109",367,256,111,160,91,357,https://www.webtoons.com/en/drama/lookism/ep-109/viewer?title_no=1049&episode_no=109
lookism,Lookism,110,episode-000110-ep-110,"Ep. 110 Nov 20, 2017 like 137,974 #110",340,256,84,160,64,330,https://www.webtoons.com/en/drama/lookism/ep-110/viewer?title_no=1049&episode_no=110
lookism,Lookism,111,episode-000111-ep-111,"Ep. 111 Nov 21, 2017 like 149,489 #111",360,256,104,160,84,350,https://www.webtoons.com/en/drama/lookism/ep-111/viewer?title_no=1049&episode_no=111
lookism,Lookism,112,episode-000112-ep-112-why-isnt-daniel-losing-weight,"Ep. 112: Why Isn't Daniel Losing Weight? Nov 22, 2017 like 144,428 #112",346,256,90,160,70,336,https://www.webtoons.com/en/drama/lookism/ep-112-why-isnt-daniel-losing-weight/viewer?title_no=1049&episode_no=112
lookism,Lookism,113,episode-000113-ep-113-stalker-01,"Ep. 113: Stalker (01) Nov 23, 2017 like 147,293 #113",354,256,98,160,78,344,https://www.webtoons.com/en/drama/lookism/ep-113-stalker-01/viewer?title_no=1049&episode_no=113
lookism,Lookism,114,episode-000114-ep-114-stalker-02,"Ep. 114: Stalker (02) Nov 26, 2017 like 138,884 #114",336,256,80,160,60,326,https://www.webtoons.com/en/drama/lookism/ep-114-stalker-02/viewer?title_no=1049&episode_no=114
lookism,Lookism,115,episode-000115-ep-115-stalker-03,"Ep. 115: Stalker (03) Nov 27, 2017 like 137,129 #115",358,256,102,160,82,348,https://www.webtoons.com/en/drama/lookism/ep-115-stalker-03/viewer?title_no=1049&episode_no=115
lookism,Lookism,116,episode-000116-ep-116-stalker-04,"Ep. 116: Stalker (04) Nov 28, 2017 like 143,360 #116",363,256,107,160,87,353,https://www.webtoons.com/en/drama/lookism/ep-116-stalker-04/viewer?title_no=1049&episode_no=116
lookism,Lookism,117,episode-000117-ep-117-stalker-05,"Ep. 117: Stalker (05) Nov 29, 2017 like 136,247 #117",366,256,110,160,90,356,https://www.webtoons.com/en/drama/lookism/ep-117-stalker-05/viewer?title_no=1049&episode_no=117
lookism,Lookism,118,episode-000118-ep-118-stalker-06,"Ep. 118: Stalker (06) Nov 30, 2017 like 135,498 #118",353,256,97,160,77,343,https://www.webtoons.com/en/drama/lookism/ep-118-stalker-06/viewer?title_no=1049&episode_no=118
lookism,Lookism,119,episode-000119-ep-119-stalker-07,"Ep. 119: Stalker (07) Dec 3, 2017 like 142,177 #119",393,256,137,160,117,383,https://www.webtoons.com/en/drama/lookism/ep-119-stalker-07/viewer?title_no=1049&episode_no=119
lookism,Lookism,120,episode-000120-ep-120-stalker-conclusion,"Ep. 120: Stalker (Conclusion) Dec 4, 2017 like 143,741 #120",379,256,123,160,103,369,https://www.webtoons.com/en/drama/lookism/ep-120-stalker-conclusion/viewer?title_no=1049&episode_no=120
lookism,Lookism,121,episode-000121-ep-121-second-year-12,"Ep. 121: Second Year (1/2) Dec 5, 2017 like 146,368 #121",364,256,108,160,88,354,https://www.webtoons.com/en/drama/lookism/ep-121-second-year-12/viewer?title_no=1049&episode_no=121
lookism,Lookism,122,episode-000122-ep-122-second-year-22,"Ep. 122: Second Year (2/2) Dec 6, 2017 like 135,270 #122",345,256,89,160,69,335,https://www.webtoons.com/en/drama/lookism/ep-122-second-year-22/viewer?title_no=1049&episode_no=122
lookism,Lookism,123,episode-000123-ep-123-troubled-transfer-01,"Ep. 123: Troubled Transfer (01) Dec 7, 2017 like 135,555 #123",352,256,96,160,76,342,https://www.webtoons.com/en/drama/lookism/ep-123-troubled-transfer-01/viewer?title_no=1049&episode_no=123
lookism,Lookism,124,episode-000124-ep-124-troubled-transfer-02,"Ep. 124: Troubled Transfer (02) Dec 10, 2017 like 143,578 #124",365,256,109,160,89,355,https://www.webtoons.com/en/drama/lookism/ep-124-troubled-transfer-02/viewer?title_no=1049&episode_no=124
lookism,Lookism,125,episode-000125-ep-125-troubled-transfer-03,"Ep. 125: Troubled Transfer (03) Dec 11, 2017 like 140,971 #125",385,256,129,160,109,375,https://www.webtoons.com/en/drama/lookism/ep-125-troubled-transfer-03/viewer?title_no=1049&episode_no=125
lookism,Lookism,126,episode-000126-ep-126-troubled-transfer-finale,"Ep. 126: Troubled Transfer (Finale) Dec 12, 2017 like 144,714 #126",395,256,139,160,119,385,https://www.webtoons.com/en/drama/lookism/ep-126-troubled-transfer-finale/viewer?title_no=1049&episode_no=126
lookism,Lookism,127,episode-000127-ep-127-first-love-01,"Ep. 127: First Love (01) Dec 13, 2017 like 162,164 #127",371,256,115,160,95,361,https://www.webtoons.com/en/drama/lookism/ep-127-first-love-01/viewer?title_no=1049&episode_no=127
lookism,Lookism,128,episode-000128-ep-128-first-love-02,"Ep. 128: First Love (02) Dec 14, 2017 like 148,925 #128",398,256,142,160,122,388,https://www.webtoons.com/en/drama/lookism/ep-128-first-love-02/viewer?title_no=1049&episode_no=128
lookism,Lookism,129,episode-000129-ep-129-first-love-03,"Ep. 129: First Love (03) Dec 17, 2017 like 145,559 #129",357,256,101,160,81,347,https://www.webtoons.com/en/drama/lookism/ep-129-first-love-03/viewer?title_no=1049&episode_no=129
lookism,Lookism,130,episode-000130-ep-130-first-love-04,"Ep. 130: First Love (04) Dec 18, 2017 like 143,616 #130",397,256,141,160,120,386,https://www.webtoons.com/en/drama/lookism/ep-130-first-love-04/viewer?title_no=1049&episode_no=130
lookism,Lookism,131,episode-000131-ep-131-first-love-conclusion,"Ep. 131: First Love (Conclusion) Dec 19, 2017 like 144,323 #131",384,256,128,160,108,374,https://www.webtoons.com/en/drama/lookism/ep-131-first-love-conclusion/viewer?title_no=1049&episode_no=131
lookism,Lookism,132,episode-000132-ep-132-cult-01,"Ep. 132: Cult (01) Dec 20, 2017 like 141,886 #132",374,256,118,160,98,364,https://www.webtoons.com/en/drama/lookism/ep-132-cult-01/viewer?title_no=1049&episode_no=132
lookism,Lookism,133,episode-000133-ep-133-cult-02,"Ep. 133: Cult (02) Dec 21, 2017 like 137,987 #133",382,256,126,160,106,372,https://www.webtoons.com/en/drama/lookism/ep-133-cult-02/viewer?title_no=1049&episode_no=133
lookism,Lookism,134,episode-000134-ep-134-cult-03,"Ep. 134: Cult (03) Dec 24, 2017 like 131,723 #134",380,256,124,160,104,370,https://www.webtoons.com/en/drama/lookism/ep-134-cult-03/viewer?title_no=1049&episode_no=134
lookism,Lookism,135,episode-000135-ep-135-cult-04,"Ep. 135: Cult (04) Dec 25, 2017 like 131,769 #135",381,256,125,160,105,371,https://www.webtoons.com/en/drama/lookism/ep-135-cult-04/viewer?title_no=1049&episode_no=135
lookism,Lookism,136,episode-000136-ep-136-cult-05,"Ep. 136: Cult (05) Dec 26, 2017 like 135,150 #136",415,256,159,160,139,405,https://www.webtoons.com/en/drama/lookism/ep-136-cult-05/viewer?title_no=1049&episode_no=136
lookism,Lookism,137,episode-000137-ep-137-cult-06,"Ep. 137: Cult (06) Dec 27, 2017 like 137,359 #137",401,256,145,160,125,391,https://www.webtoons.com/en/drama/lookism/ep-137-cult-06/viewer?title_no=1049&episode_no=137
lookism,Lookism,138,episode-000138-ep-138-cult-conclusion,"Ep. 138: Cult (Conclusion) Dec 28, 2017 like 143,017 #138",423,256,167,160,147,413,https://www.webtoons.com/en/drama/lookism/ep-138-cult-conclusion/viewer?title_no=1049&episode_no=138
lookism,Lookism,139,episode-000139-ep-139-picnic-01,"Ep. 139: Picnic (01) Dec 31, 2017 like 157,069 #139",369,256,113,160,93,359,https://www.webtoons.com/en/drama/lookism/ep-139-picnic-01/viewer?title_no=1049&episode_no=139
lookism,Lookism,140,episode-000140-ep-140-picnic-02,"Ep. 140: Picnic (02) Jan 1, 2018 like 142,916 #140",408,256,152,160,132,398,https://www.webtoons.com/en/drama/lookism/ep-140-picnic-02/viewer?title_no=1049&episode_no=140
lookism,Lookism,141,episode-000141-ep-141-picnic-03,"Ep. 141: Picnic (03) Jan 2, 2018 like 151,481 #141",395,256,139,160,119,385,https://www.webtoons.com/en/drama/lookism/ep-141-picnic-03/viewer?title_no=1049&episode_no=141
lookism,Lookism,142,episode-000142-ep-142-picnic-04,"Ep. 142: Picnic (04) Jan 3, 2018 like 143,542 #142",385,256,129,160,109,375,https://www.webtoons.com/en/drama/lookism/ep-142-picnic-04/viewer?title_no=1049&episode_no=142
lookism,Lookism,143,episode-000143-ep-143-picnic-05,"Ep. 143: Picnic (05) Jan 4, 2018 like 143,155 #143",391,256,135,160,115,381,https://www.webtoons.com/en/drama/lookism/ep-143-picnic-05/viewer?title_no=1049&episode_no=143
lookism,Lookism,144,episode-000144-ep-144-picnic-06,"Ep. 144: Picnic (06) Jan 7, 2018 like 142,455 #144",395,256,139,160,119,385,https://www.webtoons.com/en/drama/lookism/ep-144-picnic-06/viewer?title_no=1049&episode_no=144
lookism,Lookism,145,episode-000145-ep-145-picnic-07,"Ep. 145: Picnic (07) Jan 8, 2018 like 148,936 #145",376,256,120,160,100,366,https://www.webtoons.com/en/drama/lookism/ep-145-picnic-07/viewer?title_no=1049&episode_no=145
lookism,Lookism,146,episode-000146-ep-146-picnic-08,"Ep. 146: Picnic (08) Jan 9, 2018 like 193,574 #146",409,256,153,160,132,398,https://www.webtoons.com/en/drama/lookism/ep-146-picnic-08/viewer?title_no=1049&episode_no=146
lookism,Lookism,147,episode-000147-ep-147-picnic-09,"Ep. 147: Picnic (09) Jan 10, 2018 like 156,184 #147",388,256,132,160,112,378,https://www.webtoons.com/en/drama/lookism/ep-147-picnic-09/viewer?title_no=1049&episode_no=147
lookism,Lookism,148,episode-000148-ep-148-picnic-conclusion,"Ep. 148: Picnic (Conclusion) Jan 11, 2018 like 150,222 #148",411,256,155,160,135,401,https://www.webtoons.com/en/drama/lookism/ep-148-picnic-conclusion/viewer?title_no=1049&episode_no=148
lookism,Lookism,149,episode-000149-ep-149-animal-cruelty-14,"Ep. 149: Animal Cruelty (1/4) Jan 14, 2018 like 187,075 #149",393,256,137,160,117,383,https://www.webtoons.com/en/drama/lookism/ep-149-animal-cruelty-14/viewer?title_no=1049&episode_no=149
lookism,Lookism,150,episode-000150-ep-150-animal-cruelty-24,"Ep. 150: Animal Cruelty (2/4) Jan 15, 2018 like 147,005 #150",383,256,127,160,107,373,https://www.webtoons.com/en/drama/lookism/ep-150-animal-cruelty-24/viewer?title_no=1049&episode_no=150
lookism,Lookism,151,episode-000151-ep-151-animal-cruelty-34,"Ep. 151: Animal Cruelty (3/4) Jan 16, 2018 like 145,810 #151",419,256,163,160,143,409,https://www.webtoons.com/en/drama/lookism/ep-151-animal-cruelty-34/viewer?title_no=1049&episode_no=151
lookism,Lookism,152,episode-000152-ep-152-animal-cruelty-last,"Ep. 152: Animal Cruelty (Last) Jan 17, 2018 like 158,176 #152",414,256,158,160,138,404,https://www.webtoons.com/en/drama/lookism/ep-152-animal-cruelty-last/viewer?title_no=1049&episode_no=152
lookism,Lookism,153,episode-000153-ep-153-thanksgiving-15,"Ep. 153: Thanksgiving (1/5) Jan 18, 2018 like 160,081 #153",375,256,119,160,98,364,https://www.webtoons.com/en/drama/lookism/ep-153-thanksgiving-15/viewer?title_no=1049&episode_no=153
lookism,Lookism,154,episode-000154-ep-154-thanksgiving-25,"Ep. 154: Thanksgiving (2/5) Jan 21, 2018 like 149,914 #154",407,256,151,160,131,397,https://www.webtoons.com/en/drama/lookism/ep-154-thanksgiving-25/viewer?title_no=1049&episode_no=154
lookism,Lookism,155,episode-000155-ep-155-thanksgiving-35,"Ep. 155: Thanksgiving (3/5) Jan 22, 2018 like 138,765 #155",392,256,136,160,116,382,https://www.webtoons.com/en/drama/lookism/ep-155-thanksgiving-35/viewer?title_no=1049&episode_no=155
lookism,Lookism,156,episode-000156-ep-156-thanksgiving-45,"Ep. 156: Thanksgiving (4/5) Jan 23, 2018 like 137,225 #156",389,256,133,160,113,379,https://www.webtoons.com/en/drama/lookism/ep-156-thanksgiving-45/viewer?title_no=1049&episode_no=156
lookism,Lookism,157,episode-000157-ep-157-thanksgiving-end,"Ep. 157: Thanksgiving (End) Jan 24, 2018 like 151,087 #157",389,256,133,160,113,379,https://www.webtoons.com/en/drama/lookism/ep-157-thanksgiving-end/viewer?title_no=1049&episode_no=157
lookism,Lookism,158,episode-000158-ep-158-seonong-goes-to-seoul-13,"Ep. 158: Seonong Goes to Seoul (1/3) Jan 25, 2018 like 140,169 #158",337,256,81,160,61,327,https://www.webtoons.com/en/drama/lookism/ep-158-seonong-goes-to-seoul-13/viewer?title_no=1049&episode_no=158
lookism,Lookism,159,episode-000159-ep-159-seonong-goes-to-seoul-23,"Ep. 159: Seonong Goes to Seoul (2/3) Jan 28, 2018 like 143,872 #159",415,256,159,160,139,405,https://www.webtoons.com/en/drama/lookism/ep-159-seonong-goes-to-seoul-23/viewer?title_no=1049&episode_no=159
lookism,Lookism,160,episode-000160-ep-160-seonong-goes-to-seoul-conclusion,"Ep. 160: Seonong Goes to Seoul (Conclusion) Jan 29, 2018 like 148,896 #160",404,256,148,160,128,394,https://www.webtoons.com/en/drama/lookism/ep-160-seonong-goes-to-seoul-conclusion/viewer?title_no=1049&episode_no=160
lookism,Lookism,161,episode-000161-ep-161-crystals-investigation-12,"Ep. 161: Crystal's Investigation (1/2) Jan 30, 2018 like 171,244 #161",397,256,141,160,120,386,https://www.webtoons.com/en/drama/lookism/ep-161-crystals-investigation-12/viewer?title_no=1049&episode_no=161
lookism,Lookism,162,episode-000162-ep-162-crystals-investigation-22,"Ep. 162: Crystal's Investigation (2/2) Jan 31, 2018 like 172,345 #162",419,256,163,160,143,409,https://www.webtoons.com/en/drama/lookism/ep-162-crystals-investigation-22/viewer?title_no=1049&episode_no=162
lookism,Lookism,163,episode-000163-ep-163-fake-bank-account-01,"Ep. 163: Fake Bank Account (01) Feb 1, 2018 like 149,273 #163",446,256,190,160,170,436,https://www.webtoons.com/en/drama/lookism/ep-163-fake-bank-account-01/viewer?title_no=1049&episode_no=163
lookism,Lookism,164,episode-000164-ep-164-fake-bank-account-02,"Ep. 164: Fake Bank Account (02) Feb 4, 2018 like 164,734 #164",411,256,155,160,134,400,https://www.webtoons.com/en/drama/lookism/ep-164-fake-bank-account-02/viewer?title_no=1049&episode_no=164
lookism,Lookism,165,episode-000165-ep-165-fake-bank-account-03,"Ep. 165: Fake Bank Account (03) Feb 11, 2018 like 148,727 #165",420,256,164,160,144,410,https://www.webtoons.com/en/drama/lookism/ep-165-fake-bank-account-03/viewer?title_no=1049&episode_no=165
lookism,Lookism,166,episode-000166-ep-166-fake-bank-account-04,"Ep. 166: Fake Bank Account (04) Feb 18, 2018 like 151,480 #166",380,256,124,160,104,370,https://www.webtoons.com/en/drama/lookism/ep-166-fake-bank-account-04/viewer?title_no=1049&episode_no=166
lookism,Lookism,167,episode-000167-ep-167-fake-bank-account-05,"Ep. 167: Fake Bank Account (05) Feb 25, 2018 like 203,210 #167",402,256,146,160,126,392,https://www.webtoons.com/en/drama/lookism/ep-167-fake-bank-account-05/viewer?title_no=1049&episode_no=167
lookism,Lookism,168,episode-000168-ep-168-fake-bank-account-06,"Ep. 168: Fake Bank Account (06) Mar 4, 2018 like 164,939 #168",415,256,159,160,139,405,https://www.webtoons.com/en/drama/lookism/ep-168-fake-bank-account-06/viewer?title_no=1049&episode_no=168
lookism,Lookism,169,episode-000169-ep-169-fake-bank-account-07,"Ep. 169: Fake Bank Account (07) Mar 11, 2018 like 161,548 #169",389,256,133,160,113,379,https://www.webtoons.com/en/drama/lookism/ep-169-fake-bank-account-07/viewer?title_no=1049&episode_no=169
lookism,Lookism,170,episode-000170-ep-170-fake-bank-account-08,"Ep. 170: Fake Bank Account (08) Mar 18, 2018 like 155,239 #170",386,256,130,160,110,376,https://www.webtoons.com/en/drama/lookism/ep-170-fake-bank-account-08/viewer?title_no=1049&episode_no=170
lookism,Lookism,171,episode-000171-ep-171-fake-bank-account-epilogue,"Ep. 171: Fake Bank Account (Epilogue) Mar 25, 2018 like 153,838 #171",400,256,144,160,124,390,https://www.webtoons.com/en/drama/lookism/ep-171-fake-bank-account-epilogue/viewer?title_no=1049&episode_no=171
lookism,Lookism,172,episode-000172-ep-172-daniel-parks-death-12,"Ep. 172: Daniel Park's Death (1/2) Apr 1, 2018 like 160,261 #172",387,256,131,160,111,377,https://www.webtoons.com/en/drama/lookism/ep-172-daniel-parks-death-12/viewer?title_no=1049&episode_no=172
lookism,Lookism,173,episode-000173-ep-173-daniel-parks-death-22,"Ep. 173: Daniel Park's Death (2/2) Apr 8, 2018 like 152,850 #173",444,256,188,160,167,433,https://www.webtoons.com/en/drama/lookism/ep-173-daniel-parks-death-22/viewer?title_no=1049&episode_no=173
lookism,Lookism,174,episode-000174-ep-174-the-truth-behind-daniel-park-01,"Ep. 174: The Truth Behind Daniel Park (01) Apr 15, 2018 like 155,454 #174",426,256,170,160,150,416,https://www.webtoons.com/en/drama/lookism/ep-174-the-truth-behind-daniel-park-01/viewer?title_no=1049&episode_no=174
lookism,Lookism,175,episode-000175-ep-175-the-truth-behind-daniel-park-02,"Ep. 175: The Truth Behind Daniel Park (02) Apr 22, 2018 like 153,731 #175",409,256,153,160,133,399,https://www.webtoons.com/en/drama/lookism/ep-175-the-truth-behind-daniel-park-02/viewer?title_no=1049&episode_no=175
lookism,Lookism,176,episode-000176-ep-176-the-truth-behind-daniel-park-03,"Ep. 176: The Truth Behind Daniel Park (03) Apr 29, 2018 like 156,313 #176",425,256,169,160,149,415,https://www.webtoons.com/en/drama/lookism/ep-176-the-truth-behind-daniel-park-03/viewer?title_no=1049&episode_no=176
lookism,Lookism,177,episode-000177-ep-177-the-truth-behind-daniel-park-conclusion,"Ep. 177: The Truth Behind Daniel Park (Conclusion) May 6, 2018 like 161,534 #177",456,256,200,160,180,446,https://www.webtoons.com/en/drama/lookism/ep-177-the-truth-behind-daniel-park-conclusion/viewer?title_no=1049&episode_no=177
lookism,Lookism,178,episode-000178-ep-178-vascos-blind-date-12,"Ep. 178: Vasco's Blind Date (1/2) May 13, 2018 like 186,577 #178",371,256,115,160,95,361,https://www.webtoons.com/en/drama/lookism/ep-178-vascos-blind-date-12/viewer?title_no=1049&episode_no=178
lookism,Lookism,179,episode-000179-ep-179-vascos-blind-date-22,"Ep. 179: Vasco's Blind Date (2/2) May 20, 2018 like 176,626 #179",483,256,227,160,207,473,https://www.webtoons.com/en/drama/lookism/ep-179-vascos-blind-date-22/viewer?title_no=1049&episode_no=179
lookism,Lookism,180,episode-000180-ep-180-juvenile-prison-01,"Ep. 180: Juvenile Prison (01) May 27, 2018 like 148,484 #180",385,256,129,160,109,375,https://www.webtoons.com/en/drama/lookism/ep-180-juvenile-prison-01/viewer?title_no=1049&episode_no=180
lookism,Lookism,181,episode-000181-ep-181-juvenile-prison-02,"Ep. 181: Juvenile Prison (02) Jun 3, 2018 like 144,249 #181",471,256,215,160,194,460,https://www.webtoons.com/en/drama/lookism/ep-181-juvenile-prison-02/viewer?title_no=1049&episode_no=181
lookism,Lookism,182,episode-000182-ep-182-juvenile-prison-03,"Ep. 182: Juvenile Prison (03) Jun 10, 2018 like 145,132 #182",431,256,175,160,155,421,https://www.webtoons.com/en/drama/lookism/ep-182-juvenile-prison-03/viewer?title_no=1049&episode_no=182
lookism,Lookism,183,episode-000183-ep-183-juvenile-prison-04,"Ep. 183: Juvenile Prison (04) Jun 17, 2018 like 144,033 #183",430,256,174,160,154,420,https://www.webtoons.com/en/drama/lookism/ep-183-juvenile-prison-04/viewer?title_no=1049&episode_no=183
lookism,Lookism,184,episode-000184-ep-184-juvenile-prison-05,"Ep. 184: Juvenile Prison (05) Jun 24, 2018 like 151,114 #184",464,256,208,160,187,453,https://www.webtoons.com/en/drama/lookism/ep-184-juvenile-prison-05/viewer?title_no=1049&episode_no=184
lookism,Lookism,185,episode-000185-ep-185-juvenile-prison-conclusion,"Ep. 185: Juvenile Prison (Conclusion) Jul 1, 2018 like 149,644 #185",417,256,161,160,141,407,https://www.webtoons.com/en/drama/lookism/ep-185-juvenile-prison-conclusion/viewer?title_no=1049&episode_no=185
lookism,Lookism,186,episode-000186-ep-186-zacks-babysit-diary-12,"Ep. 186: Zack's Babysit Diary (1/2) Jul 8, 2018 like 173,030 #186",429,256,173,160,153,419,https://www.webtoons.com/en/drama/lookism/ep-186-zacks-babysit-diary-12/viewer?title_no=1049&episode_no=186
lookism,Lookism,187,episode-000187-ep-187-zacks-babysit-diary-22,"Ep. 187: Zack's Babysit Diary (2/2) Jul 15, 2018 like 183,965 #187",421,256,165,160,145,411,https://www.webtoons.com/en/drama/lookism/ep-187-zacks-babysit-diary-22/viewer?title_no=1049&episode_no=187
lookism,Lookism,188,episode-000188-ep-188-daniel-park-13,"Ep. 188: Daniel Park (1/3) Jul 22, 2018 like 158,928 #188",415,256,159,160,138,404,https://www.webtoons.com/en/drama/lookism/ep-188-daniel-park-13/viewer?title_no=1049&episode_no=188
lookism,Lookism,189,episode-000189-ep-189-daniel-park-23,"Ep. 189: Daniel Park (2/3) Jul 29, 2018 like 150,237 #189",392,256,136,160,116,382,https://www.webtoons.com/en/drama/lookism/ep-189-daniel-park-23/viewer?title_no=1049&episode_no=189
lookism,Lookism,190,episode-000190-ep-190-daniel-park-33,"Ep. 190: Daniel Park (3/3) Aug 5, 2018 like 159,058 #190",424,256,168,160,148,414,https://www.webtoons.com/en/drama/lookism/ep-190-daniel-park-33/viewer?title_no=1049&episode_no=190
lookism,Lookism,191,episode-000191-ep-191-homeless-01,"Ep. 191: Homeless (01) Aug 12, 2018 like 149,513 #191",417,256,161,160,141,407,https://www.webtoons.com/en/drama/lookism/ep-191-homeless-01/viewer?title_no=1049&episode_no=191
lookism,Lookism,192,episode-000192-ep-192-homeless-02,"Ep. 192: Homeless (02) Aug 19, 2018 like 149,294 #192",463,256,207,160,187,453,https://www.webtoons.com/en/drama/lookism/ep-192-homeless-02/viewer?title_no=1049&episode_no=192
lookism,Lookism,193,episode-000193-ep-193-homeless-03,"Ep. 193: Homeless (03) Aug 26, 2018 like 168,539 #193",433,256,177,160,157,423,https://www.webtoons.com/en/drama/lookism/ep-193-homeless-03/viewer?title_no=1049&episode_no=193
lookism,Lookism,194,episode-000194-ep-194-homeless-conclusion,"Ep. 194: Homeless (Conclusion) Sep 2, 2018 like 175,265 #194",473,256,217,160,197,463,https://www.webtoons.com/en/drama/lookism/ep-194-homeless-conclusion/viewer?title_no=1049&episode_no=194
lookism,Lookism,195,episode-000195-ep-195-daniel-park-vs-logan-lee-13,"Ep. 195: Daniel Park vs. Logan Lee (1/3) Sep 9, 2018 like 169,579 #195",442,256,186,160,166,432,https://www.webtoons.com/en/drama/lookism/ep-195-daniel-park-vs-logan-lee-13/viewer?title_no=1049&episode_no=195
lookism,Lookism,196,episode-000196-ep-196-daniel-park-vs-logan-lee-23,"Ep. 196: Daniel Park vs. Logan Lee (2/3) Sep 16, 2018 like 174,446 #196",443,256,187,160,167,433,https://www.webtoons.com/en/drama/lookism/ep-196-daniel-park-vs-logan-lee-23/viewer?title_no=1049&episode_no=196
lookism,Lookism,197,episode-000197-ep-197-daniel-park-vs-logan-lee-33,"Ep. 197: Daniel Park vs. Logan Lee (3/3) Sep 23, 2018 like 177,582 #197",429,256,173,160,153,419,https://www.webtoons.com/en/drama/lookism/ep-197-daniel-park-vs-logan-lee-33/viewer?title_no=1049&episode_no=197
lookism,Lookism,198,episode-000198-ep-198-daniel-awakens,"Ep. 198: Daniel Awakens Sep 30, 2018 like 188,358 #198",426,256,170,160,150,416,https://www.webtoons.com/en/drama/lookism/ep-198-daniel-awakens/viewer?title_no=1049&episode_no=198
lookism,Lookism,199,episode-000199-ep-199-god-dog-01,"Ep. 199: God Dog (01) Oct 7, 2018 like 221,865 #199",431,256,175,160,155,421,https://www.webtoons.com/en/drama/lookism/ep-199-god-dog-01/viewer?title_no=1049&episode_no=199
lookism,Lookism,200,episode-000200-ep-200-god-dog-02,"Ep. 200: God Dog (02) Oct 14, 2018 like 181,958 #200",442,256,186,160,166,432,https://www.webtoons.com/en/drama/lookism/ep-200-god-dog-02/viewer?title_no=1049&episode_no=200
lookism,Lookism,201,episode-000201-ep-201-god-dog-03,"Ep. 201: God Dog (03) Oct 21, 2018 like 163,499 #201",432,256,176,160,155,421,https://www.webtoons.com/en/drama/lookism/ep-201-god-dog-03/viewer?title_no=1049&episode_no=201
lookism,Lookism,202,episode-000202-ep-202-god-dog-04,"Ep. 202: God Dog (04) Oct 28, 2018 like 163,418 #202",394,256,138,160,118,384,https://www.webtoons.com/en/drama/lookism/ep-202-god-dog-04/viewer?title_no=1049&episode_no=202
lookism,Lookism,203,episode-000203-ep-203-god-dog-05,"Ep. 203: God Dog (05) Nov 4, 2018 like 165,791 #203",459,256,203,160,183,449,https://www.webtoons.com/en/drama/lookism/ep-203-god-dog-05/viewer?title_no=1049&episode_no=203
lookism,Lookism,204,episode-000204-ep-204-god-dog-06,"Ep. 204: God Dog (06) Nov 11, 2018 like 166,233 #204",409,256,153,160,133,399,https://www.webtoons.com/en/drama/lookism/ep-204-god-dog-06/viewer?title_no=1049&episode_no=204
lookism,Lookism,205,episode-000205-ep-205-god-dog-07,"Ep. 205: God Dog (07) Nov 18, 2018 like 181,876 #205",494,256,238,160,218,484,https://www.webtoons.com/en/drama/lookism/ep-205-god-dog-07/viewer?title_no=1049&episode_no=205
lookism,Lookism,206,episode-000206-ep-206-god-dog-08,"Ep. 206: God Dog (08) Nov 26, 2018 like 179,479 #206",444,256,188,160,168,434,https://www.webtoons.com/en/drama/lookism/ep-206-god-dog-08/viewer?title_no=1049&episode_no=206
lookism,Lookism,207,episode-000207-ep-207-god-dog-09,"Ep. 207: God Dog (09) Dec 2, 2018 like 181,142 #207",462,256,206,160,186,452,https://www.webtoons.com/en/drama/lookism/ep-207-god-dog-09/viewer?title_no=1049&episode_no=207
lookism,Lookism,208,episode-000208-ep-208-god-dog-10,"Ep. 208: God Dog (10) Dec 9, 2018 like 176,216 #208",473,256,217,160,197,463,https://www.webtoons.com/en/drama/lookism/ep-208-god-dog-10/viewer?title_no=1049&episode_no=208
lookism,Lookism,209,episode-000209-ep-209-god-dog-11,"Ep. 209: God Dog (11) Dec 16, 2018 like 176,155 #209",455,256,199,160,178,444,https://www.webtoons.com/en/drama/lookism/ep-209-god-dog-11/viewer?title_no=1049&episode_no=209
lookism,Lookism,210,episode-000210-ep-210-god-dog-12,"Ep. 210: God Dog (12) Dec 23, 2018 like 163,206 #210",380,256,124,160,104,370,https://www.webtoons.com/en/drama/lookism/ep-210-god-dog-12/viewer?title_no=1049&episode_no=210
lookism,Lookism,211,episode-000211-ep-211-god-dog-13,"Ep. 211: God Dog (13) Dec 30, 2018 like 169,608 #211",416,256,160,160,139,405,https://www.webtoons.com/en/drama/lookism/ep-211-god-dog-13/viewer?title_no=1049&episode_no=211
lookism,Lookism,212,episode-000212-ep-212-god-dog-finale,"Ep. 212: God Dog (Finale) Jan 5, 2019 like 172,621 #212",478,256,222,160,202,468,https://www.webtoons.com/en/drama/lookism/ep-212-god-dog-finale/viewer?title_no=1049&episode_no=212
lookism,Lookism,213,episode-000213-ep-213-god-dog-epilogue,"Ep. 213: God Dog (Epilogue) Jan 12, 2019 like 169,738 #213",464,256,208,160,188,454,https://www.webtoons.com/en/drama/lookism/ep-213-god-dog-epilogue/viewer?title_no=1049&episode_no=213
lookism,Lookism,214,episode-000214-ep-214-vascos-crisis,"Ep. 214: Vasco's Crisis Jan 19, 2019 like 170,140 #214",442,256,186,160,166,432,https://www.webtoons.com/en/drama/lookism/ep-214-vascos-crisis/viewer?title_no=1049&episode_no=214
lookism,Lookism,215,episode-000215-ep-215-jacedaichi-case-files-01,"Ep. 215: Jacedaichi Case Files (01) Jan 26, 2019 like 162,222 #215",427,256,171,160,151,417,https://www.webtoons.com/en/drama/lookism/ep-215-jacedaichi-case-files-01/viewer?title_no=1049&episode_no=215
lookism,Lookism,216,episode-000216-ep-216-jacedaichi-case-files-02,"Ep. 216: Jacedaichi Case Files (02) Feb 2, 2019 like 157,560 #216",500,256,244,160,224,490,https://www.webtoons.com/en/drama/lookism/ep-216-jacedaichi-case-files-02/viewer?title_no=1049&episode_no=216
lookism,Lookism,217,episode-000217-ep-217-jacedaichi-case-files-03,"Ep. 217: Jacedaichi Case Files (03) Feb 9, 2019 like 168,053 #217",447,256,191,160,171,437,https://www.webtoons.com/en/drama/lookism/ep-217-jacedaichi-case-files-03/viewer?title_no=1049&episode_no=217
lookism,Lookism,218,episode-000218-ep-218-jacedaichi-case-files-04,"Ep. 218: Jacedaichi Case Files (04) Feb 16, 2019 like 163,469 #218",453,256,197,160,177,443,https://www.webtoons.com/en/drama/lookism/ep-218-jacedaichi-case-files-04/viewer?title_no=1049&episode_no=218
lookism,Lookism,219,episode-000219-ep-219-runaway-fam-01,"Ep. 219: Runaway Fam (01) Feb 23, 2019 like 168,567 #219",483,256,227,160,207,473,https://www.webtoons.com/en/drama/lookism/ep-219-runaway-fam-01/viewer?title_no=1049&episode_no=219
lookism,Lookism,220,episode-000220-ep-220-runaway-fam-02,"Ep. 220: Runaway Fam (02) Mar 2, 2019 like 190,941 #220",449,256,193,160,173,439,https://www.webtoons.com/en/drama/lookism/ep-220-runaway-fam-02/viewer?title_no=1049&episode_no=220
lookism,Lookism,221,episode-000221-ep-221-runaway-fam-03,"Ep. 221: Runaway Fam (03) Mar 9, 2019 like 184,817 #221",480,256,224,160,204,470,https://www.webtoons.com/en/drama/lookism/ep-221-runaway-fam-03/viewer?title_no=1049&episode_no=221
lookism,Lookism,222,episode-000222-ep-222-runaway-fam-04,"Ep. 222: Runaway Fam (04) Mar 16, 2019 like 157,568 #222",436,256,180,160,160,426,https://www.webtoons.com/en/drama/lookism/ep-222-runaway-fam-04/viewer?title_no=1049&episode_no=222
lookism,Lookism,223,episode-000223-ep-223-runaway-fam-05,"Ep. 223: Runaway Fam (05) Mar 23, 2019 like 163,891 #223",459,256,203,160,183,449,https://www.webtoons.com/en/drama/lookism/ep-223-runaway-fam-05/viewer?title_no=1049&episode_no=223
lookism,Lookism,224,episode-000224-ep-224-runaway-fam-06,"Ep. 224: Runaway Fam (06) Mar 30, 2019 like 165,760 #224",485,256,229,160,209,475,https://www.webtoons.com/en/drama/lookism/ep-224-runaway-fam-06/viewer?title_no=1049&episode_no=224
lookism,Lookism,225,episode-000225-ep-225-runaway-fam-07,"Ep. 225: Runaway Fam (07) Apr 6, 2019 like 159,266 #225",472,256,216,160,196,462,https://www.webtoons.com/en/drama/lookism/ep-225-runaway-fam-07/viewer?title_no=1049&episode_no=225
lookism,Lookism,226,episode-000226-ep-226-runaway-fam-08,"Ep. 226: Runaway Fam (08) Apr 13, 2019 like 161,866 #226",489,256,233,160,213,479,https://www.webtoons.com/en/drama/lookism/ep-226-runaway-fam-08/viewer?title_no=1049&episode_no=226
lookism,Lookism,227,episode-000227-ep-227-runaway-fam-09,"Ep. 227: Runaway Fam (09) Apr 20, 2019 like 160,081 #227",432,256,176,160,156,422,https://www.webtoons.com/en/drama/lookism/ep-227-runaway-fam-09/viewer?title_no=1049&episode_no=227
lookism,Lookism,228,episode-000228-ep-228-runaway-fam-10,"Ep. 228: Runaway Fam (10) Apr 27, 2019 like 158,264 #228",468,256,212,160,192,458,https://www.webtoons.com/en/drama/lookism/ep-228-runaway-fam-10/viewer?title_no=1049&episode_no=228
lookism,Lookism,229,episode-000229-ep-229-runaway-fam-11,"Ep. 229: Runaway Fam (11) May 4, 2019 like 171,359 #229",478,256,222,160,202,468,https://www.webtoons.com/en/drama/lookism/ep-229-runaway-fam-11/viewer?title_no=1049&episode_no=229
lookism,Lookism,230,episode-000230-ep-230-runaway-fam-finale,"Ep. 230: Runaway Fam (Finale) May 11, 2019 like 159,857 #230",480,256,224,160,204,470,https://www.webtoons.com/en/drama/lookism/ep-230-runaway-fam-finale/viewer?title_no=1049&episode_no=230
lookism,Lookism,231,episode-000231-ep-231-runaway-fam-epilogue,"Ep. 231: Runaway Fam (Epilogue) May 18, 2019 like 158,647 #231",492,256,236,160,216,482,https://www.webtoons.com/en/drama/lookism/ep-231-runaway-fam-epilogue/viewer?title_no=1049&episode_no=231
lookism,Lookism,232,episode-000232-ep-232-eli-jang-1,"Ep. 232: Eli Jang (1) May 25, 2019 like 153,407 #232",436,256,180,160,159,425,https://www.webtoons.com/en/drama/lookism/ep-232-eli-jang-1/viewer?title_no=1049&episode_no=232
lookism,Lookism,233,episode-000233-ep-233-eli-jang-2,"Ep. 233: Eli Jang (2) Jun 1, 2019 like 149,622 #233",440,256,184,160,164,430,https://www.webtoons.com/en/drama/lookism/ep-233-eli-jang-2/viewer?title_no=1049&episode_no=233
lookism,Lookism,234,episode-000234-ep-234-eli-jang-3,"Ep. 234: Eli Jang (3) Jun 8, 2019 like 149,284 #234",441,256,185,160,165,431,https://www.webtoons.com/en/drama/lookism/ep-234-eli-jang-3/viewer?title_no=1049&episode_no=234
lookism,Lookism,235,episode-000235-ep-235-eli-jang-4,"Ep. 235: Eli Jang (4) Jun 15, 2019 like 147,344 #235",435,256,179,160,159,425,https://www.webtoons.com/en/drama/lookism/ep-235-eli-jang-4/viewer?title_no=1049&episode_no=235
lookism,Lookism,236,episode-000236-ep-236-eli-jang-5,"Ep. 236: Eli Jang (5) Jun 22, 2019 like 146,409 #236",444,256,188,160,168,434,https://www.webtoons.com/en/drama/lookism/ep-236-eli-jang-5/viewer?title_no=1049&episode_no=236
lookism,Lookism,237,episode-000237-ep-237-eli-jang-6,"Ep. 237: Eli Jang (6) Jun 29, 2019 like 140,796 #237",450,256,194,160,174,440,https://www.webtoons.com/en/drama/lookism/ep-237-eli-jang-6/viewer?title_no=1049&episode_no=237
lookism,Lookism,238,episode-000238-ep-238-eli-jang-7,"Ep. 238: Eli Jang (7) Jul 6, 2019 like 138,967 #238",455,256,199,160,179,445,https://www.webtoons.com/en/drama/lookism/ep-238-eli-jang-7/viewer?title_no=1049&episode_no=238
lookism,Lookism,239,episode-000239-ep-239-eli-jang-8,"Ep. 239: Eli Jang (8) Jul 13, 2019 like 141,385 #239",498,256,242,160,222,488,https://www.webtoons.com/en/drama/lookism/ep-239-eli-jang-8/viewer?title_no=1049&episode_no=239
lookism,Lookism,240,episode-000240-ep-240-eli-jang-9,"Ep. 240: Eli Jang (9) Jul 20, 2019 like 139,497 #240",459,256,203,160,183,449,https://www.webtoons.com/en/drama/lookism/ep-240-eli-jang-9/viewer?title_no=1049&episode_no=240
lookism,Lookism,241,episode-000241-ep-241-eli-jang-10,"Ep. 241: Eli Jang (10) Jul 27, 2019 like 141,854 #241",463,256,207,160,187,453,https://www.webtoons.com/en/drama/lookism/ep-241-eli-jang-10/viewer?title_no=1049&episode_no=241
lookism,Lookism,242,episode-000242-ep-242-eli-jang-11,"Ep. 242: Eli Jang (11) Aug 3, 2019 like 146,815 #242",463,256,207,160,186,452,https://www.webtoons.com/en/drama/lookism/ep-242-eli-jang-11/viewer?title_no=1049&episode_no=242
lookism,Lookism,243,episode-000243-ep-243-eli-jang-12,"Ep. 243: Eli Jang (12) Aug 10, 2019 like 136,083 #243",445,256,189,160,169,435,https://www.webtoons.com/en/drama/lookism/ep-243-eli-jang-12/viewer?title_no=1049&episode_no=243
lookism,Lookism,244,episode-000244-ep-244-eli-jang-13,"Ep. 244: Eli Jang (13) Aug 17, 2019 like 134,915 #244",471,256,215,160,195,461,https://www.webtoons.com/en/drama/lookism/ep-244-eli-jang-13/viewer?title_no=1049&episode_no=244
lookism,Lookism,245,episode-000245-ep-245-eli-jang-14,"Ep. 245: Eli Jang (14) Aug 24, 2019 like 131,241 #245",478,256,222,160,202,468,https://www.webtoons.com/en/drama/lookism/ep-245-eli-jang-14/viewer?title_no=1049&episode_no=245
lookism,Lookism,246,episode-000246-ep-246-eli-jang-15,"Ep. 246: Eli Jang (15) Aug 31, 2019 like 133,428 #246",447,256,191,160,170,436,https://www.webtoons.com/en/drama/lookism/ep-246-eli-jang-15/viewer?title_no=1049&episode_no=246
lookism,Lookism,247,episode-000247-ep-247-eli-jang-last-episode,"Ep. 247: Eli Jang (Last Episode) Sep 7, 2019 like 145,564 #247",467,256,211,160,191,457,https://www.webtoons.com/en/drama/lookism/ep-247-eli-jang-last-episode/viewer?title_no=1049&episode_no=247
lookism,Lookism,248,episode-000248-ep-248-eli-jang-epilogue,"Ep. 248: Eli Jang (Epilogue) Sep 14, 2019 like 139,375 #248",499,256,243,160,223,489,https://www.webtoons.com/en/drama/lookism/ep-248-eli-jang-epilogue/viewer?title_no=1049&episode_no=248
lookism,Lookism,249,episode-000249-ep-249-hostel-prologue,"Ep. 249: Hostel (Prologue) Sep 21, 2019 like 139,714 #249",506,256,250,160,230,496,https://www.webtoons.com/en/drama/lookism/ep-249-hostel-prologue/viewer?title_no=1049&episode_no=249
lookism,Lookism,250,episode-000250-ep-250-wuthering-j-high-school-1,"Ep. 250: Wuthering J high School (1) Sep 28, 2019 like 147,841 #250",482,256,226,160,206,472,https://www.webtoons.com/en/drama/lookism/ep-250-wuthering-j-high-school-1/viewer?title_no=1049&episode_no=250
lookism,Lookism,251,episode-000251-ep-251-wuthering-j-high-school-2,"Ep. 251: Wuthering J high School (2) Oct 5, 2019 like 144,883 #251",466,256,210,160,190,456,https://www.webtoons.com/en/drama/lookism/ep-251-wuthering-j-high-school-2/viewer?title_no=1049&episode_no=251
lookism,Lookism,252,episode-000252-ep-252-jin-jangs-analysis-1,"Ep. 252: Jin jang's Analysis (1) Oct 12, 2019 like 140,886 #252",433,256,177,160,157,423,https://www.webtoons.com/en/drama/lookism/ep-252-jin-jangs-analysis-1/viewer?title_no=1049&episode_no=252
lookism,Lookism,253,episode-000253-ep-253-jin-jangs-analysis-2,"Ep. 253: Jin jang's Analysis (2) Oct 19, 2019 like 150,633 #253",457,256,201,160,181,447,https://www.webtoons.com/en/drama/lookism/ep-253-jin-jangs-analysis-2/viewer?title_no=1049&episode_no=253
lookism,Lookism,254,episode-000254-ep-254-jin-jangs-analysis-3,"Ep. 254: Jin jang's Analysis (3) Oct 26, 2019 like 140,317 #254",459,256,203,160,183,449,https://www.webtoons.com/en/drama/lookism/ep-254-jin-jangs-analysis-3/viewer?title_no=1049&episode_no=254
lookism,Lookism,255,episode-000255-ep-255-hostel-branch-1,"Ep. 255: Hostel Branch (1) Nov 2, 2019 like 134,857 #255",444,256,188,160,168,434,https://www.webtoons.com/en/drama/lookism/ep-255-hostel-branch-1/viewer?title_no=1049&episode_no=255
lookism,Lookism,256,episode-000256-ep-256-hostel-branch-2,"Ep. 256: Hostel Branch (2) Nov 9, 2019 like 136,230 #256",454,256,198,160,178,444,https://www.webtoons.com/en/drama/lookism/ep-256-hostel-branch-2/viewer?title_no=1049&episode_no=256
lookism,Lookism,257,episode-000257-ep-257-hostel-branch-3,"Ep. 257: Hostel Branch (3) Nov 16, 2019 like 133,292 #257",451,256,195,160,175,441,https://www.webtoons.com/en/drama/lookism/ep-257-hostel-branch-3/viewer?title_no=1049&episode_no=257
lookism,Lookism,258,episode-000258-ep-258-one-night-1,"Ep. 258: One Night (1) Nov 23, 2019 like 139,249 #258",491,256,235,160,215,481,https://www.webtoons.com/en/drama/lookism/ep-258-one-night-1/viewer?title_no=1049&episode_no=258
lookism,Lookism,259,episode-000259-ep-259-one-night-2,"Ep. 259: One Night (2) Nov 30, 2019 like 134,559 #259",457,256,201,160,181,447,https://www.webtoons.com/en/drama/lookism/ep-259-one-night-2/viewer?title_no=1049&episode_no=259
lookism,Lookism,260,episode-000260-ep-260-one-night-3,"Ep. 260: One Night (3) Dec 7, 2019 like 139,580 #260",440,256,184,160,164,430,https://www.webtoons.com/en/drama/lookism/ep-260-one-night-3/viewer?title_no=1049&episode_no=260
lookism,Lookism,261,episode-000261-ep-261-one-night-4,"Ep. 261: One Night (4) Dec 14, 2019 like 131,302 #261",473,256,217,160,197,463,https://www.webtoons.com/en/drama/lookism/ep-261-one-night-4/viewer?title_no=1049&episode_no=261
lookism,Lookism,262,episode-000262-ep-262-one-night-5,"Ep. 262: One Night (5) Dec 21, 2019 like 131,569 #262",447,256,191,160,171,437,https://www.webtoons.com/en/drama/lookism/ep-262-one-night-5/viewer?title_no=1049&episode_no=262
lookism,Lookism,263,episode-000263-ep-263-one-night-last-episode,"Ep. 263: One Night (Last Episode) Dec 28, 2019 like 126,777 #263",431,256,175,160,155,421,https://www.webtoons.com/en/drama/lookism/ep-263-one-night-last-episode/viewer?title_no=1049&episode_no=263
lookism,Lookism,264,episode-000264-ep-264-juvenile-prison-jiho-park-1,"Ep. 264: Juvenile Prison Jiho Park (1) Jan 4, 2020 like 122,008 #264",443,256,187,160,167,433,https://www.webtoons.com/en/drama/lookism/ep-264-juvenile-prison-jiho-park-1/viewer?title_no=1049&episode_no=264
lookism,Lookism,265,episode-000265-ep-265-juvenile-prison-jiho-park-2,"Ep. 265: Juvenile Prison Jiho Park (2) Jan 11, 2020 like 122,817 #265",443,256,187,160,167,433,https://www.webtoons.com/en/drama/lookism/ep-265-juvenile-prison-jiho-park-2/viewer?title_no=1049&episode_no=265
lookism,Lookism,266,episode-000266-ep-266-hostel-1,"Ep. 266: Hostel (1) Jan 18, 2020 like 125,268 #266",462,256,206,160,186,452,https://www.webtoons.com/en/drama/lookism/ep-266-hostel-1/viewer?title_no=1049&episode_no=266
lookism,Lookism,267,episode-000267-ep-267-hostel-2,"Ep. 267: Hostel (2) Jan 25, 2020 like 128,865 #267",503,256,247,160,227,493,https://www.webtoons.com/en/drama/lookism/ep-267-hostel-2/viewer?title_no=1049&episode_no=267
lookism,Lookism,268,episode-000268-ep-268-hostel-3,"Ep. 268: Hostel (3) Feb 1, 2020 like 125,810 #268",490,256,234,160,214,480,https://www.webtoons.com/en/drama/lookism/ep-268-hostel-3/viewer?title_no=1049&episode_no=268
lookism,Lookism,269,episode-000269-ep-269-hostel-vasco-vs-vin-jin,"Ep. 269: Hostel [Vasco vs Vin Jin] Feb 8, 2020 like 125,226 #269",460,256,204,160,184,450,https://www.webtoons.com/en/drama/lookism/ep-269-hostel-vasco-vs-vin-jin/viewer?title_no=1049&episode_no=269
lookism,Lookism,270,episode-000270-ep-270-hostel-jay-hong-vs-logan-lee,"Ep. 270: Hostel [Jay Hong vs Logan Lee] Feb 15, 2020 like 127,857 #270",465,256,209,160,189,455,https://www.webtoons.com/en/drama/lookism/ep-270-hostel-jay-hong-vs-logan-lee/viewer?title_no=1049&episode_no=270
lookism,Lookism,271,episode-000271-ep-271-hostel-daniel-park-vs-zack-lee,"Ep. 271: Hostel [Daniel Park vs Zack Lee] Feb 22, 2020 like 121,743 #271",486,256,230,160,210,476,https://www.webtoons.com/en/drama/lookism/ep-271-hostel-daniel-park-vs-zack-lee/viewer?title_no=1049&episode_no=271
lookism,Lookism,272,episode-000272-ep-272-hostel-j-high-final,"Ep. 272: Hostel [J High Final] Feb 29, 2020 like 118,251 #272",426,256,170,160,150,416,https://www.webtoons.com/en/drama/lookism/ep-272-hostel-j-high-final/viewer?title_no=1049&episode_no=272
lookism,Lookism,273,episode-000273-ep-273-hostel-4,"Ep. 273: Hostel (4) Mar 7, 2020 like 132,458 #273",476,256,220,160,200,466,https://www.webtoons.com/en/drama/lookism/ep-273-hostel-4/viewer?title_no=1049&episode_no=273
lookism,Lookism,274,episode-000274-ep-274-hostel-5,"Ep. 274: Hostel (5) Mar 14, 2020 like 127,735 #274",467,256,211,160,191,457,https://www.webtoons.com/en/drama/lookism/ep-274-hostel-5/viewer?title_no=1049&episode_no=274
lookism,Lookism,275,episode-000275-ep-275-hostel-6,"Ep. 275: Hostel (6) Mar 21, 2020 like 131,764 #275",440,256,184,160,164,430,https://www.webtoons.com/en/drama/lookism/ep-275-hostel-6/viewer?title_no=1049&episode_no=275
lookism,Lookism,276,episode-000276-ep-276-hostel-7,"Ep. 276: Hostel (7) Mar 28, 2020 like 140,934 #276",451,256,195,160,175,441,https://www.webtoons.com/en/drama/lookism/ep-276-hostel-7/viewer?title_no=1049&episode_no=276
lookism,Lookism,277,episode-000277-ep-277-hostel-8,"Ep. 277: Hostel (8) Apr 4, 2020 like 130,785 #277",488,256,232,160,212,478,https://www.webtoons.com/en/drama/lookism/ep-277-hostel-8/viewer?title_no=1049&episode_no=277
lookism,Lookism,278,episode-000278-ep-278-hostel-9,"Ep. 278: Hostel (9) Apr 11, 2020 like 124,725 #278",490,256,234,160,214,480,https://www.webtoons.com/en/drama/lookism/ep-278-hostel-9/viewer?title_no=1049&episode_no=278
lookism,Lookism,279,episode-000279-ep-279-hostel-10,"Ep. 279: Hostel (10) Apr 18, 2020 like 122,543 #279",501,256,245,160,225,491,https://www.webtoons.com/en/drama/lookism/ep-279-hostel-10/viewer?title_no=1049&episode_no=279
lookism,Lookism,280,episode-000280-ep-280-hostel-11,"Ep. 280: Hostel (11) Apr 25, 2020 like 117,962 #280",527,256,271,160,251,517,https://www.webtoons.com/en/drama/lookism/ep-280-hostel-11/viewer?title_no=1049&episode_no=280
lookism,Lookism,281,episode-000281-ep-281-hostel-12,"Ep. 281: Hostel (12) May 2, 2020 like 119,689 #281",458,256,202,160,182,448,https://www.webtoons.com/en/drama/lookism/ep-281-hostel-12/viewer?title_no=1049&episode_no=281
lookism,Lookism,282,episode-000282-ep-282-hostel-the-end,"Ep. 282: Hostel (The End) May 9, 2020 like 134,114 #282",513,256,257,160,237,503,https://www.webtoons.com/en/drama/lookism/ep-282-hostel-the-end/viewer?title_no=1049&episode_no=282
lookism,Lookism,283,episode-000283-ep-283-hostel-epilogue,"Ep. 283: Hostel (Epilogue) May 16, 2020 like 124,060 #283",542,270,272,700,1,275,https://www.webtoons.com/en/drama/lookism/ep-283-hostel-epilogue/viewer?title_no=1049&episode_no=283
lookism,Lookism,284,episode-000284-ep-284-vs-gun,"Ep. 284: VS Gun May 23, 2020 like 124,260 #284",544,272,272,700,1,277,https://www.webtoons.com/en/drama/lookism/ep-284-vs-gun/viewer?title_no=1049&episode_no=284
lookism,Lookism,285,episode-000285-ep-285-daniel-park-vs-gun,"Ep. 285: Daniel Park VS Gun May 30, 2020 like 129,375 #285",483,256,227,160,207,473,https://www.webtoons.com/en/drama/lookism/ep-285-daniel-park-vs-gun/viewer?title_no=1049&episode_no=285
lookism,Lookism,286,episode-000286-ep-286-daniel-park-vs-gun-2,"Ep. 286: Daniel Park VS Gun (2) Jun 6, 2020 like 132,765 #286",514,256,258,160,238,504,https://www.webtoons.com/en/drama/lookism/ep-286-daniel-park-vs-gun-2/viewer?title_no=1049&episode_no=286
lookism,Lookism,287,episode-000287-ep-287-workers4-affiliates,"Ep. 287: Workers(4 Affiliates) Jun 13, 2020 like 116,285 #287",443,256,187,160,167,433,https://www.webtoons.com/en/drama/lookism/ep-287-workers4-affiliates/viewer?title_no=1049&episode_no=287
lookism,Lookism,288,episode-000288-ep-288-workers4-affiliates-2,"Ep. 288: Workers(4 Affiliates) (2) Jun 20, 2020 like 115,400 #288",479,256,223,160,203,469,https://www.webtoons.com/en/drama/lookism/ep-288-workers4-affiliates-2/viewer?title_no=1049&episode_no=288
lookism,Lookism,289,episode-000289-ep-289-workers4-affiliates-3,"Ep. 289: Workers(4 Affiliates) (3) Jun 27, 2020 like 113,306 #289",494,256,238,160,218,484,https://www.webtoons.com/en/drama/lookism/ep-289-workers4-affiliates-3/viewer?title_no=1049&episode_no=289
lookism,Lookism,290,episode-000290-ep-290-workers4-affiliates-4,"Ep. 290: Workers(4 Affiliates) (4) Jul 4, 2020 like 112,730 #290",510,256,254,160,234,500,https://www.webtoons.com/en/drama/lookism/ep-290-workers4-affiliates-4/viewer?title_no=1049&episode_no=290
lookism,Lookism,291,episode-000291-ep-291-workers4-affiliates-5,"Ep. 291: Workers(4 Affiliates) (5) Jul 11, 2020 like 118,254 #291",531,259,272,700,1,264,https://www.webtoons.com/en/drama/lookism/ep-291-workers4-affiliates-5/viewer?title_no=1049&episode_no=291
lookism,Lookism,292,episode-000292-ep-292-workers4-affiliates-6,"Ep. 292: Workers(4 Affiliates) (6) Jul 18, 2020 like 114,201 #292",529,257,272,700,1,262,https://www.webtoons.com/en/drama/lookism/ep-292-workers4-affiliates-6/viewer?title_no=1049&episode_no=292
lookism,Lookism,293,episode-000293-ep-293-workers4-affiliates-7,"Ep. 293: Workers(4 Affiliates) (7) Jul 25, 2020 like 113,575 #293",486,256,230,160,210,476,https://www.webtoons.com/en/drama/lookism/ep-293-workers4-affiliates-7/viewer?title_no=1049&episode_no=293
lookism,Lookism,294,episode-000294-ep-294-workers4-affiliates-8,"Ep. 294: Workers(4 Affiliates) (8) Aug 1, 2020 like 115,319 #294",525,256,269,160,249,515,https://www.webtoons.com/en/drama/lookism/ep-294-workers4-affiliates-8/viewer?title_no=1049&episode_no=294
lookism,Lookism,295,episode-000295-ep-295-workers4-affiliates-9,"Ep. 295: Workers(4 Affiliates) (9) Aug 8, 2020 like 111,260 #295",525,256,269,160,249,515,https://www.webtoons.com/en/drama/lookism/ep-295-workers4-affiliates-9/viewer?title_no=1049&episode_no=295
lookism,Lookism,296,episode-000296-ep-296-workers4-affiliates-10,"Ep. 296: Workers(4 Affiliates) (10) Aug 15, 2020 like 116,877 #296",556,283,273,700,1,289,https://www.webtoons.com/en/drama/lookism/ep-296-workers4-affiliates-10/viewer?title_no=1049&episode_no=296
lookism,Lookism,297,episode-000297-ep-297-workers4-affiliates-11,"Ep. 297: Workers(4 Affiliates) (11) Aug 22, 2020 like 109,042 #297",481,256,225,160,204,470,https://www.webtoons.com/en/drama/lookism/ep-297-workers4-affiliates-11/viewer?title_no=1049&episode_no=297
lookism,Lookism,298,episode-000298-ep-298-workers4-affiliates-12,"Ep. 298: Workers(4 Affiliates) (12) Aug 29, 2020 like 108,108 #298",482,256,226,160,206,472,https://www.webtoons.com/en/drama/lookism/ep-298-workers4-affiliates-12/viewer?title_no=1049&episode_no=298
lookism,Lookism,299,episode-000299-ep-299-workers4-affiliates-the-end,"Ep. 299: Workers(4 Affiliates) (The End) Sep 5, 2020 like 109,769 #299",447,256,191,160,171,437,https://www.webtoons.com/en/drama/lookism/ep-299-workers4-affiliates-the-end/viewer?title_no=1049&episode_no=299
lookism,Lookism,300,episode-000300-ep-300-vs-johan-seong,"Ep. 300: Vs Johan Seong Sep 12, 2020 like 117,902 #300",513,256,257,160,237,503,https://www.webtoons.com/en/drama/lookism/ep-300-vs-johan-seong/viewer?title_no=1049&episode_no=300
lookism,Lookism,301,episode-000301-ep-301-vs-johan-seong-2,"Ep. 301: Vs Johan Seong (2) Sep 19, 2020 like 105,406 #301",481,256,225,160,205,471,https://www.webtoons.com/en/drama/lookism/ep-301-vs-johan-seong-2/viewer?title_no=1049&episode_no=301
lookism,Lookism,302,episode-000302-ep-302-jake-kim-1,"Ep. 302: Jake Kim (1) Sep 26, 2020 like 99,691 #302",488,256,232,160,212,478,https://www.webtoons.com/en/drama/lookism/ep-302-jake-kim-1/viewer?title_no=1049&episode_no=302
lookism,Lookism,303,episode-000303-ep-303-jake-kim-2,"Ep. 303: Jake Kim (2) Oct 3, 2020 like 99,667 #303",431,256,175,160,155,421,https://www.webtoons.com/en/drama/lookism/ep-303-jake-kim-2/viewer?title_no=1049&episode_no=303
lookism,Lookism,304,episode-000304-ep-304-jake-kim-3,"Ep. 304: Jake Kim (3) Oct 10, 2020 like 96,582 #304",461,256,205,160,185,451,https://www.webtoons.com/en/drama/lookism/ep-304-jake-kim-3/viewer?title_no=1049&episode_no=304
lookism,Lookism,305,episode-000305-ep-305-jake-kim-4,"Ep. 305: Jake Kim (4) Oct 17, 2020 like 98,322 #305",484,256,228,160,208,474,https://www.webtoons.com/en/drama/lookism/ep-305-jake-kim-4/viewer?title_no=1049&episode_no=305
lookism,Lookism,306,episode-000306-ep-306-jake-kim-5,"Ep. 306: Jake Kim (5) Oct 24, 2020 like 94,539 #306",521,256,265,160,244,510,https://www.webtoons.com/en/drama/lookism/ep-306-jake-kim-5/viewer?title_no=1049&episode_no=306
lookism,Lookism,307,episode-000307-ep-307-jake-kim-6,"Ep. 307: Jake Kim (6) Oct 31, 2020 like 94,682 #307",470,256,214,160,194,460,https://www.webtoons.com/en/drama/lookism/ep-307-jake-kim-6/viewer?title_no=1049&episode_no=307
lookism,Lookism,308,episode-000308-ep-308-jake-kim-7,"Ep. 308: Jake Kim (7) Nov 7, 2020 like 95,503 #308",477,256,221,160,201,467,https://www.webtoons.com/en/drama/lookism/ep-308-jake-kim-7/viewer?title_no=1049&episode_no=308
lookism,Lookism,309,episode-000309-ep-309-jake-kim-8,"Ep. 309: Jake Kim (8) Nov 14, 2020 like 89,882 #309",506,256,250,160,230,496,https://www.webtoons.com/en/drama/lookism/ep-309-jake-kim-8/viewer?title_no=1049&episode_no=309
lookism,Lookism,310,episode-000310-ep-310-jake-kim-9,"Ep. 310: Jake Kim (9) Nov 21, 2020 like 88,632 #310",473,256,217,160,197,463,https://www.webtoons.com/en/drama/lookism/ep-310-jake-kim-9/viewer?title_no=1049&episode_no=310
lookism,Lookism,311,episode-000311-ep-311-jake-kim-10,"Ep. 311: Jake Kim (10) Nov 28, 2020 like 88,983 #311",538,266,272,700,1,271,https://www.webtoons.com/en/drama/lookism/ep-311-jake-kim-10/viewer?title_no=1049&episode_no=311
lookism,Lookism,312,episode-000312-ep-312-jake-kim-11,"Ep. 312: Jake Kim (11) Dec 5, 2020 like 87,053 #312",553,281,272,700,1,286,https://www.webtoons.com/en/drama/lookism/ep-312-jake-kim-11/viewer?title_no=1049&episode_no=312
lookism,Lookism,313,episode-000313-ep-313-jake-kim-12,"Ep. 313: Jake Kim (12) Dec 12, 2020 like 88,728 #313",515,256,259,160,239,505,https://www.webtoons.com/en/drama/lookism/ep-313-jake-kim-12/viewer?title_no=1049&episode_no=313
lookism,Lookism,314,episode-000314-ep-314-jake-kim-13,"Ep. 314: Jake Kim (13) Dec 19, 2020 like 88,440 #314",473,256,217,160,197,463,https://www.webtoons.com/en/drama/lookism/ep-314-jake-kim-13/viewer?title_no=1049&episode_no=314
lookism,Lookism,315,episode-000315-ep-315-jake-kim-14,"Ep. 315: Jake Kim (14) Dec 26, 2020 like 86,641 #315",512,256,256,160,236,502,https://www.webtoons.com/en/drama/lookism/ep-315-jake-kim-14/viewer?title_no=1049&episode_no=315
lookism,Lookism,316,episode-000316-ep-316-jake-kim-15,"Ep. 316: Jake Kim (15) Jan 2, 2021 like 87,188 #316",478,256,222,160,202,468,https://www.webtoons.com/en/drama/lookism/ep-316-jake-kim-15/viewer?title_no=1049&episode_no=316
lookism,Lookism,317,episode-000317-ep-317-jake-kim-end,"Ep. 317: Jake Kim (End) Jan 9, 2021 like 86,833 #317",538,266,272,700,1,271,https://www.webtoons.com/en/drama/lookism/ep-317-jake-kim-end/viewer?title_no=1049&episode_no=317
lookism,Lookism,318,episode-000318-ep-318-jake-kim-epilogue,"Ep. 318: Jake Kim (Epilogue) Jan 16, 2021 like 85,097 #318",440,256,184,160,164,430,https://www.webtoons.com/en/drama/lookism/ep-318-jake-kim-epilogue/viewer?title_no=1049&episode_no=318
lookism,Lookism,319,episode-000319-ep-319-workers-3-affiliates-prologue,"Ep. 319: Workers (3 Affiliates) (Prologue) Jan 23, 2021 like 88,447 #319",463,256,207,160,187,453,https://www.webtoons.com/en/drama/lookism/ep-319-workers-3-affiliates-prologue/viewer?title_no=1049&episode_no=319
lookism,Lookism,320,episode-000320-ep-320-one-night-1,"Ep. 320: One Night Ⅱ (1) BGM Jan 30, 2021 like 89,441 #320",431,256,175,160,154,420,https://www.webtoons.com/en/drama/lookism/ep-320-one-night-1/viewer?title_no=1049&episode_no=320
lookism,Lookism,321,episode-000321-ep-321-one-night-2,"Ep. 321: One Night Ⅱ (2) BGM Feb 6, 2021 like 92,208 #321",448,256,192,160,172,438,https://www.webtoons.com/en/drama/lookism/ep-321-one-night-2/viewer?title_no=1049&episode_no=321
lookism,Lookism,322,episode-000322-ep-322-one-night-3,"Ep. 322: One Night Ⅱ (3) BGM Feb 13, 2021 like 87,348 #322",415,256,159,160,139,405,https://www.webtoons.com/en/drama/lookism/ep-322-one-night-3/viewer?title_no=1049&episode_no=322
lookism,Lookism,323,episode-000323-ep-323-one-night-4,"Ep. 323: One Night Ⅱ (4) BGM Feb 20, 2021 like 85,664 #323",427,256,171,160,151,417,https://www.webtoons.com/en/drama/lookism/ep-323-one-night-4/viewer?title_no=1049&episode_no=323
lookism,Lookism,324,episode-000324-ep-324-one-night-end,"Ep. 324: One Night Ⅱ (End) BGM Feb 27, 2021 like 93,685 #324",449,256,193,160,173,439,https://www.webtoons.com/en/drama/lookism/ep-324-one-night-end/viewer?title_no=1049&episode_no=324
lookism,Lookism,325,episode-000325-ep-325-club-1,"Ep. 325: Club (1) BGM Mar 6, 2021 like 89,468 #325",415,256,159,160,139,405,https://www.webtoons.com/en/drama/lookism/ep-325-club-1/viewer?title_no=1049&episode_no=325
lookism,Lookism,326,episode-000326-ep-326-club-2,"Ep. 326: Club (2) BGM Mar 13, 2021 like 91,241 #326",443,256,187,160,167,433,https://www.webtoons.com/en/drama/lookism/ep-326-club-2/viewer?title_no=1049&episode_no=326
lookism,Lookism,327,episode-000327-ep-327-club-3,"Ep. 327: Club (3) BGM Mar 20, 2021 like 85,416 #327",490,256,234,160,214,480,https://www.webtoons.com/en/drama/lookism/ep-327-club-3/viewer?title_no=1049&episode_no=327
lookism,Lookism,328,episode-000328-ep-328-club-4,"Ep. 328: Club (4) BGM Mar 27, 2021 like 83,692 #328",455,256,199,160,179,445,https://www.webtoons.com/en/drama/lookism/ep-328-club-4/viewer?title_no=1049&episode_no=328
lookism,Lookism,329,episode-000329-ep-329-club-end,"Ep. 329: Club (End) BGM Apr 3, 2021 like 85,075 #329",474,256,218,160,198,464,https://www.webtoons.com/en/drama/lookism/ep-329-club-end/viewer?title_no=1049&episode_no=329
lookism,Lookism,330,episode-000330-ep-330-workers3-affiliates-1,"Ep. 330: Workers(3 Affiliates) (1) Apr 10, 2021 like 88,268 #330",493,256,237,160,217,483,https://www.webtoons.com/en/drama/lookism/ep-330-workers3-affiliates-1/viewer?title_no=1049&episode_no=330
lookism,Lookism,331,episode-000331-ep-331-workers3-affiliates-2,"Ep. 331: Workers(3 Affiliates) (2) BGM Apr 17, 2021 like 87,736 #331",460,256,204,160,184,450,https://www.webtoons.com/en/drama/lookism/ep-331-workers3-affiliates-2/viewer?title_no=1049&episode_no=331
lookism,Lookism,332,episode-000332-ep-332-workers3-affiliates-3,"Ep. 332: Workers(3 Affiliates) (3) BGM Apr 24, 2021 like 85,267 #332",476,256,220,160,200,466,https://www.webtoons.com/en/drama/lookism/ep-332-workers3-affiliates-3/viewer?title_no=1049&episode_no=332
lookism,Lookism,333,episode-000333-ep-333-workers3-affiliates-4,"Ep. 333: Workers(3 Affiliates) (4) BGM May 1, 2021 like 84,170 #333",462,256,206,160,186,452,https://www.webtoons.com/en/drama/lookism/ep-333-workers3-affiliates-4/viewer?title_no=1049&episode_no=333
lookism,Lookism,334,episode-000334-ep-334-workers3-affiliates-5,"Ep. 334: Workers(3 Affiliates) (5) BGM May 8, 2021 like 82,842 #334",446,256,190,160,170,436,https://www.webtoons.com/en/drama/lookism/ep-334-workers3-affiliates-5/viewer?title_no=1049&episode_no=334
lookism,Lookism,335,episode-000335-ep-335-workers3-affiliates-6,"Ep. 335: Workers(3 Affiliates) (6) BGM May 15, 2021 like 83,633 #335",445,256,189,160,169,435,https://www.webtoons.com/en/drama/lookism/ep-335-workers3-affiliates-6/viewer?title_no=1049&episode_no=335
lookism,Lookism,336,episode-000336-ep-336-workers3-affiliates-7,"Ep. 336: Workers(3 Affiliates) (7) BGM May 22, 2021 like 81,278 #336",453,256,197,160,177,443,https://www.webtoons.com/en/drama/lookism/ep-336-workers3-affiliates-7/viewer?title_no=1049&episode_no=336
lookism,Lookism,337,episode-000337-ep-337-workers3-affiliates-8,"Ep. 337: Workers(3 Affiliates) (8) BGM May 29, 2021 like 81,525 #337",445,256,189,160,168,434,https://www.webtoons.com/en/drama/lookism/ep-337-workers3-affiliates-8/viewer?title_no=1049&episode_no=337
lookism,Lookism,338,episode-000338-ep-338-workers3-affiliates-9,"Ep. 338: Workers(3 Affiliates) (9) BGM Jun 5, 2021 like 83,063 #338",426,256,170,160,150,416,https://www.webtoons.com/en/drama/lookism/ep-338-workers3-affiliates-9/viewer?title_no=1049&episode_no=338
lookism,Lookism,339,episode-000339-ep-339-workers3-affiliates-10,"Ep. 339: Workers(3 Affiliates) (10) BGM Jun 12, 2021 like 86,292 #339",462,256,206,160,186,452,https://www.webtoons.com/en/drama/lookism/ep-339-workers3-affiliates-10/viewer?title_no=1049&episode_no=339
lookism,Lookism,340,episode-000340-ep-340-workers3-affiliates-11,"Ep. 340: Workers(3 Affiliates) (11) BGM Jun 19, 2021 like 84,261 #340",465,256,209,160,189,455,https://www.webtoons.com/en/drama/lookism/ep-340-workers3-affiliates-11/viewer?title_no=1049&episode_no=340
lookism,Lookism,341,episode-000341-ep-341-workers3-affiliates-12,"Ep. 341: Workers(3 Affiliates) (12) BGM Jun 26, 2021 like 88,813 #341",419,256,163,160,143,409,https://www.webtoons.com/en/drama/lookism/ep-341-workers3-affiliates-12/viewer?title_no=1049&episode_no=341
lookism,Lookism,342,episode-000342-ep-342-workers3-affiliates-13,"Ep. 342: Workers(3 Affiliates) (13) BGM Jul 3, 2021 like 91,210 #342",452,256,196,160,176,442,https://www.webtoons.com/en/drama/lookism/ep-342-workers3-affiliates-13/viewer?title_no=1049&episode_no=342
lookism,Lookism,343,episode-000343-ep-343-workers3-affiliates-14,"Ep. 343: Workers(3 Affiliates) (14) BGM Jul 10, 2021 like 88,127 #343",430,256,174,160,154,420,https://www.webtoons.com/en/drama/lookism/ep-343-workers3-affiliates-14/viewer?title_no=1049&episode_no=343
lookism,Lookism,344,episode-000344-ep-344-workers3-affiliates-15,"Ep. 344: Workers(3 Affiliates) (15) BGM Jul 17, 2021 like 85,823 #344",434,256,178,160,158,424,https://www.webtoons.com/en/drama/lookism/ep-344-workers3-affiliates-15/viewer?title_no=1049&episode_no=344
lookism,Lookism,345,episode-000345-ep-345-workers3-affiliates-16,"Ep. 345: Workers(3 Affiliates) (16) Jul 24, 2021 like 80,728 #345",425,256,169,160,149,415,https://www.webtoons.com/en/drama/lookism/ep-345-workers3-affiliates-16/viewer?title_no=1049&episode_no=345
lookism,Lookism,346,episode-000346-ep-346-workers3-affiliates-end,"Ep. 346: Workers(3 Affiliates) (End) BGM Jul 31, 2021 like 78,452 #346",445,256,189,160,169,435,https://www.webtoons.com/en/drama/lookism/ep-346-workers3-affiliates-end/viewer?title_no=1049&episode_no=346
lookism,Lookism,347,episode-000347-ep-347-an-invitation-from-the-dead,"Ep. 347: An Invitation From the Dead BGM Aug 7, 2021 like 82,300 #347",433,256,177,160,157,423,https://www.webtoons.com/en/drama/lookism/ep-347-an-invitation-from-the-dead/viewer?title_no=1049&episode_no=347
lookism,Lookism,348,episode-000348-ep-348-the-summit-meeting-1,"Ep. 348: The Summit Meeting (1) BGM Aug 14, 2021 like 78,598 #348",392,256,136,160,116,382,https://www.webtoons.com/en/drama/lookism/ep-348-the-summit-meeting-1/viewer?title_no=1049&episode_no=348
lookism,Lookism,349,episode-000349-ep-349-the-summit-meeting-2,"Ep. 349: The Summit Meeting (2) BGM Aug 21, 2021 like 78,584 #349",397,256,141,160,121,387,https://www.webtoons.com/en/drama/lookism/ep-349-the-summit-meeting-2/viewer?title_no=1049&episode_no=349
lookism,Lookism,350,episode-000350-ep-350-the-summit-meeting-3,"Ep. 350: The Summit Meeting (3) BGM Aug 28, 2021 like 85,651 #350",434,256,178,160,158,424,https://www.webtoons.com/en/drama/lookism/ep-350-the-summit-meeting-3/viewer?title_no=1049&episode_no=350
lookism,Lookism,351,episode-000351-ep-351-the-summit-meeting-4,"Ep. 351: The Summit Meeting (4) BGM Sep 4, 2021 like 78,388 #351",411,256,155,160,134,400,https://www.webtoons.com/en/drama/lookism/ep-351-the-summit-meeting-4/viewer?title_no=1049&episode_no=351
lookism,Lookism,352,episode-000352-ep-352-the-summit-meeting-5,"Ep. 352: The Summit Meeting (5) BGM Sep 11, 2021 like 76,691 #352",418,256,162,160,142,408,https://www.webtoons.com/en/drama/lookism/ep-352-the-summit-meeting-5/viewer?title_no=1049&episode_no=352
lookism,Lookism,353,episode-000353-ep-353-the-summit-meeting-end,"Ep. 353: The Summit Meeting (End) BGM Sep 18, 2021 like 81,335 #353",462,256,206,160,186,452,https://www.webtoons.com/en/drama/lookism/ep-353-the-summit-meeting-end/viewer?title_no=1049&episode_no=353
lookism,Lookism,354,episode-000354-ep-354-james-lee-prologue,"Ep. 354: James Lee (Prologue) BGM Sep 25, 2021 like 77,497 #354",397,256,141,160,121,387,https://www.webtoons.com/en/drama/lookism/ep-354-james-lee-prologue/viewer?title_no=1049&episode_no=354
lookism,Lookism,355,episode-000355-ep-355-james-lee-1,"Ep. 355: James Lee (1) BGM Oct 2, 2021 like 73,904 #355",400,256,144,160,124,390,https://www.webtoons.com/en/drama/lookism/ep-355-james-lee-1/viewer?title_no=1049&episode_no=355
lookism,Lookism,356,episode-000356-ep-356-james-lee-2,"Ep. 356: James Lee (2) BGM Oct 9, 2021 like 73,568 #356",395,256,139,160,119,385,https://www.webtoons.com/en/drama/lookism/ep-356-james-lee-2/viewer?title_no=1049&episode_no=356
lookism,Lookism,357,episode-000357-ep-357-james-lee-3,"Ep. 357: James Lee (3) BGM Oct 16, 2021 like 72,787 #357",413,256,157,160,137,403,https://www.webtoons.com/en/drama/lookism/ep-357-james-lee-3/viewer?title_no=1049&episode_no=357
lookism,Lookism,358,episode-000358-ep-358-james-lee-4,"Ep. 358: James Lee (4) BGM Oct 23, 2021 like 72,681 #358",402,256,146,160,126,392,https://www.webtoons.com/en/drama/lookism/ep-358-james-lee-4/viewer?title_no=1049&episode_no=358
lookism,Lookism,359,episode-000359-ep-359-james-lee-end,"Ep. 359: James Lee (End) BGM Oct 30, 2021 like 79,140 #359",433,256,177,160,157,423,https://www.webtoons.com/en/drama/lookism/ep-359-james-lee-end/viewer?title_no=1049&episode_no=359
lookism,Lookism,360,episode-000360-ep-360-one-night-1,"Ep. 360: One Night (1) BGM Nov 6, 2021 like 73,664 #360",403,256,147,160,127,393,https://www.webtoons.com/en/drama/lookism/ep-360-one-night-1/viewer?title_no=1049&episode_no=360
lookism,Lookism,361,episode-000361-ep-361-one-night-2,"Ep. 361: One Night (2) BGM Nov 13, 2021 like 71,106 #361",434,256,178,160,158,424,https://www.webtoons.com/en/drama/lookism/ep-361-one-night-2/viewer?title_no=1049&episode_no=361
lookism,Lookism,362,episode-000362-ep-362-one-night-3,"Ep. 362: One Night (3) BGM Nov 20, 2021 like 75,463 #362",433,256,177,160,157,423,https://www.webtoons.com/en/drama/lookism/ep-362-one-night-3/viewer?title_no=1049&episode_no=362
lookism,Lookism,363,episode-000363-ep-363-one-night-4,"Ep. 363: One Night (4) BGM Nov 27, 2021 like 75,460 #363",431,256,175,160,155,421,https://www.webtoons.com/en/drama/lookism/ep-363-one-night-4/viewer?title_no=1049&episode_no=363
lookism,Lookism,364,episode-000364-ep-364-one-night-5,"Ep. 364: One Night (5) BGM Dec 4, 2021 like 73,383 #364",422,256,166,160,146,412,https://www.webtoons.com/en/drama/lookism/ep-364-one-night-5/viewer?title_no=1049&episode_no=364
lookism,Lookism,365,episode-000365-ep-365-one-night-6,"Ep. 365: One Night (6) BGM Dec 11, 2021 like 71,937 #365",394,256,138,160,118,384,https://www.webtoons.com/en/drama/lookism/ep-365-one-night-6/viewer?title_no=1049&episode_no=365
lookism,Lookism,366,episode-000366-ep-366-one-night-7,"Ep. 366: One Night (7) BGM Dec 18, 2021 like 71,421 #366",391,256,135,160,114,380,https://www.webtoons.com/en/drama/lookism/ep-366-one-night-7/viewer?title_no=1049&episode_no=366
lookism,Lookism,367,episode-000367-ep-367-one-night-8,"Ep. 367: One Night (8) BGM Dec 25, 2021 like 69,886 #367",399,256,143,160,123,389,https://www.webtoons.com/en/drama/lookism/ep-367-one-night-8/viewer?title_no=1049&episode_no=367
lookism,Lookism,368,episode-000368-ep-368-one-night-9,"Ep. 368: One Night (9) BGM Jan 1, 2022 like 68,384 #368",399,256,143,160,123,389,https://www.webtoons.com/en/drama/lookism/ep-368-one-night-9/viewer?title_no=1049&episode_no=368
lookism,Lookism,369,episode-000369-ep-369-one-night-end,"Ep. 369: One Night (End) BGM Jan 8, 2022 like 72,002 #369",423,256,167,160,147,413,https://www.webtoons.com/en/drama/lookism/ep-369-one-night-end/viewer?title_no=1049&episode_no=369
lookism,Lookism,370,episode-000370-ep-370-jihos-last-moment-1,"Ep. 370: Jiho's Last Moment (1) BGM Jan 15, 2022 like 65,839 #370",404,256,148,160,128,394,https://www.webtoons.com/en/drama/lookism/ep-370-jihos-last-moment-1/viewer?title_no=1049&episode_no=370
lookism,Lookism,371,episode-000371-ep-371-jihos-last-moment-2-workers-2nd-affiliate,"Ep. 371: Jiho's Last Moment (2) + Workers (2nd Affiliate) BGM Jan 22, 2022 like 68,016 #371",410,256,154,160,134,400,https://www.webtoons.com/en/drama/lookism/ep-371-jihos-last-moment-2-workers-2nd-affiliate/viewer?title_no=1049&episode_no=371
lookism,Lookism,372,episode-000372-ep-372-workers-2nd-affiliate-1,"Ep. 372: Workers (2nd Affiliate) (1) BGM Jan 29, 2022 like 67,247 #372",406,256,150,160,130,396,https://www.webtoons.com/en/drama/lookism/ep-372-workers-2nd-affiliate-1/viewer?title_no=1049&episode_no=372
lookism,Lookism,373,episode-000373-ep-373-workers-2nd-affiliate-2,"Ep. 373: Workers (2nd Affiliate) (2) BGM Feb 5, 2022 like 68,748 #373",404,256,148,160,128,394,https://www.webtoons.com/en/drama/lookism/ep-373-workers-2nd-affiliate-2/viewer?title_no=1049&episode_no=373
lookism,Lookism,374,episode-000374-ep-374-workers-2nd-affiliate-3,"Ep. 374: Workers (2nd Affiliate) (3) BGM Feb 12, 2022 like 65,622 #374",429,256,173,160,153,419,https://www.webtoons.com/en/drama/lookism/ep-374-workers-2nd-affiliate-3/viewer?title_no=1049&episode_no=374
lookism,Lookism,375,episode-000375-ep-375-workers-2nd-affiliate-4,"Ep. 375: Workers (2nd Affiliate) (4) BGM Feb 19, 2022 like 65,544 #375",418,256,162,160,142,408,https://www.webtoons.com/en/drama/lookism/ep-375-workers-2nd-affiliate-4/viewer?title_no=1049&episode_no=375
lookism,Lookism,376,episode-000376-ep-376-workers-2nd-affiliate-5,"Ep. 376: Workers (2nd Affiliate) (5) BGM Feb 26, 2022 like 66,079 #376",396,256,140,160,120,386,https://www.webtoons.com/en/drama/lookism/ep-376-workers-2nd-affiliate-5/viewer?title_no=1049&episode_no=376
lookism,Lookism,377,episode-000377-ep-377-workers-2nd-affiliate-6,"Ep. 377: Workers (2nd Affiliate) (6) BGM Mar 5, 2022 like 63,838 #377",438,256,182,160,162,428,https://www.webtoons.com/en/drama/lookism/ep-377-workers-2nd-affiliate-6/viewer?title_no=1049&episode_no=377
lookism,Lookism,378,episode-000378-ep-378-workers-2nd-affiliate-7,"Ep. 378: Workers (2nd Affiliate) (7) BGM Mar 12, 2022 like 63,793 #378",418,256,162,160,141,407,https://www.webtoons.com/en/drama/lookism/ep-378-workers-2nd-affiliate-7/viewer?title_no=1049&episode_no=378
lookism,Lookism,379,episode-000379-ep-379-workers-2nd-affiliate-8,"Ep. 379: Workers (2nd Affiliate) (8) BGM Mar 19, 2022 like 66,211 #379",438,256,182,160,162,428,https://www.webtoons.com/en/drama/lookism/ep-379-workers-2nd-affiliate-8/viewer?title_no=1049&episode_no=379
lookism,Lookism,380,episode-000380-ep-380-workers-2nd-affiliate-9,"Ep. 380: Workers (2nd Affiliate) (9) BGM Mar 26, 2022 like 66,188 #380",405,256,149,160,129,395,https://www.webtoons.com/en/drama/lookism/ep-380-workers-2nd-affiliate-9/viewer?title_no=1049&episode_no=380
lookism,Lookism,381,episode-000381-ep-381-workers-2nd-affiliate-10,"Ep. 381: Workers (2nd Affiliate) (10) BGM Apr 2, 2022 like 68,163 #381",406,256,150,160,130,396,https://www.webtoons.com/en/drama/lookism/ep-381-workers-2nd-affiliate-10/viewer?title_no=1049&episode_no=381
lookism,Lookism,382,episode-000382-ep-382-workers-2nd-affiliate-11,"Ep. 382: Workers (2nd Affiliate) (11) BGM Apr 9, 2022 like 63,660 #382",398,256,142,160,122,388,https://www.webtoons.com/en/drama/lookism/ep-382-workers-2nd-affiliate-11/viewer?title_no=1049&episode_no=382
lookism,Lookism,383,episode-000383-ep-383-workers-2nd-affiliate-12,"Ep. 383: Workers (2nd Affiliate) (12) Apr 16, 2022 like 67,314 #383",411,256,155,160,135,401,https://www.webtoons.com/en/drama/lookism/ep-383-workers-2nd-affiliate-12/viewer?title_no=1049&episode_no=383
lookism,Lookism,384,episode-000384-ep-384-workers-2nd-affiliate-13,"Ep. 384: Workers (2nd Affiliate) (13) Apr 23, 2022 like 66,696 #384",394,256,138,160,118,384,https://www.webtoons.com/en/drama/lookism/ep-384-workers-2nd-affiliate-13/viewer?title_no=1049&episode_no=384
lookism,Lookism,385,episode-000385-ep-385-workers-2nd-affiliate-14,"Ep. 385: Workers (2nd Affiliate) (14) Apr 30, 2022 like 61,494 #385",468,256,212,160,192,458,https://www.webtoons.com/en/drama/lookism/ep-385-workers-2nd-affiliate-14/viewer?title_no=1049&episode_no=385
lookism,Lookism,386,episode-000386-ep-386-workers-2nd-affiliate-15,"Ep. 386: Workers (2nd Affiliate) (15) May 7, 2022 like 62,037 #386",440,256,184,160,164,430,https://www.webtoons.com/en/drama/lookism/ep-386-workers-2nd-affiliate-15/viewer?title_no=1049&episode_no=386
lookism,Lookism,387,episode-000387-ep-387-workers-2nd-affiliate-16,"Ep. 387: Workers (2nd Affiliate) (16) May 14, 2022 like 68,063 #387",449,256,193,160,173,439,https://www.webtoons.com/en/drama/lookism/ep-387-workers-2nd-affiliate-16/viewer?title_no=1049&episode_no=387
lookism,Lookism,388,episode-000388-ep-388-workers-2nd-affiliate-17,"Ep. 388: Workers (2nd Affiliate) (17) May 21, 2022 like 70,676 #388",438,256,182,160,161,427,https://www.webtoons.com/en/drama/lookism/ep-388-workers-2nd-affiliate-17/viewer?title_no=1049&episode_no=388
lookism,Lookism,389,episode-000389-ep-389-workers-2nd-affiliate-18,"Ep. 389: Workers (2nd Affiliate) (18) May 28, 2022 like 62,439 #389",465,256,209,160,189,455,https://www.webtoons.com/en/drama/lookism/ep-389-workers-2nd-affiliate-18/viewer?title_no=1049&episode_no=389
lookism,Lookism,390,episode-000390-ep-390-workers-2nd-affiliate-19,"Ep. 390: Workers (2nd Affiliate) (19) Jun 4, 2022 like 59,785 #390",431,256,175,160,154,420,https://www.webtoons.com/en/drama/lookism/ep-390-workers-2nd-affiliate-19/viewer?title_no=1049&episode_no=390
lookism,Lookism,391,episode-000391-ep-391-workers-2nd-affiliate-20,"Ep. 391: Workers (2nd Affiliate) (20) Jun 11, 2022 like 61,323 #391",465,256,209,160,189,455,https://www.webtoons.com/en/drama/lookism/ep-391-workers-2nd-affiliate-20/viewer?title_no=1049&episode_no=391
lookism,Lookism,392,episode-000392-ep-392-workers-2nd-affiliate-21,"Ep. 392: Workers (2nd Affiliate) (21) Jun 18, 2022 like 62,386 #392",460,256,204,160,184,450,https://www.webtoons.com/en/drama/lookism/ep-392-workers-2nd-affiliate-21/viewer?title_no=1049&episode_no=392
lookism,Lookism,393,episode-000393-ep-393-workers-2nd-affiliate-end,"Ep. 393: Workers (2nd Affiliate) (END) Jun 25, 2022 like 59,283 #393",475,256,219,160,199,465,https://www.webtoons.com/en/drama/lookism/ep-393-workers-2nd-affiliate-end/viewer?title_no=1049&episode_no=393
lookism,Lookism,394,episode-000394-ep-394-the-kidnapping-of-daniel-park-1,"Ep. 394: The Kidnapping of Daniel Park (1) Jul 2, 2022 like 64,925 #394",502,256,246,160,225,491,https://www.webtoons.com/en/drama/lookism/ep-394-the-kidnapping-of-daniel-park-1/viewer?title_no=1049&episode_no=394
lookism,Lookism,395,episode-000395-ep-395-the-kidnapping-of-daniel-park-2,"Ep. 395: The Kidnapping of Daniel Park (2) Jul 9, 2022 like 61,737 #395",456,256,200,160,180,446,https://www.webtoons.com/en/drama/lookism/ep-395-the-kidnapping-of-daniel-park-2/viewer?title_no=1049&episode_no=395
lookism,Lookism,396,episode-000396-ep-396-the-kidnapping-of-daniel-park-3,"Ep. 396: The Kidnapping of Daniel Park (3) Jul 16, 2022 like 60,734 #396",412,256,156,160,136,402,https://www.webtoons.com/en/drama/lookism/ep-396-the-kidnapping-of-daniel-park-3/viewer?title_no=1049&episode_no=396
lookism,Lookism,397,episode-000397-ep-397-the-kidnapping-of-daniel-park-4,"Ep. 397: The Kidnapping of Daniel Park (4) Jul 23, 2022 like 64,531 #397",487,256,231,160,211,477,https://www.webtoons.com/en/drama/lookism/ep-397-the-kidnapping-of-daniel-park-4/viewer?title_no=1049&episode_no=397
lookism,Lookism,398,episode-000398-ep-398-the-kidnapping-of-daniel-park-end,"Ep. 398: The Kidnapping of Daniel Park (END) Jul 30, 2022 like 60,151 #398",427,256,171,160,151,417,https://www.webtoons.com/en/drama/lookism/ep-398-the-kidnapping-of-daniel-park-end/viewer?title_no=1049&episode_no=398
lookism,Lookism,399,episode-000399-ep-399-the-hunt-for-hostel-1,"Ep. 399: The Hunt for Hostel (1) Aug 6, 2022 like 57,469 #399",414,256,158,160,138,404,https://www.webtoons.com/en/drama/lookism/ep-399-the-hunt-for-hostel-1/viewer?title_no=1049&episode_no=399
lookism,Lookism,400,episode-000400-ep-400-the-hunt-for-hostel-2,"Ep. 400: The Hunt for Hostel (2) Aug 13, 2022 like 59,442 #400",470,256,214,160,194,460,https://www.webtoons.com/en/drama/lookism/ep-400-the-hunt-for-hostel-2/viewer?title_no=1049&episode_no=400
lookism,Lookism,401,episode-000401-ep-401-the-hunt-for-hostel-3,"Ep. 401: The Hunt for Hostel (3) Aug 20, 2022 like 56,587 #401",430,256,174,160,154,420,https://www.webtoons.com/en/drama/lookism/ep-401-the-hunt-for-hostel-3/viewer?title_no=1049&episode_no=401
lookism,Lookism,402,episode-000402-ep-402-the-hunt-for-hostel-4,"Ep. 402: The Hunt for Hostel (4) Aug 27, 2022 like 55,410 #402",445,256,189,160,169,435,https://www.webtoons.com/en/drama/lookism/ep-402-the-hunt-for-hostel-4/viewer?title_no=1049&episode_no=402
lookism,Lookism,403,episode-000403-ep-403-the-hunt-for-hostel-finale,"Ep. 403: The Hunt for Hostel (FINALE) Sep 3, 2022 like 55,292 #403",409,256,153,160,133,399,https://www.webtoons.com/en/drama/lookism/ep-403-the-hunt-for-hostel-finale/viewer?title_no=1049&episode_no=403
lookism,Lookism,404,episode-000404-ep-404-first-generation-king-1,"Ep. 404: First Generation King (1) Sep 10, 2022 like 54,170 #404",429,256,173,160,153,419,https://www.webtoons.com/en/drama/lookism/ep-404-first-generation-king-1/viewer?title_no=1049&episode_no=404
lookism,Lookism,405,episode-000405-ep-405-first-generation-king-2,"Ep. 405: First Generation King (2) Sep 17, 2022 like 56,863 #405",433,256,177,160,157,423,https://www.webtoons.com/en/drama/lookism/ep-405-first-generation-king-2/viewer?title_no=1049&episode_no=405
lookism,Lookism,406,episode-000406-ep-406-first-generation-king-3,"Ep. 406: First Generation King (3) Sep 24, 2022 like 53,537 #406",432,256,176,160,156,422,https://www.webtoons.com/en/drama/lookism/ep-406-first-generation-king-3/viewer?title_no=1049&episode_no=406
lookism,Lookism,407,episode-000407-ep-407-first-generation-king-4,"Ep. 407: First Generation King (4) Oct 1, 2022 like 54,014 #407",411,256,155,160,135,401,https://www.webtoons.com/en/drama/lookism/ep-407-first-generation-king-4/viewer?title_no=1049&episode_no=407
lookism,Lookism,408,episode-000408-ep-408-first-generation-king-5,"Ep. 408: First Generation King (5) Oct 8, 2022 like 51,645 #408",401,256,145,160,125,391,https://www.webtoons.com/en/drama/lookism/ep-408-first-generation-king-5/viewer?title_no=1049&episode_no=408
lookism,Lookism,409,episode-000409-ep-409-first-generation-king-6,"Ep. 409: First Generation King (6) Oct 15, 2022 like 51,975 #409",410,256,154,160,134,400,https://www.webtoons.com/en/drama/lookism/ep-409-first-generation-king-6/viewer?title_no=1049&episode_no=409
lookism,Lookism,410,episode-000410-ep-410-first-generation-king-finale,"Ep. 410: First Generation King (Finale) Oct 22, 2022 like 53,756 #410",428,256,172,160,152,418,https://www.webtoons.com/en/drama/lookism/ep-410-first-generation-king-finale/viewer?title_no=1049&episode_no=410
lookism,Lookism,411,episode-000411-ep-411-the-hunt-for-big-deal-1,"Ep. 411: The Hunt For Big Deal (1) Oct 29, 2022 like 56,005 #411",414,256,158,160,138,404,https://www.webtoons.com/en/drama/lookism/ep-411-the-hunt-for-big-deal-1/viewer?title_no=1049&episode_no=411
lookism,Lookism,412,episode-000412-ep-412-the-hunt-for-big-deal-2,"Ep. 412: The Hunt For Big Deal (2) BGM Nov 5, 2022 like 52,790 #412",404,256,148,160,128,394,https://www.webtoons.com/en/drama/lookism/ep-412-the-hunt-for-big-deal-2/viewer?title_no=1049&episode_no=412
lookism,Lookism,413,episode-000413-ep-413-the-hunt-for-big-deal-3,"Ep. 413: The Hunt For Big Deal (3) BGM Nov 12, 2022 like 51,877 #413",429,256,173,160,153,419,https://www.webtoons.com/en/drama/lookism/ep-413-the-hunt-for-big-deal-3/viewer?title_no=1049&episode_no=413
lookism,Lookism,414,episode-000414-ep-414-the-hunt-for-big-deal-4,"Ep. 414: The Hunt For Big Deal (4) BGM Nov 19, 2022 like 51,079 #414",420,256,164,160,144,410,https://www.webtoons.com/en/drama/lookism/ep-414-the-hunt-for-big-deal-4/viewer?title_no=1049&episode_no=414
lookism,Lookism,415,episode-000415-ep-415-the-hunt-for-big-deal-5,"Ep. 415: The Hunt For Big Deal (5) BGM Nov 26, 2022 like 50,232 #415",419,256,163,160,143,409,https://www.webtoons.com/en/drama/lookism/ep-415-the-hunt-for-big-deal-5/viewer?title_no=1049&episode_no=415
lookism,Lookism,416,episode-000416-ep-416-the-hunt-for-big-deal-6,"Ep. 416: The Hunt For Big Deal (6) BGM Dec 3, 2022 like 53,711 #416",441,256,185,160,165,431,https://www.webtoons.com/en/drama/lookism/ep-416-the-hunt-for-big-deal-6/viewer?title_no=1049&episode_no=416
lookism,Lookism,417,episode-000417-ep-417-the-hunt-for-big-deal-7,"Ep. 417: The Hunt For Big Deal (7) BGM Dec 10, 2022 like 50,394 #417",424,256,168,160,147,413,https://www.webtoons.com/en/drama/lookism/ep-417-the-hunt-for-big-deal-7/viewer?title_no=1049&episode_no=417
lookism,Lookism,418,episode-000418-ep-418-the-hunt-for-big-deal-8,"Ep. 418: The Hunt For Big Deal (8) BGM Dec 17, 2022 like 51,894 #418",413,256,157,160,137,403,https://www.webtoons.com/en/drama/lookism/ep-418-the-hunt-for-big-deal-8/viewer?title_no=1049&episode_no=418
lookism,Lookism,419,episode-000419-ep-419-the-hunt-for-big-deal-9,"Ep. 419: The Hunt For Big Deal (9) BGM Dec 24, 2022 like 52,827 #419",447,256,191,160,171,437,https://www.webtoons.com/en/drama/lookism/ep-419-the-hunt-for-big-deal-9/viewer?title_no=1049&episode_no=419
lookism,Lookism,420,episode-000420-ep-420-the-hunt-for-big-deal-10,"Ep. 420: The Hunt For Big Deal (10) BGM Dec 31, 2022 like 49,316 #420",429,256,173,160,153,419,https://www.webtoons.com/en/drama/lookism/ep-420-the-hunt-for-big-deal-10/viewer?title_no=1049&episode_no=420
lookism,Lookism,421,episode-000421-ep-421-the-hunt-for-big-deal-11,"Ep. 421: The Hunt for Big Deal (11) BGM Jan 7, 2023 like 51,107 #421",414,256,158,160,138,404,https://www.webtoons.com/en/drama/lookism/ep-421-the-hunt-for-big-deal-11/viewer?title_no=1049&episode_no=421
lookism,Lookism,422,episode-000422-ep-422-the-hunt-for-big-deal-12,"Ep. 422: The Hunt for Big Deal (12) BGM Jan 14, 2023 like 49,864 #422",422,256,166,160,146,412,https://www.webtoons.com/en/drama/lookism/ep-422-the-hunt-for-big-deal-12/viewer?title_no=1049&episode_no=422
lookism,Lookism,423,episode-000423-ep-423-the-hunt-for-big-deal-13,"Ep. 423: The Hunt for Big Deal (13) BGM Jan 21, 2023 like 54,201 #423",449,256,193,160,173,439,https://www.webtoons.com/en/drama/lookism/ep-423-the-hunt-for-big-deal-13/viewer?title_no=1049&episode_no=423
lookism,Lookism,424,episode-000424-ep-424-the-hunt-for-big-deal-14,"Ep. 424: The Hunt for Big Deal (14) BGM Jan 28, 2023 like 53,327 #424",431,256,175,160,155,421,https://www.webtoons.com/en/drama/lookism/ep-424-the-hunt-for-big-deal-14/viewer?title_no=1049&episode_no=424
lookism,Lookism,425,episode-000425-ep-425-the-hunt-for-big-deal-15,"Ep. 425: The Hunt for Big Deal (15) BGM Feb 4, 2023 like 52,436 #425",414,256,158,160,138,404,https://www.webtoons.com/en/drama/lookism/ep-425-the-hunt-for-big-deal-15/viewer?title_no=1049&episode_no=425
lookism,Lookism,426,episode-000426-ep-426-the-hunt-for-big-deal-16,"Ep. 426: The Hunt for Big Deal (16) BGM Feb 11, 2023 like 50,213 #426",434,256,178,160,158,424,https://www.webtoons.com/en/drama/lookism/ep-426-the-hunt-for-big-deal-16/viewer?title_no=1049&episode_no=426
lookism,Lookism,427,episode-000427-ep-427-the-hunt-for-big-deal-17,"Ep. 427: The Hunt for Big Deal (17) BGM Feb 18, 2023 like 49,475 #427",425,256,169,160,149,415,https://www.webtoons.com/en/drama/lookism/ep-427-the-hunt-for-big-deal-17/viewer?title_no=1049&episode_no=427
lookism,Lookism,428,episode-000428-ep-428-the-hunt-for-big-deal-18,"Ep. 428: The Hunt for Big Deal (18) BGM Feb 25, 2023 like 50,732 #428",425,256,169,160,149,415,https://www.webtoons.com/en/drama/lookism/ep-428-the-hunt-for-big-deal-18/viewer?title_no=1049&episode_no=428
lookism,Lookism,429,episode-000429-ep-429-the-hunt-for-big-deal-finale,"Ep 429: The Hunt for Big Deal (Finale) BGM Mar 4, 2023 like 48,409 #429",406,256,150,160,130,396,https://www.webtoons.com/en/drama/lookism/ep-429-the-hunt-for-big-deal-finale/viewer?title_no=1049&episode_no=429
lookism,Lookism,430,episode-000430-ep-430-the-united-four-major-crews-1,"Ep 430: The United Four Major Crews (1) BGM Mar 11, 2023 like 49,509 #430",429,256,173,160,153,419,https://www.webtoons.com/en/drama/lookism/ep-430-the-united-four-major-crews-1/viewer?title_no=1049&episode_no=430
lookism,Lookism,431,episode-000431-ep-431-the-united-four-major-crews-2,"Ep 431: The United Four Major Crews (2) BGM Mar 18, 2023 like 47,942 #431",413,256,157,160,136,402,https://www.webtoons.com/en/drama/lookism/ep-431-the-united-four-major-crews-2/viewer?title_no=1049&episode_no=431
lookism,Lookism,432,episode-000432-ep-432-holidays-2-1,"Ep 432: Holidays 2 (1) BGM Mar 25, 2023 like 48,373 #432",407,256,151,160,131,397,https://www.webtoons.com/en/drama/lookism/ep-432-holidays-2-1/viewer?title_no=1049&episode_no=432
lookism,Lookism,433,episode-000433-ep-433-holidays-2-2,"Ep 433: Holidays 2 (2) BGM Apr 1, 2023 like 47,398 #433",425,256,169,160,149,415,https://www.webtoons.com/en/drama/lookism/ep-433-holidays-2-2/viewer?title_no=1049&episode_no=433
lookism,Lookism,434,episode-000434-ep-434-holidays-2-3,"Ep 434: Holidays 2 (3) BGM Apr 8, 2023 like 44,903 #434",412,256,156,160,136,402,https://www.webtoons.com/en/drama/lookism/ep-434-holidays-2-3/viewer?title_no=1049&episode_no=434
lookism,Lookism,435,episode-000435-ep-435-holidays-2-4,"Ep 435: Holidays 2 (4) BGM Apr 15, 2023 like 44,708 #435",410,256,154,160,134,400,https://www.webtoons.com/en/drama/lookism/ep-435-holidays-2-4/viewer?title_no=1049&episode_no=435
lookism,Lookism,436,episode-000436-ep-436-holidays-2-5,"Ep 436: Holidays 2 (5) BGM Apr 22, 2023 like 42,694 #436",423,256,167,160,147,413,https://www.webtoons.com/en/drama/lookism/ep-436-holidays-2-5/viewer?title_no=1049&episode_no=436
lookism,Lookism,437,episode-000437-ep-437-holidays-2-6,"Ep 437: Holidays 2 (6) BGM Apr 29, 2023 like 43,925 #437",411,256,155,160,135,401,https://www.webtoons.com/en/drama/lookism/ep-437-holidays-2-6/viewer?title_no=1049&episode_no=437
lookism,Lookism,438,episode-000438-ep-438-holidays-2-7,"Ep 438: Holidays 2 (7) BGM May 6, 2023 like 44,464 #438",410,256,154,160,134,400,https://www.webtoons.com/en/drama/lookism/ep-438-holidays-2-7/viewer?title_no=1049&episode_no=438
lookism,Lookism,439,episode-000439-ep-439-holidays-2-8,"Ep 439: Holidays 2 (8) BGM May 13, 2023 like 44,147 #439",423,256,167,160,147,413,https://www.webtoons.com/en/drama/lookism/ep-439-holidays-2-8/viewer?title_no=1049&episode_no=439
lookism,Lookism,440,episode-000440-ep-440-holidays-2-finale,"Ep 440: Holidays 2 (Finale) BGM May 20, 2023 like 42,008 #440",422,256,166,160,146,412,https://www.webtoons.com/en/drama/lookism/ep-440-holidays-2-finale/viewer?title_no=1049&episode_no=440
lookism,Lookism,441,episode-000441-ep-441-holidays-2-epilogue,"Ep 441: Holidays 2 (Epilogue) BGM May 27, 2023 like 40,445 #441",420,256,164,160,144,410,https://www.webtoons.com/en/drama/lookism/ep-441-holidays-2-epilogue/viewer?title_no=1049&episode_no=441
lookism,Lookism,442,episode-000442-ep-442-funeral,"Ep 442: Funeral BGM Jun 3, 2023 like 41,631 #442",432,256,176,160,156,422,https://www.webtoons.com/en/drama/lookism/ep-442-funeral/viewer?title_no=1049&episode_no=442
lookism,Lookism,443,episode-000443-ep-443-lookism-1,"Ep 443: Lookism (1) BGM Jun 10, 2023 like 41,090 #443",406,256,150,160,130,396,https://www.webtoons.com/en/drama/lookism/ep-443-lookism-1/viewer?title_no=1049&episode_no=443
lookism,Lookism,444,episode-000444-ep-444-lookism-2,"Ep 444: Lookism (2) BGM Jun 17, 2023 like 40,831 #444",420,256,164,160,144,410,https://www.webtoons.com/en/drama/lookism/ep-444-lookism-2/viewer?title_no=1049&episode_no=444
lookism,Lookism,445,episode-000445-ep-445-lookism-3,"Ep 445: Lookism (3) BGM Jun 24, 2023 like 40,081 #445",424,256,168,160,148,414,https://www.webtoons.com/en/drama/lookism/ep-445-lookism-3/viewer?title_no=1049&episode_no=445
lookism,Lookism,446,episode-000446-ep-446-lookism-4,"Ep 446: Lookism (4) BGM Jul 1, 2023 like 39,587 #446",406,256,150,160,130,396,https://www.webtoons.com/en/drama/lookism/ep-446-lookism-4/viewer?title_no=1049&episode_no=446
lookism,Lookism,447,episode-000447-ep-447-lookism-finale,"Ep 447: Lookism (Finale) BGM Jul 8, 2023 like 40,021 #447",445,256,189,160,169,435,https://www.webtoons.com/en/drama/lookism/ep-447-lookism-finale/viewer?title_no=1049&episode_no=447
lookism,Lookism,448,episode-000448-ep-448-the-first-affiliates-dark-secret,"Ep 448: The First Affiliate's Dark Secret BGM Jul 15, 2023 like 39,347 #448",424,256,168,160,148,414,https://www.webtoons.com/en/drama/lookism/ep-448-the-first-affiliates-dark-secret/viewer?title_no=1049&episode_no=448
lookism,Lookism,449,episode-000449-ep-449-workers-1st-affiliate-1,"Ep 449: Workers (1st Affiliate) (1) BGM Jul 22, 2023 like 37,335 #449",401,256,145,160,125,391,https://www.webtoons.com/en/drama/lookism/ep-449-workers-1st-affiliate-1/viewer?title_no=1049&episode_no=449
lookism,Lookism,450,episode-000450-ep-450-workers-1st-affiliate-2,"Ep 450: Workers (1st Affiliate) (2) BGM Jul 29, 2023 like 38,594 #450",433,256,177,160,157,423,https://www.webtoons.com/en/drama/lookism/ep-450-workers-1st-affiliate-2/viewer?title_no=1049&episode_no=450
lookism,Lookism,451,episode-000451-ep-451-workers-1st-affiliate-3,"Ep 451: Workers (1st Affiliate) (3) BGM Aug 5, 2023 like 38,826 #451",452,256,196,160,176,442,https://www.webtoons.com/en/drama/lookism/ep-451-workers-1st-affiliate-3/viewer?title_no=1049&episode_no=451
lookism,Lookism,452,episode-000452-ep-452-workers-1st-affiliate-4,"Ep 452: Workers (1st Affiliate) (4) BGM Aug 12, 2023 like 39,465 #452",421,256,165,160,145,411,https://www.webtoons.com/en/drama/lookism/ep-452-workers-1st-affiliate-4/viewer?title_no=1049&episode_no=452
lookism,Lookism,453,episode-000453-ep-453-workers-1st-affiliate-5,"Ep 453: Workers (1st Affiliate) (5) BGM Aug 19, 2023 like 37,940 #453",410,256,154,160,134,400,https://www.webtoons.com/en/drama/lookism/ep-453-workers-1st-affiliate-5/viewer?title_no=1049&episode_no=453
lookism,Lookism,454,episode-000454-ep-454-workers-1st-affiliate-6,"Ep 454: Workers (1st Affiliate) (6) BGM Aug 26, 2023 like 37,071 #454",430,256,174,160,154,420,https://www.webtoons.com/en/drama/lookism/ep-454-workers-1st-affiliate-6/viewer?title_no=1049&episode_no=454
lookism,Lookism,455,episode-000455-ep-455-workers-1st-affiliate-7,"Ep 455: Workers (1st Affiliate) (7) BGM Sep 2, 2023 like 36,205 #455",413,256,157,160,137,403,https://www.webtoons.com/en/drama/lookism/ep-455-workers-1st-affiliate-7/viewer?title_no=1049&episode_no=455
lookism,Lookism,456,episode-000456-ep-456-workers-1st-affiliate-8,"Ep 456: Workers (1st Affiliate) (8) BGM Sep 9, 2023 like 36,704 #456",426,256,170,160,150,416,https://www.webtoons.com/en/drama/lookism/ep-456-workers-1st-affiliate-8/viewer?title_no=1049&episode_no=456
lookism,Lookism,457,episode-000457-ep-457-workers-1st-affiliate-9,"Ep 457: Workers (1st Affiliate) (9) BGM Sep 16, 2023 like 35,711 #457",414,256,158,160,138,404,https://www.webtoons.com/en/drama/lookism/ep-457-workers-1st-affiliate-9/viewer?title_no=1049&episode_no=457
lookism,Lookism,458,episode-000458-ep-458-workers-1st-affiliate-10,"Ep 458: Workers (1st Affiliate) (10) BGM Sep 23, 2023 like 34,896 #458",432,256,176,160,156,422,https://www.webtoons.com/en/drama/lookism/ep-458-workers-1st-affiliate-10/viewer?title_no=1049&episode_no=458
lookism,Lookism,459,episode-000459-ep-459-workers-1st-affiliate-11,"Ep 459: Workers (1st Affiliate) (11) BGM Sep 30, 2023 like 39,060 #459",469,256,213,160,192,458,https://www.webtoons.com/en/drama/lookism/ep-459-workers-1st-affiliate-11/viewer?title_no=1049&episode_no=459
lookism,Lookism,460,episode-000460-ep-460-workers-1st-affiliate-12,"Ep 460: Workers (1st Affiliate) (12) BGM Oct 7, 2023 like 36,114 #460",435,256,179,160,159,425,https://www.webtoons.com/en/drama/lookism/ep-460-workers-1st-affiliate-12/viewer?title_no=1049&episode_no=460
lookism,Lookism,461,episode-000461-ep-461-workers-1st-affiliate-13,"Ep 461: Workers (1st Affiliate) (13) BGM Oct 14, 2023 like 37,107 #461",449,256,193,160,173,439,https://www.webtoons.com/en/drama/lookism/ep-461-workers-1st-affiliate-13/viewer?title_no=1049&episode_no=461
lookism,Lookism,462,episode-000462-ep-462-workers-1st-affiliate-14,"Ep 462: Workers (1st Affiliate) (14) BGM Oct 21, 2023 like 34,576 #462",449,256,193,160,173,439,https://www.webtoons.com/en/drama/lookism/ep-462-workers-1st-affiliate-14/viewer?title_no=1049&episode_no=462
lookism,Lookism,463,episode-000463-ep-463-workers-1st-affiliate-15,"Ep. 463: Workers (1st Affiliate) (15) BGM Oct 28, 2023 like 34,260 #463",464,256,208,160,188,454,https://www.webtoons.com/en/drama/lookism/ep-463-workers-1st-affiliate-15/viewer?title_no=1049&episode_no=463
lookism,Lookism,464,episode-000464-ep-464-workers-1st-affiliate-16,"Ep. 464: Workers (1st Affiliate) (16) BGM Nov 4, 2023 like 33,620 #464",426,256,170,160,150,416,https://www.webtoons.com/en/drama/lookism/ep-464-workers-1st-affiliate-16/viewer?title_no=1049&episode_no=464
lookism,Lookism,465,episode-000465-ep-465-workers-1st-affiliate-17,"Ep. 465: Workers (1st Affiliate) (17) BGM Nov 11, 2023 like 36,097 #465",448,256,192,160,172,438,https://www.webtoons.com/en/drama/lookism/ep-465-workers-1st-affiliate-17/viewer?title_no=1049&episode_no=465
lookism,Lookism,466,episode-000466-ep-466-workers-1st-affiliate-18,"Ep. 466: Workers (1st Affiliate) (18) BGM Nov 18, 2023 like 35,183 #466",461,256,205,160,185,451,https://www.webtoons.com/en/drama/lookism/ep-466-workers-1st-affiliate-18/viewer?title_no=1049&episode_no=466
lookism,Lookism,467,episode-000467-ep-467-workers-1st-affiliate-19,"Ep. 467: Workers (1st Affiliate) (19) BGM Nov 25, 2023 like 38,894 #467",435,256,179,160,159,425,https://www.webtoons.com/en/drama/lookism/ep-467-workers-1st-affiliate-19/viewer?title_no=1049&episode_no=467
lookism,Lookism,468,episode-000468-ep-468-workers-1st-affiliate-20,"Ep. 468: Workers (1st Affiliate) (20) BGM Dec 2, 2023 like 35,787 #468",444,256,188,160,168,434,https://www.webtoons.com/en/drama/lookism/ep-468-workers-1st-affiliate-20/viewer?title_no=1049&episode_no=468
lookism,Lookism,469,episode-000469-ep-469-workers-1st-affiliate-21,"Ep. 469: Workers (1st Affiliate) (21) BGM Dec 9, 2023 like 35,015 #469",414,256,158,160,138,404,https://www.webtoons.com/en/drama/lookism/ep-469-workers-1st-affiliate-21/viewer?title_no=1049&episode_no=469
lookism,Lookism,470,episode-000470-ep-470-workers-1st-affiliate-22,"Ep. 470: Workers (1st Affiliate) (22) BGM Dec 16, 2023 like 33,761 #470",437,256,181,160,161,427,https://www.webtoons.com/en/drama/lookism/ep-470-workers-1st-affiliate-22/viewer?title_no=1049&episode_no=470
lookism,Lookism,471,episode-000471-ep-471-workers-1st-affiliate-23,"Ep. 471: Workers (1st Affiliate) (23) BGM Dec 23, 2023 like 36,663 #471",455,256,199,160,179,445,https://www.webtoons.com/en/drama/lookism/ep-471-workers-1st-affiliate-23/viewer?title_no=1049&episode_no=471
lookism,Lookism,472,episode-000472-ep-472-workers-1st-affiliate-24,"Ep. 472: Workers (1st Affiliate) (24) BGM Dec 30, 2023 like 35,478 #472",456,256,200,160,179,445,https://www.webtoons.com/en/drama/lookism/ep-472-workers-1st-affiliate-24/viewer?title_no=1049&episode_no=472
lookism,Lookism,473,episode-000473-ep-473-workers-1st-affiliate-25,"Ep. 473: Workers (1st Affiliate) (25) BGM Jan 6, 2024 like 34,502 #473",436,256,180,160,160,426,https://www.webtoons.com/en/drama/lookism/ep-473-workers-1st-affiliate-25/viewer?title_no=1049&episode_no=473
lookism,Lookism,474,episode-000474-ep-474-workers-1st-affiliate-26,"Ep. 474: Workers (1st Affiliate) (26) BGM Jan 13, 2024 like 32,557 #474",461,256,205,160,185,451,https://www.webtoons.com/en/drama/lookism/ep-474-workers-1st-affiliate-26/viewer?title_no=1049&episode_no=474
lookism,Lookism,475,episode-000475-ep-475-workers-1st-affiliate-27,"Ep. 475: Workers (1st Affiliate) (27) BGM Jan 20, 2024 like 33,323 #475",448,256,192,160,172,438,https://www.webtoons.com/en/drama/lookism/ep-475-workers-1st-affiliate-27/viewer?title_no=1049&episode_no=475
lookism,Lookism,476,episode-000476-ep-476-workers-1st-affiliate-28,"Ep. 476: Workers (1st Affiliate) (28) BGM Jan 27, 2024 like 32,450 #476",416,256,160,160,140,406,https://www.webtoons.com/en/drama/lookism/ep-476-workers-1st-affiliate-28/viewer?title_no=1049&episode_no=476
lookism,Lookism,477,episode-000477-ep-477-workers-1st-affiliate-29,"Ep. 477: Workers (1st Affiliate) (29) BGM Feb 3, 2024 like 32,545 #477",435,256,179,160,159,425,https://www.webtoons.com/en/drama/lookism/ep-477-workers-1st-affiliate-29/viewer?title_no=1049&episode_no=477
lookism,Lookism,478,episode-000478-ep-478-workers-1st-affiliate-finale,"Ep. 478: Workers (1st Affiliate) (Finale) BGM Feb 10, 2024 like 32,540 #478",425,256,169,160,149,415,https://www.webtoons.com/en/drama/lookism/ep-478-workers-1st-affiliate-finale/viewer?title_no=1049&episode_no=478
lookism,Lookism,479,episode-000479-ep-479-a-drink-between-brothers,"Ep. 479: A Drink Between Brothers BGM Feb 17, 2024 like 31,641 #479",436,256,180,160,160,426,https://www.webtoons.com/en/drama/lookism/ep-479-a-drink-between-brothers/viewer?title_no=1049&episode_no=479
lookism,Lookism,480,episode-000480-ep-480-guns-choice,"Ep. 480: Gun's Choice BGM Feb 24, 2024 like 31,537 #480",442,256,186,160,166,432,https://www.webtoons.com/en/drama/lookism/ep-480-guns-choice/viewer?title_no=1049&episode_no=480
lookism,Lookism,481,episode-000481-ep-481-the-king-of,"EP. 481: The King of.. BGM Mar 2, 2024 like 30,189 #481",451,256,195,160,175,441,https://www.webtoons.com/en/drama/lookism/ep-481-the-king-of/viewer?title_no=1049&episode_no=481
lookism,Lookism,482,episode-000482-ep-482-cheonliang-1,"Ep. 482: Cheonliang (1) BGM Mar 9, 2024 like 29,432 #482",487,256,231,160,211,477,https://www.webtoons.com/en/drama/lookism/ep-482-cheonliang-1/viewer?title_no=1049&episode_no=482
lookism,Lookism,483,episode-000483-ep-483-cheonliang-2,"Ep. 483: Cheonliang (2) BGM Mar 16, 2024 like 28,949 #483",468,256,212,160,192,458,https://www.webtoons.com/en/drama/lookism/ep-483-cheonliang-2/viewer?title_no=1049&episode_no=483
lookism,Lookism,484,episode-000484-ep-484-cheonliang-3,"Ep. 484: Cheonliang (3) BGM Mar 23, 2024 like 29,249 #484",461,256,205,160,185,451,https://www.webtoons.com/en/drama/lookism/ep-484-cheonliang-3/viewer?title_no=1049&episode_no=484
lookism,Lookism,485,episode-000485-ep-485-cheonliang-4,"Ep. 485: Cheonliang (4) BGM Mar 30, 2024 like 27,048 #485",455,256,199,160,179,445,https://www.webtoons.com/en/drama/lookism/ep-485-cheonliang-4/viewer?title_no=1049&episode_no=485
lookism,Lookism,486,episode-000486-ep-486-cheonliang-5,"Ep. 486: Cheonliang (5) BGM Apr 6, 2024 like 28,589 #486",442,256,186,160,165,431,https://www.webtoons.com/en/drama/lookism/ep-486-cheonliang-5/viewer?title_no=1049&episode_no=486
lookism,Lookism,487,episode-000487-ep-487-cheonliang-6,"Ep. 487: Cheonliang (6) BGM Apr 13, 2024 like 27,373 #487",470,256,214,160,194,460,https://www.webtoons.com/en/drama/lookism/ep-487-cheonliang-6/viewer?title_no=1049&episode_no=487
lookism,Lookism,488,episode-000488-ep-488-cheonliang-7,"Ep. 488: Cheonliang (7) BGM Apr 20, 2024 like 26,627 #488",446,256,190,160,170,436,https://www.webtoons.com/en/drama/lookism/ep-488-cheonliang-7/viewer?title_no=1049&episode_no=488
lookism,Lookism,489,episode-000489-ep-489-cheonliang-8,"Ep. 489: Cheonliang (8) BGM Apr 27, 2024 like 26,603 #489",460,256,204,160,184,450,https://www.webtoons.com/en/drama/lookism/ep-489-cheonliang-8/viewer?title_no=1049&episode_no=489
lookism,Lookism,490,episode-000490-ep-490-cheonliang-9,"Ep. 490: Cheonliang (9) BGM May 4, 2024 like 26,628 #490",454,256,198,160,178,444,https://www.webtoons.com/en/drama/lookism/ep-490-cheonliang-9/viewer?title_no=1049&episode_no=490
lookism,Lookism,491,episode-000491-ep-491-cheonliang-10,"Ep. 491: Cheonliang (10) BGM May 11, 2024 like 27,967 #491",454,256,198,160,178,444,https://www.webtoons.com/en/drama/lookism/ep-491-cheonliang-10/viewer?title_no=1049&episode_no=491
lookism,Lookism,492,episode-000492-ep-492-cheonliang-11,"Ep. 492: Cheonliang (11) BGM May 18, 2024 like 27,054 #492",471,256,215,160,195,461,https://www.webtoons.com/en/drama/lookism/ep-492-cheonliang-11/viewer?title_no=1049&episode_no=492
lookism,Lookism,493,episode-000493-ep-493-cheonliang-12,"Ep. 493: Cheonliang (12) BGM May 25, 2024 like 26,946 #493",459,256,203,160,183,449,https://www.webtoons.com/en/drama/lookism/ep-493-cheonliang-12/viewer?title_no=1049&episode_no=493
lookism,Lookism,494,episode-000494-ep-494-cheonliang-13,"Ep. 494: Cheonliang (13) BGM Jun 1, 2024 like 25,714 #494",452,256,196,160,176,442,https://www.webtoons.com/en/drama/lookism/ep-494-cheonliang-13/viewer?title_no=1049&episode_no=494
lookism,Lookism,495,episode-000495-ep-495-cheonliang-14,"Ep. 495: Cheonliang (14) BGM Jun 8, 2024 like 25,362 #495",438,256,182,160,162,428,https://www.webtoons.com/en/drama/lookism/ep-495-cheonliang-14/viewer?title_no=1049&episode_no=495
lookism,Lookism,496,episode-000496-ep-496-cheonliang-15,"Ep. 496: Cheonliang (15) BGM Jun 15, 2024 like 24,634 #496",442,256,186,160,166,432,https://www.webtoons.com/en/drama/lookism/ep-496-cheonliang-15/viewer?title_no=1049&episode_no=496
lookism,Lookism,497,episode-000497-ep-497-cheonliang-16,"Ep. 497: Cheonliang (16) BGM Jun 22, 2024 like 24,006 #497",439,256,183,160,163,429,https://www.webtoons.com/en/drama/lookism/ep-497-cheonliang-16/viewer?title_no=1049&episode_no=497
lookism,Lookism,498,episode-000498-ep-498-cheonliang-17,"Ep. 498: Cheonliang (17) BGM Jun 29, 2024 like 23,163 #498",430,256,174,160,154,420,https://www.webtoons.com/en/drama/lookism/ep-498-cheonliang-17/viewer?title_no=1049&episode_no=498
lookism,Lookism,499,episode-000499-ep-499-cheonliang-18,"Ep. 499: Cheonliang (18) BGM Jul 6, 2024 like 24,858 #499",520,256,264,160,244,510,https://www.webtoons.com/en/drama/lookism/ep-499-cheonliang-18/viewer?title_no=1049&episode_no=499
lookism,Lookism,500,episode-000500-ep-500-cheonliang-final,"Ep. 500: Cheonliang (final) BGM Jul 13, 2024 like 24,640 #500",488,256,232,160,212,478,https://www.webtoons.com/en/drama/lookism/ep-500-cheonliang-final/viewer?title_no=1049&episode_no=500
lookism,Lookism,501,episode-000501-ep-501-cheonliang-aftermath-the-hunt-for-gun,"Ep. 501: Cheonliang (Aftermath) + The Hunt for Gun BGM Jul 20, 2024 like 24,314 #501",403,256,147,160,127,393,https://www.webtoons.com/en/drama/lookism/ep-501-cheonliang-aftermath-the-hunt-for-gun/viewer?title_no=1049&episode_no=501
lookism,Lookism,502,episode-000502-ep-502-the-hunt-for-gun-1,"Ep. 502: The Hunt for Gun (1) BGM Jul 27, 2024 like 24,683 #502",465,256,209,160,189,455,https://www.webtoons.com/en/drama/lookism/ep-502-the-hunt-for-gun-1/viewer?title_no=1049&episode_no=502
lookism,Lookism,503,episode-000503-ep-503-the-hunt-for-gun-2,"Ep. 503: The Hunt for Gun (2) BGM Aug 3, 2024 like 25,101 #503",445,256,189,160,169,435,https://www.webtoons.com/en/drama/lookism/ep-503-the-hunt-for-gun-2/viewer?title_no=1049&episode_no=503
lookism,Lookism,504,episode-000504-ep-504-the-hunt-for-gun-3,"Ep. 504: The Hunt for Gun (3) BGM Aug 10, 2024 like 25,246 #504",476,256,220,160,200,466,https://www.webtoons.com/en/drama/lookism/ep-504-the-hunt-for-gun-3/viewer?title_no=1049&episode_no=504
lookism,Lookism,505,episode-000505-ep-505-the-hunt-for-gun-4,"Ep. 505: The Hunt for Gun (4) BGM Aug 17, 2024 like 24,999 #505",424,256,168,160,148,414,https://www.webtoons.com/en/drama/lookism/ep-505-the-hunt-for-gun-4/viewer?title_no=1049&episode_no=505
lookism,Lookism,506,episode-000506-ep-506-the-hunt-for-gun-5,"Ep. 506: The Hunt for Gun (5) BGM Aug 24, 2024 like 24,218 #506",450,256,194,160,174,440,https://www.webtoons.com/en/drama/lookism/ep-506-the-hunt-for-gun-5/viewer?title_no=1049&episode_no=506
lookism,Lookism,507,episode-000507-ep-507-the-hunt-for-gun-6,"Ep. 507: The Hunt for Gun (6) BGM Aug 31, 2024 like 23,655 #507",442,256,186,160,166,432,https://www.webtoons.com/en/drama/lookism/ep-507-the-hunt-for-gun-6/viewer?title_no=1049&episode_no=507
lookism,Lookism,508,episode-000508-ep-508-the-hunt-for-gun-7,"Ep. 508: The Hunt for Gun (7) BGM Sep 7, 2024 like 23,363 #508",428,256,172,160,152,418,https://www.webtoons.com/en/drama/lookism/ep-508-the-hunt-for-gun-7/viewer?title_no=1049&episode_no=508
lookism,Lookism,509,episode-000509-ep-509-the-hunt-for-gun-8,"Ep. 509: The Hunt for Gun (8) BGM Sep 14, 2024 like 24,103 #509",451,256,195,160,175,441,https://www.webtoons.com/en/drama/lookism/ep-509-the-hunt-for-gun-8/viewer?title_no=1049&episode_no=509
lookism,Lookism,510,episode-000510-ep-510-the-hunt-for-gun-9,"Ep. 510: The Hunt for Gun (9) BGM Sep 21, 2024 like 24,438 #510",459,256,203,160,183,449,https://www.webtoons.com/en/drama/lookism/ep-510-the-hunt-for-gun-9/viewer?title_no=1049&episode_no=510
lookism,Lookism,511,episode-000511-ep-511-the-hunt-for-gun-10,"Ep. 511: The Hunt for Gun (10) BGM Sep 28, 2024 like 23,266 #511",466,256,210,160,190,456,https://www.webtoons.com/en/drama/lookism/ep-511-the-hunt-for-gun-10/viewer?title_no=1049&episode_no=511
lookism,Lookism,512,episode-000512-ep-512-the-hunt-for-gun-11,"Ep. 512: The Hunt for Gun (11) BGM Oct 5, 2024 like 23,287 #512",440,256,184,160,164,430,https://www.webtoons.com/en/drama/lookism/ep-512-the-hunt-for-gun-11/viewer?title_no=1049&episode_no=512
lookism,Lookism,513,episode-000513-ep-513-the-hunt-for-gun-12,"Ep. 513: The Hunt for Gun (12) BGM Oct 12, 2024 like 23,417 #513",473,256,217,160,197,463,https://www.webtoons.com/en/drama/lookism/ep-513-the-hunt-for-gun-12/viewer?title_no=1049&episode_no=513
lookism,Lookism,514,episode-000514-ep-514-the-hunt-for-gun-13,"Ep. 514: The Hunt for Gun (13) BGM Oct 19, 2024 like 23,269 #514",434,256,178,160,158,424,https://www.webtoons.com/en/drama/lookism/ep-514-the-hunt-for-gun-13/viewer?title_no=1049&episode_no=514
lookism,Lookism,515,episode-000515-ep-515-the-hunt-for-gun-14,"Ep. 515: The Hunt for Gun (14) BGM Oct 26, 2024 like 22,921 #515",446,256,190,160,170,436,https://www.webtoons.com/en/drama/lookism/ep-515-the-hunt-for-gun-14/viewer?title_no=1049&episode_no=515
lookism,Lookism,516,episode-000516-ep-516-the-hunt-for-gun-15,"Ep. 516: The Hunt for Gun (15) BGM Nov 2, 2024 like 23,023 #516",499,256,243,160,223,489,https://www.webtoons.com/en/drama/lookism/ep-516-the-hunt-for-gun-15/viewer?title_no=1049&episode_no=516
lookism,Lookism,517,episode-000517-ep-517-the-hunt-for-gun-final,"Ep. 517: The Hunt for Gun (final) BGM Nov 9, 2024 like 23,300 #517",443,256,187,160,167,433,https://www.webtoons.com/en/drama/lookism/ep-517-the-hunt-for-gun-final/viewer?title_no=1049&episode_no=517
lookism,Lookism,518,episode-000518-ep-518-the-hunt-for-gun-aftermath,"Ep. 518: The Hunt for Gun (Aftermath) BGM Nov 16, 2024 like 21,379 #518",463,256,207,160,186,452,https://www.webtoons.com/en/drama/lookism/ep-518-the-hunt-for-gun-aftermath/viewer?title_no=1049&episode_no=518
lookism,Lookism,519,episode-000519-ep-519-white-ghost-prologue,"Ep. 519: White Ghost (Prologue) BGM Nov 23, 2024 like 22,293 #519",448,256,192,160,172,438,https://www.webtoons.com/en/drama/lookism/ep-519-white-ghost-prologue/viewer?title_no=1049&episode_no=519
lookism,Lookism,520,episode-000520-ep-520-white-ghost-1,"Ep. 520: White Ghost (1) BGM Nov 30, 2024 like 20,339 #520",466,256,210,160,190,456,https://www.webtoons.com/en/drama/lookism/ep-520-white-ghost-1/viewer?title_no=1049&episode_no=520
lookism,Lookism,521,episode-000521-ep-521-white-ghost-2,"Ep. 521: White Ghost (2) BGM Dec 7, 2024 like 19,611 #521",424,256,168,160,148,414,https://www.webtoons.com/en/drama/lookism/ep-521-white-ghost-2/viewer?title_no=1049&episode_no=521
lookism,Lookism,522,episode-000522-ep-522-white-ghost-3,"Ep. 522: White Ghost (3) BGM Dec 14, 2024 like 19,316 #522",436,256,180,160,159,425,https://www.webtoons.com/en/drama/lookism/ep-522-white-ghost-3/viewer?title_no=1049&episode_no=522
lookism,Lookism,523,episode-000523-ep-523-white-ghost-4,"Ep. 523: White Ghost (4) BGM Dec 21, 2024 like 18,925 #523",412,256,156,160,135,401,https://www.webtoons.com/en/drama/lookism/ep-523-white-ghost-4/viewer?title_no=1049&episode_no=523
lookism,Lookism,524,episode-000524-ep-524-white-ghost-5,"Ep. 524: White Ghost (5) BGM Dec 28, 2024 like 19,396 #524",415,256,159,160,138,404,https://www.webtoons.com/en/drama/lookism/ep-524-white-ghost-5/viewer?title_no=1049&episode_no=524
lookism,Lookism,525,episode-000525-ep-525-white-ghost-6,"Ep. 525: White Ghost (6) BGM Jan 4, 2025 like 19,217 #525",447,256,191,160,171,437,https://www.webtoons.com/en/drama/lookism/ep-525-white-ghost-6/viewer?title_no=1049&episode_no=525
lookism,Lookism,526,episode-000526-ep-526-white-ghost-7,"Ep. 526: White Ghost (7) BGM Jan 11, 2025 like 19,160 #526",460,256,204,160,184,450,https://www.webtoons.com/en/drama/lookism/ep-526-white-ghost-7/viewer?title_no=1049&episode_no=526
lookism,Lookism,527,episode-000527-ep-527-white-ghost-8,"Ep. 527: White Ghost (8) BGM Jan 18, 2025 like 18,863 #527",428,256,172,160,152,418,https://www.webtoons.com/en/drama/lookism/ep-527-white-ghost-8/viewer?title_no=1049&episode_no=527
lookism,Lookism,528,episode-000528-ep-528-white-ghost-9,"Ep. 528: White Ghost (9) BGM Jan 25, 2025 like 18,852 #528",464,256,208,160,188,454,https://www.webtoons.com/en/drama/lookism/ep-528-white-ghost-9/viewer?title_no=1049&episode_no=528
lookism,Lookism,529,episode-000529-ep-529-white-ghost-10,"Ep. 529: White Ghost (10) BGM Feb 1, 2025 like 19,269 #529",403,256,147,160,127,393,https://www.webtoons.com/en/drama/lookism/ep-529-white-ghost-10/viewer?title_no=1049&episode_no=529
lookism,Lookism,530,episode-000530-ep-530-white-ghost-finale,"Ep. 530: White Ghost (Finale) BGM Feb 8, 2025 like 18,659 #530",422,256,166,160,146,412,https://www.webtoons.com/en/drama/lookism/ep-530-white-ghost-finale/viewer?title_no=1049&episode_no=530
lookism,Lookism,531,episode-000531-ep-531-busan-1,"Ep. 531: Busan (1) BGM Feb 15, 2025 like 19,426 #531",452,256,196,160,176,442,https://www.webtoons.com/en/drama/lookism/ep-531-busan-1/viewer?title_no=1049&episode_no=531
lookism,Lookism,532,episode-000532-ep-532-busan-2,"Ep. 532: Busan (2) BGM Feb 22, 2025 like 19,007 #532",486,256,230,160,210,476,https://www.webtoons.com/en/drama/lookism/ep-532-busan-2/viewer?title_no=1049&episode_no=532
lookism,Lookism,533,episode-000533-ep-533-busan-3,"Ep. 533: Busan (3) BGM Mar 1, 2025 like 17,071 #533",470,256,214,160,194,460,https://www.webtoons.com/en/drama/lookism/ep-533-busan-3/viewer?title_no=1049&episode_no=533
lookism,Lookism,534,episode-000534-ep-534-busan-4,"Ep. 534: Busan (4) BGM Mar 8, 2025 like 16,560 #534",504,256,248,160,228,494,https://www.webtoons.com/en/drama/lookism/ep-534-busan-4/viewer?title_no=1049&episode_no=534
lookism,Lookism,535,episode-000535-ep-535-busan-5,"Ep. 535: Busan (5) BGM Mar 15, 2025 like 17,196 #535",481,256,225,160,205,471,https://www.webtoons.com/en/drama/lookism/ep-535-busan-5/viewer?title_no=1049&episode_no=535
lookism,Lookism,536,episode-000536-ep-536-busan-6,"Ep. 536: Busan (6) BGM Mar 22, 2025 like 16,138 #536",480,256,224,160,204,470,https://www.webtoons.com/en/drama/lookism/ep-536-busan-6/viewer?title_no=1049&episode_no=536
lookism,Lookism,537,episode-000537-ep-537-busan-7,"Ep. 537: Busan (7) BGM Mar 29, 2025 like 15,786 #537",460,256,204,160,184,450,https://www.webtoons.com/en/drama/lookism/ep-537-busan-7/viewer?title_no=1049&episode_no=537
lookism,Lookism,538,episode-000538-ep-538-busan-8,"Ep. 538: Busan (8) BGM Apr 5, 2025 like 15,584 #538",454,256,198,160,178,444,https://www.webtoons.com/en/drama/lookism/ep-538-busan-8/viewer?title_no=1049&episode_no=538
lookism,Lookism,539,episode-000539-ep-539-busan-9,"Ep. 539: Busan (9) BGM Apr 12, 2025 like 14,842 #539",486,256,230,160,210,476,https://www.webtoons.com/en/drama/lookism/ep-539-busan-9/viewer?title_no=1049&episode_no=539
lookism,Lookism,540,episode-000540-ep-540-busan-10,"Ep. 540: Busan (10) BGM Apr 19, 2025 like 15,525 #540",473,256,217,160,197,463,https://www.webtoons.com/en/drama/lookism/ep-540-busan-10/viewer?title_no=1049&episode_no=540
lookism,Lookism,541,episode-000541-ep-541-busan-11,"Ep. 541: Busan (11) BGM Apr 26, 2025 like 14,999 #541",483,256,227,160,207,473,https://www.webtoons.com/en/drama/lookism/ep-541-busan-11/viewer?title_no=1049&episode_no=541
lookism,Lookism,542,episode-000542-ep-542-busan-12,"Ep. 542: Busan (12) BGM May 3, 2025 like 14,724 #542",447,256,191,160,171,437,https://www.webtoons.com/en/drama/lookism/ep-542-busan-12/viewer?title_no=1049&episode_no=542
lookism,Lookism,543,episode-000543-ep-543-busan-13,"Ep. 543: Busan (13) BGM May 10, 2025 like 14,409 #543",484,256,228,160,208,474,https://www.webtoons.com/en/drama/lookism/ep-543-busan-13/viewer?title_no=1049&episode_no=543
lookism,Lookism,544,episode-000544-ep-544-busan-14,"Ep. 544: Busan (14) BGM May 17, 2025 like 14,097 #544",479,256,223,160,203,469,https://www.webtoons.com/en/drama/lookism/ep-544-busan-14/viewer?title_no=1049&episode_no=544
lookism,Lookism,545,episode-000545-ep-545-busan-15,"Ep. 545: Busan (15) BGM May 24, 2025 like 14,089 #545",518,256,262,160,242,508,https://www.webtoons.com/en/drama/lookism/ep-545-busan-15/viewer?title_no=1049&episode_no=545
lookism,Lookism,546,episode-000546-ep-546-busan-16,"Ep. 546: Busan (16) BGM May 31, 2025 like 14,458 #546",465,256,209,160,189,455,https://www.webtoons.com/en/drama/lookism/ep-546-busan-16/viewer?title_no=1049&episode_no=546
lookism,Lookism,547,episode-000547-ep-547-busan-17,"Ep. 547: Busan (17) BGM Jun 7, 2025 like 13,839 #547",443,256,187,160,167,433,https://www.webtoons.com/en/drama/lookism/ep-547-busan-17/viewer?title_no=1049&episode_no=547
lookism,Lookism,548,episode-000548-ep-548-busan-finale,"Ep. 548: Busan (Finale) BGM Jun 14, 2025 like 13,795 #548",476,256,220,160,200,466,https://www.webtoons.com/en/drama/lookism/ep-548-busan-finale/viewer?title_no=1049&episode_no=548
lookism,Lookism,549,episode-000549-ep-549-gapryong-kims-disciple-01,"Ep. 549: Gapryong Kim's Disciple [01] BGM Jun 21, 2025 like 12,756 #549",437,256,181,160,161,427,https://www.webtoons.com/en/drama/lookism/ep-549-gapryong-kims-disciple-01/viewer?title_no=1049&episode_no=549
lookism,Lookism,550,episode-000550-ep-550-gapryong-kims-disciple-02,"Ep. 550: Gapryong Kim's Disciple [02] BGM Jun 28, 2025 like 12,352 #550",464,256,208,160,188,454,https://www.webtoons.com/en/drama/lookism/ep-550-gapryong-kims-disciple-02/viewer?title_no=1049&episode_no=550
lookism,Lookism,551,episode-000551-ep-551-gapryong-kims-disciple-03,"Ep. 551: Gapryong Kim's Disciple [03] BGM Jul 5, 2025 like 12,232 #551",465,256,209,160,189,455,https://www.webtoons.com/en/drama/lookism/ep-551-gapryong-kims-disciple-03/viewer?title_no=1049&episode_no=551
lookism,Lookism,552,episode-000552-ep-552-cheonmyeong-1,"Ep. 552: Cheonmyeong (1) BGM Jul 12, 2025 like 12,354 #552",447,256,191,160,171,437,https://www.webtoons.com/en/drama/lookism/ep-552-cheonmyeong-1/viewer?title_no=1049&episode_no=552
lookism,Lookism,553,episode-000553-ep-553-cheonmyeong-2,"Ep. 553: Cheonmyeong (2) BGM Jul 19, 2025 like 12,588 #553",421,256,165,160,144,410,https://www.webtoons.com/en/drama/lookism/ep-553-cheonmyeong-2/viewer?title_no=1049&episode_no=553
lookism,Lookism,554,episode-000554-ep-554-cheonmyeong-3,"Ep. 554: Cheonmyeong (3) BGM Jul 26, 2025 like 11,653 #554",437,256,181,160,161,427,https://www.webtoons.com/en/drama/lookism/ep-554-cheonmyeong-3/viewer?title_no=1049&episode_no=554
lookism,Lookism,555,episode-000555-ep-555-cheonmyeong-4,"Ep. 555: Cheonmyeong (4) BGM Aug 2, 2025 like 11,351 #555",448,256,192,160,172,438,https://www.webtoons.com/en/drama/lookism/ep-555-cheonmyeong-4/viewer?title_no=1049&episode_no=555
lookism,Lookism,556,episode-000556-ep-556-cheonmyeong-finale,"Ep. 556: Cheonmyeong (Finale) BGM Aug 9, 2025 like 10,752 #556",420,256,164,160,144,410,https://www.webtoons.com/en/drama/lookism/ep-556-cheonmyeong-finale/viewer?title_no=1049&episode_no=556
lookism,Lookism,557,episode-000557-ep-557-lang-jins-choice,"Ep. 557: Lang Jin's Choice BGM Aug 16, 2025 like 11,200 #557",428,256,172,160,152,418,https://www.webtoons.com/en/drama/lookism/ep-557-lang-jins-choice/viewer?title_no=1049&episode_no=557
lookism,Lookism,558,episode-000558-ep-558-incheon-1,"Ep. 558: Incheon (1) BGM Aug 23, 2025 like 10,725 #558",430,256,174,160,154,420,https://www.webtoons.com/en/drama/lookism/ep-558-incheon-1/viewer?title_no=1049&episode_no=558
lookism,Lookism,559,episode-000559-ep-559-incheon-2,"Ep. 559: Incheon (2) BGM Aug 30, 2025 like 10,477 #559",450,256,194,160,174,440,https://www.webtoons.com/en/drama/lookism/ep-559-incheon-2/viewer?title_no=1049&episode_no=559
lookism,Lookism,560,episode-000560-ep-560-incheon-3,"Ep. 560: Incheon (3) BGM Sep 6, 2025 like 10,112 #560",455,256,199,160,179,445,https://www.webtoons.com/en/drama/lookism/ep-560-incheon-3/viewer?title_no=1049&episode_no=560
lookism,Lookism,561,episode-000561-ep-561-incheon-4,"Ep. 561: Incheon (4) BGM Sep 13, 2025 like 10,011 #561",437,256,181,160,161,427,https://www.webtoons.com/en/drama/lookism/ep-561-incheon-4/viewer?title_no=1049&episode_no=561
lookism,Lookism,562,episode-000562-ep-562-incheon-5,"Ep. 562: Incheon (5) BGM Sep 20, 2025 like 9,888 #562",467,256,211,160,191,457,https://www.webtoons.com/en/drama/lookism/ep-562-incheon-5/viewer?title_no=1049&episode_no=562
lookism,Lookism,563,episode-000563-ep-563-incheon-6,"Ep. 563: Incheon (6) BGM Sep 27, 2025 like 9,916 #563",446,256,190,160,170,436,https://www.webtoons.com/en/drama/lookism/ep-563-incheon-6/viewer?title_no=1049&episode_no=563
lookism,Lookism,564,episode-000564-ep-564-incheon-7,"Ep. 564: Incheon (7) BGM Oct 4, 2025 like 9,210 #564",457,256,201,160,181,447,https://www.webtoons.com/en/drama/lookism/ep-564-incheon-7/viewer?title_no=1049&episode_no=564
lookism,Lookism,565,episode-000565-ep-565-incheon-8,"Ep. 565: Incheon (8) BGM Oct 11, 2025 like 9,183 #565",477,256,221,160,201,467,https://www.webtoons.com/en/drama/lookism/ep-565-incheon-8/viewer?title_no=1049&episode_no=565
lookism,Lookism,566,episode-000566-ep-566-incheon-9,"Ep. 566: Incheon (9) BGM Oct 18, 2025 like 9,382 #566",468,256,212,160,192,458,https://www.webtoons.com/en/drama/lookism/ep-566-incheon-9/viewer?title_no=1049&episode_no=566
lookism,Lookism,567,episode-000567-ep-567-incheon-10,"Ep. 567: Incheon (10) BGM Oct 25, 2025 like 8,836 #567",452,256,196,160,176,442,https://www.webtoons.com/en/drama/lookism/ep-567-incheon-10/viewer?title_no=1049&episode_no=567
lookism,Lookism,568,episode-000568-ep-568-incheon-11,"Ep. 568: Incheon (11) BGM Nov 1, 2025 like 9,263 #568",491,256,235,160,215,481,https://www.webtoons.com/en/drama/lookism/ep-568-incheon-11/viewer?title_no=1049&episode_no=568
lookism,Lookism,569,episode-000569-ep-569-incheon-12,"Ep. 569: Incheon (12) BGM Nov 8, 2025 like 8,757 #569",460,256,204,160,184,450,https://www.webtoons.com/en/drama/lookism/ep-569-incheon-12/viewer?title_no=1049&episode_no=569
lookism,Lookism,570,episode-000570-ep-570-incheon-13,"Ep. 570: Incheon (13) BGM Nov 15, 2025 like 9,049 #570",451,256,195,160,175,441,https://www.webtoons.com/en/drama/lookism/ep-570-incheon-13/viewer?title_no=1049&episode_no=570
lookism,Lookism,571,episode-000571-ep-571-incheon-14,"Ep. 571: Incheon (14) BGM Nov 22, 2025 like 8,737 #571",456,256,200,160,180,446,https://www.webtoons.com/en/drama/lookism/ep-571-incheon-14/viewer?title_no=1049&episode_no=571
lookism,Lookism,572,episode-000572-ep-572-incheon-15,"Ep. 572: Incheon (15) BGM Nov 29, 2025 like 8,495 #572",437,256,181,160,161,427,https://www.webtoons.com/en/drama/lookism/ep-572-incheon-15/viewer?title_no=1049&episode_no=572
lookism,Lookism,573,episode-000573-ep-573-incheon-16,"Ep. 573: Incheon (16) BGM Dec 6, 2025 like 8,501 #573",493,256,237,160,217,483,https://www.webtoons.com/en/drama/lookism/ep-573-incheon-16/viewer?title_no=1049&episode_no=573
lookism,Lookism,574,episode-000574-ep-574-incheon-17,"Ep. 574: Incheon (17) BGM Dec 13, 2025 like 8,359 #574",506,256,250,160,230,496,https://www.webtoons.com/en/drama/lookism/ep-574-incheon-17/viewer?title_no=1049&episode_no=574
lookism,Lookism,575,episode-000575-ep-575-incheon-18,"Ep. 575: Incheon (18) BGM Dec 20, 2025 like 8,616 #575",450,256,194,160,174,440,https://www.webtoons.com/en/drama/lookism/ep-575-incheon-18/viewer?title_no=1049&episode_no=575
lookism,Lookism,576,episode-000576-ep-576-incheon-19,"Ep. 576: Incheon (19) BGM Dec 27, 2025 like 8,706 #576",467,256,211,160,191,457,https://www.webtoons.com/en/drama/lookism/ep-576-incheon-19/viewer?title_no=1049&episode_no=576
lookism,Lookism,577,episode-000577-ep-577-incheon-20,"Ep. 577: Incheon (20) BGM Jan 3, 2026 like 8,437 #577",414,256,158,160,138,404,https://www.webtoons.com/en/drama/lookism/ep-577-incheon-20/viewer?title_no=1049&episode_no=577
lookism,Lookism,578,episode-000578-ep-578-incheon-21,"Ep. 578: Incheon (21) BGM Jan 10, 2026 like 8,277 #578",452,256,196,160,176,442,https://www.webtoons.com/en/drama/lookism/ep-578-incheon-21/viewer?title_no=1049&episode_no=578
lookism,Lookism,579,episode-000579-ep-579-incheon-22,"Ep. 579: Incheon (22) BGM Jan 17, 2026 like 8,274 #579",447,256,191,160,171,437,https://www.webtoons.com/en/drama/lookism/ep-579-incheon-22/viewer?title_no=1049&episode_no=579
lookism,Lookism,580,episode-000580-ep-580-incheon-23,"Ep. 580: Incheon (23) BGM Jan 24, 2026 like 7,855 #580",432,256,176,160,156,422,https://www.webtoons.com/en/drama/lookism/ep-580-incheon-23/viewer?title_no=1049&episode_no=580
lookism,Lookism,581,episode-000581-ep-581-incheon-finale,"Ep. 581: Incheon (Finale) BGM Jan 31, 2026 like 7,981 #581",478,256,222,160,202,468,https://www.webtoons.com/en/drama/lookism/ep-581-incheon-finale/viewer?title_no=1049&episode_no=581
lookism,Lookism,582,episode-000582-ep-582-seon-virtue,"Ep. 582: Seon (Virtue) BGM Feb 7, 2026 like 8,058 #582",504,256,248,160,228,494,https://www.webtoons.com/en/drama/lookism/ep-582-seon-virtue/viewer?title_no=1049&episode_no=582
lookism,Lookism,583,episode-000583-ep-583-war-begins-1,"Ep. 583: War Begins (1) BGM Feb 14, 2026 like 7,496 #583",466,256,210,160,190,456,https://www.webtoons.com/en/drama/lookism/ep-583-war-begins-1/viewer?title_no=1049&episode_no=583
lookism,Lookism,584,episode-000584-ep-584-war-begins-2,"Ep. 584: War Begins (2) BGM Feb 21, 2026 like 7,347 #584",450,256,194,160,174,440,https://www.webtoons.com/en/drama/lookism/ep-584-war-begins-2/viewer?title_no=1049&episode_no=584
lookism,Lookism,585,episode-000585-ep-585-war-begins-3,"Ep. 585: War Begins (3) BGM Feb 28, 2026 like 6,850 #585",457,256,201,160,181,447,https://www.webtoons.com/en/drama/lookism/ep-585-war-begins-3/viewer?title_no=1049&episode_no=585
lookism,Lookism,586,episode-000586-ep-586-war-begins-4,"Ep. 586: War Begins (4) BGM Mar 7, 2026 like 6,607 #586",464,256,208,160,188,454,https://www.webtoons.com/en/drama/lookism/ep-586-war-begins-4/viewer?title_no=1049&episode_no=586
lookism,Lookism,587,episode-000587-ep-587-war-begins-finale,"Ep. 587: War Begins (Finale) BGM Mar 14, 2026 like 6,430 #587",463,256,207,160,187,453,https://www.webtoons.com/en/drama/lookism/ep-587-war-begins-finale/viewer?title_no=1049&episode_no=587
lookism,Lookism,588,episode-000588-ep-588-the-hunt-for-the-workers-1,"Ep. 588: The Hunt for the Workers (1) BGM Mar 21, 2026 like 6,397 #588",484,256,228,160,208,474,https://www.webtoons.com/en/drama/lookism/ep-588-the-hunt-for-the-workers-1/viewer?title_no=1049&episode_no=588
lookism,Lookism,589,episode-000589-ep-589-the-hunt-for-the-workers-2,"Ep. 589: The Hunt for the Workers (2) BGM Mar 28, 2026 like 6,072 #589",454,256,198,160,178,444,https://www.webtoons.com/en/drama/lookism/ep-589-the-hunt-for-the-workers-2/viewer?title_no=1049&episode_no=589
lookism,Lookism,590,episode-000590-ep-590-the-hunt-for-the-workers-3,"Ep. 590: The Hunt for the Workers (3) BGM Apr 4, 2026 like 5,937 #590",477,256,221,160,201,467,https://www.webtoons.com/en/drama/lookism/ep-590-the-hunt-for-the-workers-3/viewer?title_no=1049&episode_no=590
lookism,Lookism,591,episode-000591-ep-591-the-hunt-for-the-workers-4,"Ep. 591: The Hunt for the Workers (4) BGM Apr 11, 2026 like 5,910 #591",489,256,233,160,213,479,https://www.webtoons.com/en/drama/lookism/ep-591-the-hunt-for-the-workers-4/viewer?title_no=1049&episode_no=591
lookism,Lookism,592,episode-000592-ep-592-the-hunt-for-the-workers-5,"Ep. 592: The Hunt for the Workers (5) BGM Apr 18, 2026 like 5,458 #592",492,256,236,160,216,482,https://www.webtoons.com/en/drama/lookism/ep-592-the-hunt-for-the-workers-5/viewer?title_no=1049&episode_no=592
lookism,Lookism,593,episode-000593-ep-593-the-hunt-for-the-workers-6,"Ep. 593: The Hunt for the Workers (6) BGM Apr 25, 2026 like 5,106 #593",488,256,232,160,212,478,https://www.webtoons.com/en/drama/lookism/ep-593-the-hunt-for-the-workers-6/viewer?title_no=1049&episode_no=593
lookism,Lookism,594,episode-000594-ep-594-the-hunt-for-the-workers-7,"Ep. 594: The Hunt for the Workers (7) BGM May 2, 2026 like 4,959 #594",436,256,180,160,160,426,https://www.webtoons.com/en/drama/lookism/ep-594-the-hunt-for-the-workers-7/viewer?title_no=1049&episode_no=594
lookism,Lookism,595,episode-000595-ep-595-the-hunt-for-the-workers-8,"Ep. 595: The Hunt for the Workers (8) BGM May 9, 2026 like 4,572 #595",449,256,193,160,173,439,https://www.webtoons.com/en/drama/lookism/ep-595-the-hunt-for-the-workers-8/viewer?title_no=1049&episode_no=595
lookism,Lookism,596,episode-000596-ep-596-the-hunt-for-the-workers-9,"Ep. 596: The Hunt for the Workers (9) UP BGM May 16, 2026 like 2,483 #596",438,256,182,160,162,428,https://www.webtoons.com/en/drama/lookism/ep-596-the-hunt-for-the-workers-9/viewer?title_no=1049&episode_no=596
noblesse,Noblesse,1,episode-000001-ep-1,First episode,122,50,72,160,30,89,https://www.webtoons.com/en/action/noblesse/ep-1/viewer?title_no=87&episode_no=1
noblesse,Noblesse,2,episode-000002-ep-2,"Ep. 2 Jun 30, 2014 like 106,413 #2",116,50,66,160,24,83,https://www.webtoons.com/en/action/noblesse/ep-2/viewer?title_no=87&episode_no=2
noblesse,Noblesse,3,episode-000003-ep-3,"Ep. 3 Jun 30, 2014 like 103,074 #3",142,54,88,160,39,102,https://www.webtoons.com/en/action/noblesse/ep-3/viewer?title_no=87&episode_no=3
noblesse,Noblesse,4,episode-000004-ep-4,"Ep. 4 Jun 30, 2014 like 102,323 #4",140,51,89,800,1,56,https://www.webtoons.com/en/action/noblesse/ep-4/viewer?title_no=87&episode_no=4
noblesse,Noblesse,5,episode-000005-ep-5,"Ep. 5 Jun 30, 2014 like 102,059 #5",120,50,70,160,26,85,https://www.webtoons.com/en/action/noblesse/ep-5/viewer?title_no=87&episode_no=5
noblesse,Noblesse,6,episode-000006-ep-6,"Ep. 6 Jun 30, 2014 like 99,418 #6",124,50,74,160,31,90,https://www.webtoons.com/en/action/noblesse/ep-6/viewer?title_no=87&episode_no=6
noblesse,Noblesse,7,episode-000007-ep-7,"Ep. 7 Jun 30, 2014 like 97,583 #7",139,50,89,160,50,109,https://www.webtoons.com/en/action/noblesse/ep-7/viewer?title_no=87&episode_no=7
noblesse,Noblesse,8,episode-000008-ep-8,"Ep. 8 Jun 30, 2014 like 97,249 #8",127,50,77,160,36,95,https://www.webtoons.com/en/action/noblesse/ep-8/viewer?title_no=87&episode_no=8
noblesse,Noblesse,9,episode-000009-ep-9,"Ep. 9 Jun 30, 2014 like 91,344 #9",123,50,73,160,31,90,https://www.webtoons.com/en/action/noblesse/ep-9/viewer?title_no=87&episode_no=9
noblesse,Noblesse,10,episode-000010-ep-10,"Ep. 10 Jun 30, 2014 like 91,712 #10",119,50,69,160,28,87,https://www.webtoons.com/en/action/noblesse/ep-10/viewer?title_no=87&episode_no=10
noblesse,Noblesse,11,episode-000011-ep-11,"Ep. 11 Jun 30, 2014 like 86,656 #11",128,50,78,160,38,97,https://www.webtoons.com/en/action/noblesse/ep-11/viewer?title_no=87&episode_no=11
noblesse,Noblesse,12,episode-000012-ep-12,"Ep. 12 Jun 30, 2014 like 89,170 #12",129,50,79,160,38,97,https://www.webtoons.com/en/action/noblesse/ep-12/viewer?title_no=87&episode_no=12
noblesse,Noblesse,13,episode-000013-ep-13,"Ep. 13 Jun 30, 2014 like 81,464 #13",126,50,76,160,34,93,https://www.webtoons.com/en/action/noblesse/ep-13/viewer?title_no=87&episode_no=13
noblesse,Noblesse,14,episode-000014-ep-14,"Ep. 14 Jun 30, 2014 like 82,861 #14",122,50,72,160,29,88,https://www.webtoons.com/en/action/noblesse/ep-14/viewer?title_no=87&episode_no=14
noblesse,Noblesse,15,episode-000015-ep-15,"Ep. 15 Jun 30, 2014 like 82,674 #15",134,50,84,160,44,103,https://www.webtoons.com/en/action/noblesse/ep-15/viewer?title_no=87&episode_no=15
noblesse,Noblesse,16,episode-000016-ep-16,"Ep. 16 Jun 30, 2014 like 90,719 #16",127,50,77,160,36,95,https://www.webtoons.com/en/action/noblesse/ep-16/viewer?title_no=87&episode_no=16
noblesse,Noblesse,17,episode-000017-ep-17,"Ep. 17 Jun 30, 2014 like 86,371 #17",125,50,75,160,36,95,https://www.webtoons.com/en/action/noblesse/ep-17/viewer?title_no=87&episode_no=17
noblesse,Noblesse,18,episode-000018-ep-18,"Ep. 18 Jun 30, 2014 like 83,749 #18",141,51,90,800,1,57,https://www.webtoons.com/en/action/noblesse/ep-18/viewer?title_no=87&episode_no=18
noblesse,Noblesse,19,episode-000019-ep-19,"Ep. 19 Jun 30, 2014 like 81,589 #19",149,59,90,800,1,66,https://www.webtoons.com/en/action/noblesse/ep-19/viewer?title_no=87&episode_no=19
noblesse,Noblesse,20,episode-000020-ep-20,"Ep. 20 Jun 30, 2014 like 76,258 #20",131,50,81,160,38,97,https://www.webtoons.com/en/action/noblesse/ep-20/viewer?title_no=87&episode_no=20
noblesse,Noblesse,21,episode-000021-ep-21,"Ep. 21 Jun 30, 2014 like 76,724 #21",134,50,84,160,42,101,https://www.webtoons.com/en/action/noblesse/ep-21/viewer?title_no=87&episode_no=21
noblesse,Noblesse,22,episode-000022-ep-22,"Ep. 22 Jun 30, 2014 like 74,325 #22",129,50,79,160,39,98,https://www.webtoons.com/en/action/noblesse/ep-22/viewer?title_no=87&episode_no=22
noblesse,Noblesse,23,episode-000023-ep-23,"Ep. 23 Jun 30, 2014 like 80,964 #23",133,50,83,160,44,103,https://www.webtoons.com/en/action/noblesse/ep-23/viewer?title_no=87&episode_no=23
noblesse,Noblesse,24,episode-000024-ep-24,"Ep. 24 Jun 30, 2014 like 72,701 #24",134,50,84,160,44,103,https://www.webtoons.com/en/action/noblesse/ep-24/viewer?title_no=87&episode_no=24
noblesse,Noblesse,25,episode-000025-ep-25,"Ep. 25 Jun 30, 2014 like 70,121 #25",150,62,88,800,1,67,https://www.webtoons.com/en/action/noblesse/ep-25/viewer?title_no=87&episode_no=25
noblesse,Noblesse,26,episode-000026-ep-26,"Ep. 26 Jun 30, 2014 like 74,305 #26",142,55,87,800,1,61,https://www.webtoons.com/en/action/noblesse/ep-26/viewer?title_no=87&episode_no=26
noblesse,Noblesse,27,episode-000027-ep-27,"Ep. 27 Jun 30, 2014 like 69,621 #27",135,50,85,160,44,103,https://www.webtoons.com/en/action/noblesse/ep-27/viewer?title_no=87&episode_no=27
noblesse,Noblesse,28,episode-000028-ep-28,"Ep. 28 Jun 30, 2014 like 68,360 #28",123,50,73,160,33,92,https://www.webtoons.com/en/action/noblesse/ep-28/viewer?title_no=87&episode_no=28
noblesse,Noblesse,29,episode-000029-ep-29,"Ep. 29 Jun 30, 2014 like 68,500 #29",129,50,79,160,38,97,https://www.webtoons.com/en/action/noblesse/ep-29/viewer?title_no=87&episode_no=29
noblesse,Noblesse,30,episode-000030-ep-30,"Ep. 30 Jun 30, 2014 like 68,475 #30",134,50,84,160,45,104,https://www.webtoons.com/en/action/noblesse/ep-30/viewer?title_no=87&episode_no=30
noblesse,Noblesse,31,episode-000031-ep-31,"Ep. 31 Jun 30, 2014 like 71,460 #31",126,50,76,160,36,95,https://www.webtoons.com/en/action/noblesse/ep-31/viewer?title_no=87&episode_no=31
noblesse,Noblesse,32,episode-000032-ep-32,"Ep. 32 Jun 30, 2014 like 71,772 #32",128,50,78,160,36,95,https://www.webtoons.com/en/action/noblesse/ep-32/viewer?title_no=87&episode_no=32
noblesse,Noblesse,33,episode-000033-ep-33,"Ep. 33 Jun 30, 2014 like 74,767 #33",128,50,78,160,36,95,https://www.webtoons.com/en/action/noblesse/ep-33/viewer?title_no=87&episode_no=33
noblesse,Noblesse,34,episode-000034-ep-34,"Ep. 34 Jun 30, 2014 like 69,006 #34",136,50,86,160,44,103,https://www.webtoons.com/en/action/noblesse/ep-34/viewer?title_no=87&episode_no=34
noblesse,Noblesse,35,episode-000035-ep-35,"Ep. 35 Jun 30, 2014 like 66,667 #35",117,50,67,160,28,87,https://www.webtoons.com/en/action/noblesse/ep-35/viewer?title_no=87&episode_no=35
noblesse,Noblesse,36,episode-000036-ep-36,"Ep. 36 Jun 30, 2014 like 69,540 #36",116,50,66,160,26,85,https://www.webtoons.com/en/action/noblesse/ep-36/viewer?title_no=87&episode_no=36
noblesse,Noblesse,37,episode-000037-ep-37,"Ep. 37 Jun 30, 2014 like 66,564 #37",123,50,73,160,31,90,https://www.webtoons.com/en/action/noblesse/ep-37/viewer?title_no=87&episode_no=37
noblesse,Noblesse,38,episode-000038-ep-38,"Ep. 38 Jun 30, 2014 like 68,503 #38",135,50,85,160,44,103,https://www.webtoons.com/en/action/noblesse/ep-38/viewer?title_no=87&episode_no=38
noblesse,Noblesse,39,episode-000039-ep-39,"Ep. 39 Jun 30, 2014 like 63,671 #39",144,58,86,800,1,63,https://www.webtoons.com/en/action/noblesse/ep-39/viewer?title_no=87&episode_no=39
noblesse,Noblesse,40,episode-000040-ep-40,"Ep. 40 Jun 30, 2014 like 65,026 #40",134,50,84,160,44,103,https://www.webtoons.com/en/action/noblesse/ep-40/viewer?title_no=87&episode_no=40
noblesse,Noblesse,41,episode-000041-ep-41,"Ep. 41 Jun 30, 2014 like 61,891 #41",135,50,85,160,45,104,https://www.webtoons.com/en/action/noblesse/ep-41/viewer?title_no=87&episode_no=41
noblesse,Noblesse,42,episode-000042-ep-42,"Ep. 42 Jun 30, 2014 like 64,277 #42",159,50,109,160,61,127,https://www.webtoons.com/en/action/noblesse/ep-42/viewer?title_no=87&episode_no=42
noblesse,Noblesse,43,episode-000043-ep-43,"Ep. 43 Jun 30, 2014 like 64,868 #43",142,56,86,800,1,61,https://www.webtoons.com/en/action/noblesse/ep-43/viewer?title_no=87&episode_no=43
noblesse,Noblesse,44,episode-000044-ep-44,"Ep. 44 Jun 30, 2014 like 65,984 #44",136,50,86,160,46,105,https://www.webtoons.com/en/action/noblesse/ep-44/viewer?title_no=87&episode_no=44
noblesse,Noblesse,45,episode-000045-ep-45,"Ep. 45 Jun 30, 2014 like 63,884 #45",134,50,84,160,44,103,https://www.webtoons.com/en/action/noblesse/ep-45/viewer?title_no=87&episode_no=45
noblesse,Noblesse,46,episode-000046-ep-46,"Ep. 46 Jun 30, 2014 like 63,474 #46",143,55,88,800,1,61,https://www.webtoons.com/en/action/noblesse/ep-46/viewer?title_no=87&episode_no=46
noblesse,Noblesse,47,episode-000047-ep-47,"Ep. 47 Jun 30, 2014 like 62,476 #47",144,56,88,800,1,62,https://www.webtoons.com/en/action/noblesse/ep-47/viewer?title_no=87&episode_no=47
noblesse,Noblesse,48,episode-000048-ep-48,"Ep. 48 Jun 30, 2014 like 65,328 #48",127,50,77,160,37,96,https://www.webtoons.com/en/action/noblesse/ep-48/viewer?title_no=87&episode_no=48
noblesse,Noblesse,49,episode-000049-ep-49,"Ep. 49 Jun 30, 2014 like 61,472 #49",143,56,87,800,1,61,https://www.webtoons.com/en/action/noblesse/ep-49/viewer?title_no=87&episode_no=49
noblesse,Noblesse,50,episode-000050-ep-50,"Ep. 50 Jun 30, 2014 like 75,253 #50",137,51,86,160,46,106,https://www.webtoons.com/en/action/noblesse/ep-50/viewer?title_no=87&episode_no=50
omniscient-reader,Omniscient Reader,1,episode-000001-episode-0-prologue,First episode,480,118,362,800,9,455,https://www.webtoons.com/en/action/omniscient-reader/episode-0-prologue/viewer?title_no=2154&episode_no=1
omniscient-reader,Omniscient Reader,2,episode-000002-episode-1,"Episode 1 Aug 18, 2020 like 356,919 #2",598,242,356,800,9,571,https://www.webtoons.com/en/action/omniscient-reader/episode-1/viewer?title_no=2154&episode_no=2
omniscient-reader,Omniscient Reader,3,episode-000003-episode-2,"Episode 2 Aug 18, 2020 like 314,740 #3",578,207,371,800,15,550,https://www.webtoons.com/en/action/omniscient-reader/episode-2/viewer?title_no=2154&episode_no=3
omniscient-reader,Omniscient Reader,4,episode-000004-episode-3,"Episode 3 Aug 18, 2020 like 305,569 #4",633,259,374,800,15,608,https://www.webtoons.com/en/action/omniscient-reader/episode-3/viewer?title_no=2154&episode_no=4
omniscient-reader,Omniscient Reader,5,episode-000005-episode-4,"Episode 4 Aug 25, 2020 like 287,884 #5",609,239,370,800,15,583,https://www.webtoons.com/en/action/omniscient-reader/episode-4/viewer?title_no=2154&episode_no=5
omniscient-reader,Omniscient Reader,6,episode-000006-episode-5,"Episode 5 Sep 1, 2020 like 281,192 #6",555,182,373,800,9,530,https://www.webtoons.com/en/action/omniscient-reader/episode-5/viewer?title_no=2154&episode_no=6
omniscient-reader,Omniscient Reader,7,episode-000007-episode-6,"Episode 6 Sep 8, 2020 like 283,720 #7",639,260,379,800,9,610,https://www.webtoons.com/en/action/omniscient-reader/episode-6/viewer?title_no=2154&episode_no=7
omniscient-reader,Omniscient Reader,8,episode-000008-episode-7,"Episode 7 Sep 15, 2020 like 280,853 #8",621,228,393,800,17,592,https://www.webtoons.com/en/action/omniscient-reader/episode-7/viewer?title_no=2154&episode_no=8
omniscient-reader,Omniscient Reader,9,episode-000009-episode-8,"Episode 8 Sep 22, 2020 like 277,141 #9",595,228,367,800,9,569,https://www.webtoons.com/en/action/omniscient-reader/episode-8/viewer?title_no=2154&episode_no=9
omniscient-reader,Omniscient Reader,10,episode-000010-episode-9,"Episode 9 Sep 29, 2020 like 269,213 #10",544,178,366,800,9,516,https://www.webtoons.com/en/action/omniscient-reader/episode-9/viewer?title_no=2154&episode_no=10
omniscient-reader,Omniscient Reader,11,episode-000011-episode-10,"Episode 10 Oct 6, 2020 like 266,923 #11",661,286,375,800,9,634,https://www.webtoons.com/en/action/omniscient-reader/episode-10/viewer?title_no=2154&episode_no=11
omniscient-reader,Omniscient Reader,12,episode-000012-episode-11,"Episode 11 Oct 13, 2020 like 267,607 #12",610,227,383,800,15,582,https://www.webtoons.com/en/action/omniscient-reader/episode-11/viewer?title_no=2154&episode_no=12
omniscient-reader,Omniscient Reader,13,episode-000013-episode-12,"Episode 12 Oct 14, 2020 like 266,333 #13",571,195,376,800,16,547,https://www.webtoons.com/en/action/omniscient-reader/episode-12/viewer?title_no=2154&episode_no=13
omniscient-reader,Omniscient Reader,14,episode-000014-episode-13,"Episode 13 Oct 15, 2020 like 273,293 #14",555,181,374,800,15,529,https://www.webtoons.com/en/action/omniscient-reader/episode-13/viewer?title_no=2154&episode_no=14
omniscient-reader,Omniscient Reader,15,episode-000015-episode-14,"Episode 14 Oct 16, 2020 like 269,441 #15",602,222,380,800,9,573,https://www.webtoons.com/en/action/omniscient-reader/episode-14/viewer?title_no=2154&episode_no=15
omniscient-reader,Omniscient Reader,16,episode-000016-episode-15,"Episode 15 Oct 17, 2020 like 271,272 #16",664,284,380,800,9,636,https://www.webtoons.com/en/action/omniscient-reader/episode-15/viewer?title_no=2154&episode_no=16
omniscient-reader,Omniscient Reader,17,episode-000017-episode-16,"Episode 16 Oct 18, 2020 like 263,010 #17",666,286,380,800,17,646,https://www.webtoons.com/en/action/omniscient-reader/episode-16/viewer?title_no=2154&episode_no=17
omniscient-reader,Omniscient Reader,18,episode-000018-episode-17,"Episode 17 Oct 20, 2020 like 258,764 #18",609,230,379,800,14,582,https://www.webtoons.com/en/action/omniscient-reader/episode-17/viewer?title_no=2154&episode_no=18
omniscient-reader,Omniscient Reader,19,episode-000019-episode-18,"Episode 18 Oct 27, 2020 like 259,102 #19",687,291,396,800,12,660,https://www.webtoons.com/en/action/omniscient-reader/episode-18/viewer?title_no=2154&episode_no=19
omniscient-reader,Omniscient Reader,20,episode-000020-episode-19,"Episode 19 Nov 3, 2020 like 258,307 #20",644,260,384,800,15,617,https://www.webtoons.com/en/action/omniscient-reader/episode-19/viewer?title_no=2154&episode_no=20
omniscient-reader,Omniscient Reader,21,episode-000021-episode-20,"Episode 20 Nov 10, 2020 like 256,364 #21",642,266,376,800,9,614,https://www.webtoons.com/en/action/omniscient-reader/episode-20/viewer?title_no=2154&episode_no=21
omniscient-reader,Omniscient Reader,22,episode-000022-episode-21,"Episode 21 Nov 17, 2020 like 259,072 #22",645,266,379,800,9,617,https://www.webtoons.com/en/action/omniscient-reader/episode-21/viewer?title_no=2154&episode_no=22
omniscient-reader,Omniscient Reader,23,episode-000023-episode-22,"Episode 22 Nov 24, 2020 like 253,501 #23",604,226,378,800,9,577,https://www.webtoons.com/en/action/omniscient-reader/episode-22/viewer?title_no=2154&episode_no=23
omniscient-reader,Omniscient Reader,24,episode-000024-episode-23,"Episode 23 Dec 1, 2020 like 259,549 #24",618,246,372,800,9,589,https://www.webtoons.com/en/action/omniscient-reader/episode-23/viewer?title_no=2154&episode_no=24
omniscient-reader,Omniscient Reader,25,episode-000025-episode-24,"Episode 24 Dec 8, 2020 like 256,099 #25",645,262,383,800,9,618,https://www.webtoons.com/en/action/omniscient-reader/episode-24/viewer?title_no=2154&episode_no=25
omniscient-reader,Omniscient Reader,26,episode-000026-episode-25,"Episode 25 Dec 15, 2020 like 253,072 #26",615,236,379,800,15,588,https://www.webtoons.com/en/action/omniscient-reader/episode-25/viewer?title_no=2154&episode_no=26
omniscient-reader,Omniscient Reader,27,episode-000027-episode-26,"Episode 26 Dec 22, 2020 like 247,493 #27",615,232,383,800,9,588,https://www.webtoons.com/en/action/omniscient-reader/episode-26/viewer?title_no=2154&episode_no=27
omniscient-reader,Omniscient Reader,28,episode-000028-episode-27,"Episode 27 Dec 29, 2020 like 238,953 #28",597,220,377,800,9,569,https://www.webtoons.com/en/action/omniscient-reader/episode-27/viewer?title_no=2154&episode_no=28
omniscient-reader,Omniscient Reader,29,episode-000029-episode-28,"Episode 28 Jan 5, 2021 like 245,146 #29",633,254,379,800,9,606,https://www.webtoons.com/en/action/omniscient-reader/episode-28/viewer?title_no=2154&episode_no=29
omniscient-reader,Omniscient Reader,30,episode-000030-episode-29,"Episode 29 Jan 12, 2021 like 242,213 #30",616,238,378,800,9,588,https://www.webtoons.com/en/action/omniscient-reader/episode-29/viewer?title_no=2154&episode_no=30
omniscient-reader,Omniscient Reader,31,episode-000031-episode-30,"Episode 30 Jan 19, 2021 like 239,375 #31",667,286,381,800,9,639,https://www.webtoons.com/en/action/omniscient-reader/episode-30/viewer?title_no=2154&episode_no=31
omniscient-reader,Omniscient Reader,32,episode-000032-episode-31,"Episode 31 Jan 26, 2021 like 242,981 #32",546,188,358,800,9,519,https://www.webtoons.com/en/action/omniscient-reader/episode-31/viewer?title_no=2154&episode_no=32
omniscient-reader,Omniscient Reader,33,episode-000033-episode-32,"Episode 32 Feb 2, 2021 like 239,424 #33",660,277,383,800,15,632,https://www.webtoons.com/en/action/omniscient-reader/episode-32/viewer?title_no=2154&episode_no=33
omniscient-reader,Omniscient Reader,34,episode-000034-episode-33,"Episode 33 Feb 9, 2021 like 236,748 #34",679,302,377,800,14,652,https://www.webtoons.com/en/action/omniscient-reader/episode-33/viewer?title_no=2154&episode_no=34
omniscient-reader,Omniscient Reader,35,episode-000035-episode-34,"Episode 34 Feb 16, 2021 like 239,429 #35",679,292,387,800,14,651,https://www.webtoons.com/en/action/omniscient-reader/episode-34/viewer?title_no=2154&episode_no=35
omniscient-reader,Omniscient Reader,36,episode-000036-episode-35,"Episode 35 Feb 23, 2021 like 236,282 #36",634,245,389,800,12,605,https://www.webtoons.com/en/action/omniscient-reader/episode-35/viewer?title_no=2154&episode_no=36
omniscient-reader,Omniscient Reader,37,episode-000037-episode-36,"Episode 36 Mar 2, 2021 like 239,040 #37",653,271,382,800,15,626,https://www.webtoons.com/en/action/omniscient-reader/episode-36/viewer?title_no=2154&episode_no=37
omniscient-reader,Omniscient Reader,38,episode-000038-episode-37,"Episode 37 Mar 9, 2021 like 238,351 #38",634,253,381,800,15,606,https://www.webtoons.com/en/action/omniscient-reader/episode-37/viewer?title_no=2154&episode_no=38
omniscient-reader,Omniscient Reader,39,episode-000039-episode-38,"Episode 38 Mar 16, 2021 like 234,630 #39",654,276,378,800,9,629,https://www.webtoons.com/en/action/omniscient-reader/episode-38/viewer?title_no=2154&episode_no=39
omniscient-reader,Omniscient Reader,40,episode-000040-episode-39,"Episode 39 Mar 23, 2021 like 232,680 #40",642,260,382,800,15,614,https://www.webtoons.com/en/action/omniscient-reader/episode-39/viewer?title_no=2154&episode_no=40
omniscient-reader,Omniscient Reader,41,episode-000041-episode-40,"Episode 40 Mar 30, 2021 like 236,013 #41",608,236,372,800,9,581,https://www.webtoons.com/en/action/omniscient-reader/episode-40/viewer?title_no=2154&episode_no=41
omniscient-reader,Omniscient Reader,42,episode-000042-episode-41,"Episode 41 Apr 6, 2021 like 231,918 #42",638,266,372,800,9,612,https://www.webtoons.com/en/action/omniscient-reader/episode-41/viewer?title_no=2154&episode_no=42
omniscient-reader,Omniscient Reader,43,episode-000043-episode-42,"Episode 42 Apr 13, 2021 like 240,904 #43",693,322,371,800,9,666,https://www.webtoons.com/en/action/omniscient-reader/episode-42/viewer?title_no=2154&episode_no=43
omniscient-reader,Omniscient Reader,44,episode-000044-episode-43,"Episode 43 Apr 20, 2021 like 237,934 #44",660,279,381,800,15,633,https://www.webtoons.com/en/action/omniscient-reader/episode-43/viewer?title_no=2154&episode_no=44
omniscient-reader,Omniscient Reader,45,episode-000045-episode-44,"Episode 44 Apr 27, 2021 like 229,209 #45",650,294,356,800,9,626,https://www.webtoons.com/en/action/omniscient-reader/episode-44/viewer?title_no=2154&episode_no=45
omniscient-reader,Omniscient Reader,46,episode-000046-episode-45,"Episode 45 May 4, 2021 like 223,076 #46",634,270,364,800,9,607,https://www.webtoons.com/en/action/omniscient-reader/episode-45/viewer?title_no=2154&episode_no=46
omniscient-reader,Omniscient Reader,47,episode-000047-episode-46,"Episode 46 May 11, 2021 like 233,824 #47",616,254,362,800,9,589,https://www.webtoons.com/en/action/omniscient-reader/episode-46/viewer?title_no=2154&episode_no=47
omniscient-reader,Omniscient Reader,48,episode-000048-episode-47,"Episode 47 May 18, 2021 like 225,155 #48",663,306,357,800,9,638,https://www.webtoons.com/en/action/omniscient-reader/episode-47/viewer?title_no=2154&episode_no=48
omniscient-reader,Omniscient Reader,49,episode-000049-episode-48,"Episode 48 May 25, 2021 like 221,830 #49",644,286,358,800,9,618,https://www.webtoons.com/en/action/omniscient-reader/episode-48/viewer?title_no=2154&episode_no=49
omniscient-reader,Omniscient Reader,50,episode-000050-episode-49,"Episode 49 Jun 1, 2021 like 219,239 #50",623,258,365,800,9,595,https://www.webtoons.com/en/action/omniscient-reader/episode-49/viewer?title_no=2154&episode_no=50
omniscient-reader,Omniscient Reader,51,episode-000051-episode-50,"Episode 50 Jun 8, 2021 like 219,958 #51",648,284,364,800,9,622,https://www.webtoons.com/en/action/omniscient-reader/episode-50/viewer?title_no=2154&episode_no=51
omniscient-reader,Omniscient Reader,52,episode-000052-episode-51,"Episode 51 Jun 15, 2021 like 212,469 #52",639,274,365,800,9,612,https://www.webtoons.com/en/action/omniscient-reader/episode-51/viewer?title_no=2154&episode_no=52
omniscient-reader,Omniscient Reader,53,episode-000053-episode-52,"Episode 52 Jun 22, 2021 like 215,959 #53",641,276,365,800,9,613,https://www.webtoons.com/en/action/omniscient-reader/episode-52/viewer?title_no=2154&episode_no=53
omniscient-reader,Omniscient Reader,54,episode-000054-episode-53,"Episode 53 Jun 29, 2021 like 217,304 #54",676,314,362,800,9,651,https://www.webtoons.com/en/action/omniscient-reader/episode-53/viewer?title_no=2154&episode_no=54
omniscient-reader,Omniscient Reader,55,episode-000055-episode-54,"Episode 54 Jul 6, 2021 like 220,318 #55",681,318,363,800,9,652,https://www.webtoons.com/en/action/omniscient-reader/episode-54/viewer?title_no=2154&episode_no=55
omniscient-reader,Omniscient Reader,56,episode-000056-episode-55,"Episode 55 Jul 13, 2021 like 217,264 #56",660,296,364,800,9,632,https://www.webtoons.com/en/action/omniscient-reader/episode-55/viewer?title_no=2154&episode_no=56
omniscient-reader,Omniscient Reader,57,episode-000057-episode-56,"Episode 56 Jul 20, 2021 like 213,250 #57",636,270,366,800,9,610,https://www.webtoons.com/en/action/omniscient-reader/episode-56/viewer?title_no=2154&episode_no=57
omniscient-reader,Omniscient Reader,58,episode-000058-episode-57,"Episode 57 Jul 27, 2021 like 207,672 #58",613,248,365,800,9,584,https://www.webtoons.com/en/action/omniscient-reader/episode-57/viewer?title_no=2154&episode_no=58
omniscient-reader,Omniscient Reader,59,episode-000059-episode-58,"Episode 58 Aug 3, 2021 like 205,496 #59",661,292,369,800,9,633,https://www.webtoons.com/en/action/omniscient-reader/episode-58/viewer?title_no=2154&episode_no=59
omniscient-reader,Omniscient Reader,60,episode-000060-episode-59,"Episode 59 Aug 10, 2021 like 206,068 #60",631,274,357,800,9,608,https://www.webtoons.com/en/action/omniscient-reader/episode-59/viewer?title_no=2154&episode_no=60
omniscient-reader,Omniscient Reader,61,episode-000061-episode-60,"Episode 60 Aug 17, 2021 like 203,872 #61",654,294,360,800,9,628,https://www.webtoons.com/en/action/omniscient-reader/episode-60/viewer?title_no=2154&episode_no=61
omniscient-reader,Omniscient Reader,62,episode-000062-episode-61,"Episode 61 Aug 24, 2021 like 200,742 #62",646,284,362,800,9,618,https://www.webtoons.com/en/action/omniscient-reader/episode-61/viewer?title_no=2154&episode_no=62
omniscient-reader,Omniscient Reader,63,episode-000063-episode-62,"Episode 62 Aug 31, 2021 like 201,087 #63",695,336,359,800,9,669,https://www.webtoons.com/en/action/omniscient-reader/episode-62/viewer?title_no=2154&episode_no=63
omniscient-reader,Omniscient Reader,64,episode-000064-episode-63,"Episode 63 Sep 7, 2021 like 207,693 #64",677,316,361,800,9,650,https://www.webtoons.com/en/action/omniscient-reader/episode-63/viewer?title_no=2154&episode_no=64
omniscient-reader,Omniscient Reader,65,episode-000065-episode-64,"Episode 64 Sep 14, 2021 like 205,945 #65",697,336,361,800,9,672,https://www.webtoons.com/en/action/omniscient-reader/episode-64/viewer?title_no=2154&episode_no=65
omniscient-reader,Omniscient Reader,66,episode-000066-episode-65,"Episode 65 Sep 21, 2021 like 206,339 #66",682,320,362,800,9,658,https://www.webtoons.com/en/action/omniscient-reader/episode-65/viewer?title_no=2154&episode_no=66
omniscient-reader,Omniscient Reader,67,episode-000067-episode-66,"Episode 66 Sep 28, 2021 like 211,112 #67",594,238,356,800,9,568,https://www.webtoons.com/en/action/omniscient-reader/episode-66/viewer?title_no=2154&episode_no=67
omniscient-reader,Omniscient Reader,68,episode-000068-episode-67,"Episode 67 Oct 5, 2021 like 193,992 #68",711,354,357,800,9,686,https://www.webtoons.com/en/action/omniscient-reader/episode-67/viewer?title_no=2154&episode_no=68
omniscient-reader,Omniscient Reader,69,episode-000069-episode-68,"Episode 68 Oct 12, 2021 like 198,239 #69",613,254,359,800,9,588,https://www.webtoons.com/en/action/omniscient-reader/episode-68/viewer?title_no=2154&episode_no=69
omniscient-reader,Omniscient Reader,70,episode-000070-episode-69,"Episode 69 Oct 19, 2021 like 196,305 #70",700,338,362,800,9,673,https://www.webtoons.com/en/action/omniscient-reader/episode-69/viewer?title_no=2154&episode_no=70
omniscient-reader,Omniscient Reader,71,episode-000071-episode-70,"Episode 70 Oct 26, 2021 like 189,180 #71",529,162,367,800,9,502,https://www.webtoons.com/en/action/omniscient-reader/episode-70/viewer?title_no=2154&episode_no=71
omniscient-reader,Omniscient Reader,72,episode-000072-episode-71,"Episode 71 Nov 2, 2021 like 195,211 #72",610,244,366,800,9,585,https://www.webtoons.com/en/action/omniscient-reader/episode-71/viewer?title_no=2154&episode_no=72
omniscient-reader,Omniscient Reader,73,episode-000073-episode-72,"Episode 72 Nov 9, 2021 like 199,800 #73",603,242,361,800,9,574,https://www.webtoons.com/en/action/omniscient-reader/episode-72/viewer?title_no=2154&episode_no=73
omniscient-reader,Omniscient Reader,74,episode-000074-episode-73,"Episode 73 Nov 16, 2021 like 190,466 #74",621,258,363,800,9,594,https://www.webtoons.com/en/action/omniscient-reader/episode-73/viewer?title_no=2154&episode_no=74
omniscient-reader,Omniscient Reader,75,episode-000075-episode-74,"Episode 74 Nov 23, 2021 like 190,281 #75",646,286,360,800,9,620,https://www.webtoons.com/en/action/omniscient-reader/episode-74/viewer?title_no=2154&episode_no=75
omniscient-reader,Omniscient Reader,76,episode-000076-episode-75,"Episode 75 Nov 30, 2021 like 191,491 #76",599,240,359,800,9,571,https://www.webtoons.com/en/action/omniscient-reader/episode-75/viewer?title_no=2154&episode_no=76
omniscient-reader,Omniscient Reader,77,episode-000077-episode-76,"Episode 76 Dec 7, 2021 like 198,751 #77",623,260,363,800,9,596,https://www.webtoons.com/en/action/omniscient-reader/episode-76/viewer?title_no=2154&episode_no=77
omniscient-reader,Omniscient Reader,78,episode-000078-episode-77,"Episode 77 Dec 14, 2021 like 194,730 #78",636,280,356,800,9,615,https://www.webtoons.com/en/action/omniscient-reader/episode-77/viewer?title_no=2154&episode_no=78
omniscient-reader,Omniscient Reader,79,episode-000079-episode-78,"Episode 78 Dec 21, 2021 like 187,514 #79",684,320,364,800,9,658,https://www.webtoons.com/en/action/omniscient-reader/episode-78/viewer?title_no=2154&episode_no=79
omniscient-reader,Omniscient Reader,80,episode-000080-episode-79,"Episode 79 Dec 28, 2021 like 183,220 #80",658,298,360,800,9,632,https://www.webtoons.com/en/action/omniscient-reader/episode-79/viewer?title_no=2154&episode_no=80
omniscient-reader,Omniscient Reader,81,episode-000081-episode-80,"Episode 80 Jan 4, 2022 like 181,024 #81",679,320,359,800,9,657,https://www.webtoons.com/en/action/omniscient-reader/episode-80/viewer?title_no=2154&episode_no=81
omniscient-reader,Omniscient Reader,82,episode-000082-episode-81,"Episode 81 Jan 11, 2022 like 179,052 #82",656,296,360,800,9,630,https://www.webtoons.com/en/action/omniscient-reader/episode-81/viewer?title_no=2154&episode_no=82
omniscient-reader,Omniscient Reader,83,episode-000083-episode-82,"Episode 82 Jan 18, 2022 like 175,168 #83",663,308,355,800,9,640,https://www.webtoons.com/en/action/omniscient-reader/episode-82/viewer?title_no=2154&episode_no=83
omniscient-reader,Omniscient Reader,84,episode-000084-episode-83,"Episode 83 Jan 25, 2022 like 184,384 #84",652,286,366,800,9,622,https://www.webtoons.com/en/action/omniscient-reader/episode-83/viewer?title_no=2154&episode_no=84
omniscient-reader,Omniscient Reader,85,episode-000085-episode-84,"Episode 84 Feb 1, 2022 like 184,398 #85",667,306,361,800,9,640,https://www.webtoons.com/en/action/omniscient-reader/episode-84/viewer?title_no=2154&episode_no=85
omniscient-reader,Omniscient Reader,86,episode-000086-episode-85,"Episode 85 Feb 8, 2022 like 179,935 #86",667,308,359,800,9,640,https://www.webtoons.com/en/action/omniscient-reader/episode-85/viewer?title_no=2154&episode_no=86
omniscient-reader,Omniscient Reader,87,episode-000087-episode-86,"Episode 86 Feb 15, 2022 like 187,981 #87",655,298,357,800,9,628,https://www.webtoons.com/en/action/omniscient-reader/episode-86/viewer?title_no=2154&episode_no=87
omniscient-reader,Omniscient Reader,88,episode-000088-episode-87,"Episode 87 Feb 22, 2022 like 185,522 #88",695,332,363,800,9,670,https://www.webtoons.com/en/action/omniscient-reader/episode-87/viewer?title_no=2154&episode_no=88
omniscient-reader,Omniscient Reader,89,episode-000089-episode-88,"Episode 88 Mar 1, 2022 like 175,286 #89",639,276,363,800,9,612,https://www.webtoons.com/en/action/omniscient-reader/episode-88/viewer?title_no=2154&episode_no=89
omniscient-reader,Omniscient Reader,90,episode-000090-episode-89,"Episode 89 Mar 8, 2022 like 175,882 #90",594,233,361,800,9,569,https://www.webtoons.com/en/action/omniscient-reader/episode-89/viewer?title_no=2154&episode_no=90
omniscient-reader,Omniscient Reader,91,episode-000091-episode-90,"Episode 90 Mar 15, 2022 like 173,012 #91",544,180,364,800,9,515,https://www.webtoons.com/en/action/omniscient-reader/episode-90/viewer?title_no=2154&episode_no=91
omniscient-reader,Omniscient Reader,92,episode-000092-episode-91,"Episode 91 Mar 22, 2022 like 177,114 #92",649,288,361,800,9,623,https://www.webtoons.com/en/action/omniscient-reader/episode-91/viewer?title_no=2154&episode_no=92
omniscient-reader,Omniscient Reader,93,episode-000093-episode-92,"Episode 92 Mar 29, 2022 like 176,690 #93",690,330,360,800,9,662,https://www.webtoons.com/en/action/omniscient-reader/episode-92/viewer?title_no=2154&episode_no=93
omniscient-reader,Omniscient Reader,94,episode-000094-episode-93,"Episode 93 Apr 5, 2022 like 170,549 #94",599,232,367,800,9,571,https://www.webtoons.com/en/action/omniscient-reader/episode-93/viewer?title_no=2154&episode_no=94
omniscient-reader,Omniscient Reader,95,episode-000095-episode-94,"Episode 94 Apr 12, 2022 like 177,047 #95",642,284,358,800,9,615,https://www.webtoons.com/en/action/omniscient-reader/episode-94/viewer?title_no=2154&episode_no=95
omniscient-reader,Omniscient Reader,96,episode-000096-episode-95,"Episode 95 Apr 19, 2022 like 181,333 #96",609,254,355,800,9,588,https://www.webtoons.com/en/action/omniscient-reader/episode-95/viewer?title_no=2154&episode_no=96
omniscient-reader,Omniscient Reader,97,episode-000097-episode-96,"Episode 96 Apr 26, 2022 like 179,883 #97",629,266,363,800,9,601,https://www.webtoons.com/en/action/omniscient-reader/episode-96/viewer?title_no=2154&episode_no=97
omniscient-reader,Omniscient Reader,98,episode-000098-episode-97,"Episode 97 May 3, 2022 like 172,170 #98",602,244,358,800,9,575,https://www.webtoons.com/en/action/omniscient-reader/episode-97/viewer?title_no=2154&episode_no=98
omniscient-reader,Omniscient Reader,99,episode-000099-episode-98,"Episode 98 May 10, 2022 like 181,736 #99",577,218,359,800,9,549,https://www.webtoons.com/en/action/omniscient-reader/episode-98/viewer?title_no=2154&episode_no=99
omniscient-reader,Omniscient Reader,100,episode-000100-episode-99,"Episode 99 May 17, 2022 like 177,768 #100",605,250,355,800,9,579,https://www.webtoons.com/en/action/omniscient-reader/episode-99/viewer?title_no=2154&episode_no=100
omniscient-reader,Omniscient Reader,101,episode-000101-episode-100,"Episode 100 May 24, 2022 like 195,856 #101",612,248,364,800,9,586,https://www.webtoons.com/en/action/omniscient-reader/episode-100/viewer?title_no=2154&episode_no=101
omniscient-reader,Omniscient Reader,102,episode-000102-episode-101,"Episode 101 May 31, 2022 like 178,997 #102",734,376,358,800,9,709,https://www.webtoons.com/en/action/omniscient-reader/episode-101/viewer?title_no=2154&episode_no=102
omniscient-reader,Omniscient Reader,103,episode-000103-episode-102,"Episode 102 Jun 7, 2022 like 173,175 #103",552,194,358,800,9,527,https://www.webtoons.com/en/action/omniscient-reader/episode-102/viewer?title_no=2154&episode_no=103
omniscient-reader,Omniscient Reader,104,episode-000104-episode-103,"Episode 103 Jun 14, 2022 like 169,123 #104",569,204,365,800,9,541,https://www.webtoons.com/en/action/omniscient-reader/episode-103/viewer?title_no=2154&episode_no=104
omniscient-reader,Omniscient Reader,105,episode-000105-episode-104,"Episode 104 Jun 21, 2022 like 170,298 #105",591,228,363,800,9,563,https://www.webtoons.com/en/action/omniscient-reader/episode-104/viewer?title_no=2154&episode_no=105
omniscient-reader,Omniscient Reader,106,episode-000106-episode-105,"Episode 105 Jun 28, 2022 like 169,787 #106",557,194,363,800,9,529,https://www.webtoons.com/en/action/omniscient-reader/episode-105/viewer?title_no=2154&episode_no=106
omniscient-reader,Omniscient Reader,107,episode-000107-episode-106,"Episode 106 Jul 5, 2022 like 174,983 #107",532,172,360,800,9,506,https://www.webtoons.com/en/action/omniscient-reader/episode-106/viewer?title_no=2154&episode_no=107
omniscient-reader,Omniscient Reader,108,episode-000108-episode-107,"Episode 107 Jul 12, 2022 like 171,914 #108",529,168,361,800,9,503,https://www.webtoons.com/en/action/omniscient-reader/episode-107/viewer?title_no=2154&episode_no=108
omniscient-reader,Omniscient Reader,109,episode-000109-episode-108,"Episode 108 Jul 19, 2022 like 172,727 #109",549,186,363,800,9,522,https://www.webtoons.com/en/action/omniscient-reader/episode-108/viewer?title_no=2154&episode_no=109
omniscient-reader,Omniscient Reader,110,episode-000110-episode-109,"Episode 109 Jul 26, 2022 like 165,810 #110",526,166,360,800,9,499,https://www.webtoons.com/en/action/omniscient-reader/episode-109/viewer?title_no=2154&episode_no=110
omniscient-reader,Omniscient Reader,111,episode-000111-episode-110,"Episode 110 Aug 2, 2022 like 165,971 #111",527,166,361,800,9,499,https://www.webtoons.com/en/action/omniscient-reader/episode-110/viewer?title_no=2154&episode_no=111
omniscient-reader,Omniscient Reader,112,episode-000112-episode-111,"Episode 111 Aug 9, 2022 like 165,828 #112",572,214,358,800,9,546,https://www.webtoons.com/en/action/omniscient-reader/episode-111/viewer?title_no=2154&episode_no=112
omniscient-reader,Omniscient Reader,113,episode-000113-episode-112,"Episode 112 Aug 16, 2022 like 159,035 #113",556,198,358,800,9,530,https://www.webtoons.com/en/action/omniscient-reader/episode-112/viewer?title_no=2154&episode_no=113
omniscient-reader,Omniscient Reader,114,episode-000114-episode-113,"Episode 113 Aug 23, 2022 like 156,853 #114",548,182,366,800,9,520,https://www.webtoons.com/en/action/omniscient-reader/episode-113/viewer?title_no=2154&episode_no=114
omniscient-reader,Omniscient Reader,115,episode-000115-episode-114,"Episode 114 Aug 30, 2022 like 166,277 #115",523,164,359,800,9,496,https://www.webtoons.com/en/action/omniscient-reader/episode-114/viewer?title_no=2154&episode_no=115
omniscient-reader,Omniscient Reader,116,episode-000116-episode-115,"Episode 115 Sep 6, 2022 like 164,495 #116",600,240,360,800,9,573,https://www.webtoons.com/en/action/omniscient-reader/episode-115/viewer?title_no=2154&episode_no=116
omniscient-reader,Omniscient Reader,117,episode-000117-episode-116,"Episode 116 Sep 13, 2022 like 160,103 #117",626,268,358,800,9,600,https://www.webtoons.com/en/action/omniscient-reader/episode-116/viewer?title_no=2154&episode_no=117
omniscient-reader,Omniscient Reader,118,episode-000118-episode-117,"Episode 117 Sep 20, 2022 like 157,889 #118",534,172,362,800,9,506,https://www.webtoons.com/en/action/omniscient-reader/episode-117/viewer?title_no=2154&episode_no=118
omniscient-reader,Omniscient Reader,119,episode-000119-episode-118,"Episode 118 Sep 27, 2022 like 152,793 #119",583,222,361,800,9,556,https://www.webtoons.com/en/action/omniscient-reader/episode-118/viewer?title_no=2154&episode_no=119
omniscient-reader,Omniscient Reader,120,episode-000120-episode-119,"Episode 119 Oct 4, 2022 like 152,110 #120",536,176,360,800,9,509,https://www.webtoons.com/en/action/omniscient-reader/episode-119/viewer?title_no=2154&episode_no=120
omniscient-reader,Omniscient Reader,121,episode-000121-episode-120,"Episode 120 Oct 11, 2022 like 159,589 #121",551,192,359,800,9,524,https://www.webtoons.com/en/action/omniscient-reader/episode-120/viewer?title_no=2154&episode_no=121
omniscient-reader,Omniscient Reader,122,episode-000122-episode-121,"Episode 121 Oct 18, 2022 like 155,499 #122",565,208,357,800,9,538,https://www.webtoons.com/en/action/omniscient-reader/episode-121/viewer?title_no=2154&episode_no=122
omniscient-reader,Omniscient Reader,123,episode-000123-episode-122,"Episode 122 Oct 25, 2022 like 158,196 #123",530,174,356,800,9,505,https://www.webtoons.com/en/action/omniscient-reader/episode-122/viewer?title_no=2154&episode_no=123
omniscient-reader,Omniscient Reader,124,episode-000124-episode-123,"Episode 123 Nov 1, 2022 like 153,474 #124",575,214,361,800,9,549,https://www.webtoons.com/en/action/omniscient-reader/episode-123/viewer?title_no=2154&episode_no=124
omniscient-reader,Omniscient Reader,125,episode-000125-episode-124,"Episode 124 Nov 8, 2022 like 145,372 #125",586,222,364,800,9,558,https://www.webtoons.com/en/action/omniscient-reader/episode-124/viewer?title_no=2154&episode_no=125
omniscient-reader,Omniscient Reader,126,episode-000126-episode-125,"Episode 125 Nov 15, 2022 like 145,277 #126",572,216,356,800,9,546,https://www.webtoons.com/en/action/omniscient-reader/episode-125/viewer?title_no=2154&episode_no=126
omniscient-reader,Omniscient Reader,127,episode-000127-episode-126,"Episode 126 Nov 22, 2022 like 145,605 #127",582,224,358,800,9,555,https://www.webtoons.com/en/action/omniscient-reader/episode-126/viewer?title_no=2154&episode_no=127
omniscient-reader,Omniscient Reader,128,episode-000128-episode-127,"Episode 127 Nov 29, 2022 like 144,787 #128",610,250,360,800,9,583,https://www.webtoons.com/en/action/omniscient-reader/episode-127/viewer?title_no=2154&episode_no=128
omniscient-reader,Omniscient Reader,129,episode-000129-episode-128,"Episode 128 Dec 6, 2022 like 143,879 #129",589,230,359,800,9,562,https://www.webtoons.com/en/action/omniscient-reader/episode-128/viewer?title_no=2154&episode_no=129
omniscient-reader,Omniscient Reader,130,episode-000130-episode-129,"Episode 129 Dec 13, 2022 like 147,228 #130",660,296,364,800,9,634,https://www.webtoons.com/en/action/omniscient-reader/episode-129/viewer?title_no=2154&episode_no=130
omniscient-reader,Omniscient Reader,131,episode-000131-episode-130,"Episode 130 Dec 20, 2022 like 143,457 #131",594,234,360,800,9,568,https://www.webtoons.com/en/action/omniscient-reader/episode-130/viewer?title_no=2154&episode_no=131
omniscient-reader,Omniscient Reader,132,episode-000132-episode-131,"Episode 131 Dec 27, 2022 like 143,202 #132",628,264,364,800,9,600,https://www.webtoons.com/en/action/omniscient-reader/episode-131/viewer?title_no=2154&episode_no=132
omniscient-reader,Omniscient Reader,133,episode-000133-episode-132,"Episode 132 Jan 3, 2023 like 144,307 #133",591,232,359,800,9,568,https://www.webtoons.com/en/action/omniscient-reader/episode-132/viewer?title_no=2154&episode_no=133
omniscient-reader,Omniscient Reader,134,episode-000134-episode-133,"Episode 133 Jan 10, 2023 like 140,428 #134",584,226,358,800,9,557,https://www.webtoons.com/en/action/omniscient-reader/episode-133/viewer?title_no=2154&episode_no=134
omniscient-reader,Omniscient Reader,135,episode-000135-episode-134,"Episode 134 Jan 17, 2023 like 141,849 #135",648,288,360,800,9,620,https://www.webtoons.com/en/action/omniscient-reader/episode-134/viewer?title_no=2154&episode_no=135
omniscient-reader,Omniscient Reader,136,episode-000136-episode-135,"Episode 135 Jan 24, 2023 like 140,440 #136",634,278,356,800,9,609,https://www.webtoons.com/en/action/omniscient-reader/episode-135/viewer?title_no=2154&episode_no=136
omniscient-reader,Omniscient Reader,137,episode-000137-episode-136,"Episode 136 Jan 31, 2023 like 139,456 #137",589,234,355,800,9,565,https://www.webtoons.com/en/action/omniscient-reader/episode-136/viewer?title_no=2154&episode_no=137
omniscient-reader,Omniscient Reader,138,episode-000138-episode-137,"Episode 137 Feb 7, 2023 like 137,491 #138",542,184,358,800,9,513,https://www.webtoons.com/en/action/omniscient-reader/episode-137/viewer?title_no=2154&episode_no=138
omniscient-reader,Omniscient Reader,139,episode-000139-episode-138,"Episode 138 Feb 14, 2023 like 138,815 #139",591,236,355,800,9,565,https://www.webtoons.com/en/action/omniscient-reader/episode-138/viewer?title_no=2154&episode_no=139
omniscient-reader,Omniscient Reader,140,episode-000140-episode-139,"Episode 139 Feb 21, 2023 like 135,437 #140",553,198,355,800,9,526,https://www.webtoons.com/en/action/omniscient-reader/episode-139/viewer?title_no=2154&episode_no=140
omniscient-reader,Omniscient Reader,141,episode-000141-episode-140,"Episode 140 Feb 28, 2023 like 134,741 #141",587,230,357,800,9,559,https://www.webtoons.com/en/action/omniscient-reader/episode-140/viewer?title_no=2154&episode_no=141
omniscient-reader,Omniscient Reader,142,episode-000142-episode-141,"Episode 141 Mar 7, 2023 like 135,983 #142",583,226,357,800,9,556,https://www.webtoons.com/en/action/omniscient-reader/episode-141/viewer?title_no=2154&episode_no=142
omniscient-reader,Omniscient Reader,143,episode-000143-episode-142,"Episode 142 Mar 14, 2023 like 137,021 #143",588,234,354,800,9,563,https://www.webtoons.com/en/action/omniscient-reader/episode-142/viewer?title_no=2154&episode_no=143
omniscient-reader,Omniscient Reader,144,episode-000144-episode-143,"Episode 143 Mar 21, 2023 like 138,565 #144",543,186,357,800,9,517,https://www.webtoons.com/en/action/omniscient-reader/episode-143/viewer?title_no=2154&episode_no=144
omniscient-reader,Omniscient Reader,145,episode-000145-episode-144,"Episode 144 Mar 28, 2023 like 135,958 #145",551,194,357,800,9,523,https://www.webtoons.com/en/action/omniscient-reader/episode-144/viewer?title_no=2154&episode_no=145
omniscient-reader,Omniscient Reader,146,episode-000146-episode-145,"Episode 145 Apr 4, 2023 like 135,412 #146",597,236,361,800,9,572,https://www.webtoons.com/en/action/omniscient-reader/episode-145/viewer?title_no=2154&episode_no=146
omniscient-reader,Omniscient Reader,147,episode-000147-episode-146,"Episode 146 Apr 11, 2023 like 133,851 #147",626,270,356,800,9,599,https://www.webtoons.com/en/action/omniscient-reader/episode-146/viewer?title_no=2154&episode_no=147
omniscient-reader,Omniscient Reader,148,episode-000148-episode-147,"Episode 147 Apr 18, 2023 like 134,184 #148",512,158,354,800,9,486,https://www.webtoons.com/en/action/omniscient-reader/episode-147/viewer?title_no=2154&episode_no=148
omniscient-reader,Omniscient Reader,149,episode-000149-episode-148,"Episode 148 Apr 25, 2023 like 130,827 #149",544,188,356,800,9,517,https://www.webtoons.com/en/action/omniscient-reader/episode-148/viewer?title_no=2154&episode_no=149
omniscient-reader,Omniscient Reader,150,episode-000150-episode-149,"Episode 149 May 2, 2023 like 132,188 #150",560,202,358,800,9,532,https://www.webtoons.com/en/action/omniscient-reader/episode-149/viewer?title_no=2154&episode_no=150
omniscient-reader,Omniscient Reader,151,episode-000151-episode-150,"Episode 150 May 9, 2023 like 143,031 #151",538,184,354,800,9,512,https://www.webtoons.com/en/action/omniscient-reader/episode-150/viewer?title_no=2154&episode_no=151
omniscient-reader,Omniscient Reader,152,episode-000152-episode-151,"Episode 151 May 16, 2023 like 133,802 #152",533,178,355,800,9,507,https://www.webtoons.com/en/action/omniscient-reader/episode-151/viewer?title_no=2154&episode_no=152
omniscient-reader,Omniscient Reader,153,episode-000153-episode-152,"Episode 152 May 23, 2023 like 131,294 #153",543,188,355,800,9,517,https://www.webtoons.com/en/action/omniscient-reader/episode-152/viewer?title_no=2154&episode_no=153
omniscient-reader,Omniscient Reader,154,episode-000154-episode-153,"Episode 153 May 30, 2023 like 128,051 #154",559,202,357,800,9,531,https://www.webtoons.com/en/action/omniscient-reader/episode-153/viewer?title_no=2154&episode_no=154
omniscient-reader,Omniscient Reader,155,episode-000155-episode-154,"Episode 154 Jun 6, 2023 like 129,345 #155",574,220,354,800,9,548,https://www.webtoons.com/en/action/omniscient-reader/episode-154/viewer?title_no=2154&episode_no=155
omniscient-reader,Omniscient Reader,156,episode-000156-episode-155,"Episode 155 Jun 13, 2023 like 131,139 #156",560,204,356,800,9,536,https://www.webtoons.com/en/action/omniscient-reader/episode-155/viewer?title_no=2154&episode_no=156
omniscient-reader,Omniscient Reader,157,episode-000157-episode-156,"Episode 156 Jun 20, 2023 like 127,505 #157",585,228,357,800,9,559,https://www.webtoons.com/en/action/omniscient-reader/episode-156/viewer?title_no=2154&episode_no=157
omniscient-reader,Omniscient Reader,158,episode-000158-episode-157,"Episode 157 Jun 27, 2023 like 129,797 #158",571,220,351,800,9,548,https://www.webtoons.com/en/action/omniscient-reader/episode-157/viewer?title_no=2154&episode_no=158
omniscient-reader,Omniscient Reader,159,episode-000159-episode-158,"Episode 158 Jul 4, 2023 like 124,363 #159",518,166,352,800,9,494,https://www.webtoons.com/en/action/omniscient-reader/episode-158/viewer?title_no=2154&episode_no=159
omniscient-reader,Omniscient Reader,160,episode-000160-episode-159,"Episode 159 Jul 11, 2023 like 129,254 #160",539,186,353,800,9,514,https://www.webtoons.com/en/action/omniscient-reader/episode-159/viewer?title_no=2154&episode_no=160
omniscient-reader,Omniscient Reader,161,episode-000161-episode-160,"Episode 160 Jul 18, 2023 like 124,558 #161",523,172,351,800,9,500,https://www.webtoons.com/en/action/omniscient-reader/episode-160/viewer?title_no=2154&episode_no=161
omniscient-reader,Omniscient Reader,162,episode-000162-episode-161,"Episode 161 Jul 25, 2023 like 125,121 #162",579,224,355,800,9,552,https://www.webtoons.com/en/action/omniscient-reader/episode-161/viewer?title_no=2154&episode_no=162
omniscient-reader,Omniscient Reader,163,episode-000163-episode-162,"Episode 162 Aug 1, 2023 like 132,585 #163",613,260,353,800,9,588,https://www.webtoons.com/en/action/omniscient-reader/episode-162/viewer?title_no=2154&episode_no=163
omniscient-reader,Omniscient Reader,164,episode-000164-episode-163,"Episode 163 Aug 8, 2023 like 124,133 #164",563,206,357,800,9,536,https://www.webtoons.com/en/action/omniscient-reader/episode-163/viewer?title_no=2154&episode_no=164
omniscient-reader,Omniscient Reader,165,episode-000165-episode-164,"Episode 164 Aug 15, 2023 like 128,629 #165",571,218,353,800,9,546,https://www.webtoons.com/en/action/omniscient-reader/episode-164/viewer?title_no=2154&episode_no=165
omniscient-reader,Omniscient Reader,166,episode-000166-episode-165,"Episode 165 Aug 22, 2023 like 125,428 #166",572,218,354,800,9,546,https://www.webtoons.com/en/action/omniscient-reader/episode-165/viewer?title_no=2154&episode_no=166
omniscient-reader,Omniscient Reader,167,episode-000167-episode-166,"Episode 166 Aug 29, 2023 like 122,827 #167",553,198,355,800,9,526,https://www.webtoons.com/en/action/omniscient-reader/episode-166/viewer?title_no=2154&episode_no=167
omniscient-reader,Omniscient Reader,168,episode-000168-episode-167,"Episode 167 Sep 5, 2023 like 121,549 #168",527,174,353,800,9,504,https://www.webtoons.com/en/action/omniscient-reader/episode-167/viewer?title_no=2154&episode_no=168
omniscient-reader,Omniscient Reader,169,episode-000169-episode-168,"Episode 168 Sep 12, 2023 like 122,464 #169",558,204,354,800,9,532,https://www.webtoons.com/en/action/omniscient-reader/episode-168/viewer?title_no=2154&episode_no=169
omniscient-reader,Omniscient Reader,170,episode-000170-episode-169,"Episode 169 Sep 19, 2023 like 119,461 #170",576,222,354,800,9,553,https://www.webtoons.com/en/action/omniscient-reader/episode-169/viewer?title_no=2154&episode_no=170
omniscient-reader,Omniscient Reader,171,episode-000171-episode-170,"Episode 170 Sep 26, 2023 like 127,113 #171",533,178,355,800,9,506,https://www.webtoons.com/en/action/omniscient-reader/episode-170/viewer?title_no=2154&episode_no=171
omniscient-reader,Omniscient Reader,172,episode-000172-episode-171,"Episode 171 Oct 3, 2023 like 125,909 #172",569,214,355,800,9,542,https://www.webtoons.com/en/action/omniscient-reader/episode-171/viewer?title_no=2154&episode_no=172
omniscient-reader,Omniscient Reader,173,episode-000173-episode-172,"Episode 172 Oct 10, 2023 like 127,148 #173",587,234,353,800,9,565,https://www.webtoons.com/en/action/omniscient-reader/episode-172/viewer?title_no=2154&episode_no=173
omniscient-reader,Omniscient Reader,174,episode-000174-episode-173,"Episode 173 Oct 17, 2023 like 123,070 #174",598,244,354,800,9,572,https://www.webtoons.com/en/action/omniscient-reader/episode-173/viewer?title_no=2154&episode_no=174
omniscient-reader,Omniscient Reader,175,episode-000175-episode-174,"Episode 174 Oct 24, 2023 like 121,314 #175",583,230,353,800,9,558,https://www.webtoons.com/en/action/omniscient-reader/episode-174/viewer?title_no=2154&episode_no=175
omniscient-reader,Omniscient Reader,176,episode-000176-episode-175,"Episode 175 Oct 31, 2023 like 113,539 #176",592,236,356,800,9,566,https://www.webtoons.com/en/action/omniscient-reader/episode-175/viewer?title_no=2154&episode_no=176
omniscient-reader,Omniscient Reader,177,episode-000177-episode-176,"Episode 176 Nov 7, 2023 like 113,903 #177",593,244,349,800,9,572,https://www.webtoons.com/en/action/omniscient-reader/episode-176/viewer?title_no=2154&episode_no=177
omniscient-reader,Omniscient Reader,178,episode-000178-episode-177,"Episode 177 Nov 14, 2023 like 114,648 #178",629,276,353,800,9,604,https://www.webtoons.com/en/action/omniscient-reader/episode-177/viewer?title_no=2154&episode_no=178
omniscient-reader,Omniscient Reader,179,episode-000179-episode-178,"Episode 178 Nov 21, 2023 like 115,675 #179",604,244,360,800,9,576,https://www.webtoons.com/en/action/omniscient-reader/episode-178/viewer?title_no=2154&episode_no=179
omniscient-reader,Omniscient Reader,180,episode-000180-episode-179,"Episode 179 Nov 28, 2023 like 114,480 #180",644,286,358,800,9,616,https://www.webtoons.com/en/action/omniscient-reader/episode-179/viewer?title_no=2154&episode_no=180
omniscient-reader,Omniscient Reader,181,episode-000181-episode-180,"Episode 180 Dec 5, 2023 like 109,393 #181",577,222,355,800,9,550,https://www.webtoons.com/en/action/omniscient-reader/episode-180/viewer?title_no=2154&episode_no=181
omniscient-reader,Omniscient Reader,182,episode-000182-episode-181,"Episode 181 Dec 12, 2023 like 108,167 #182",549,192,357,800,9,521,https://www.webtoons.com/en/action/omniscient-reader/episode-181/viewer?title_no=2154&episode_no=182
omniscient-reader,Omniscient Reader,183,episode-000183-episode-182,"Episode 182 Dec 19, 2023 like 110,917 #183",607,254,353,800,9,583,https://www.webtoons.com/en/action/omniscient-reader/episode-182/viewer?title_no=2154&episode_no=183
omniscient-reader,Omniscient Reader,184,episode-000184-episode-183,"Episode 183 Dec 26, 2023 like 110,419 #184",558,202,356,800,9,530,https://www.webtoons.com/en/action/omniscient-reader/episode-183/viewer?title_no=2154&episode_no=184
omniscient-reader,Omniscient Reader,185,episode-000185-episode-184,"Episode 184 Jan 2, 2024 like 112,617 #185",557,202,355,800,9,531,https://www.webtoons.com/en/action/omniscient-reader/episode-184/viewer?title_no=2154&episode_no=185
omniscient-reader,Omniscient Reader,186,episode-000186-episode-185,"Episode 185 Jan 9, 2024 like 107,369 #186",554,198,356,800,9,527,https://www.webtoons.com/en/action/omniscient-reader/episode-185/viewer?title_no=2154&episode_no=186
omniscient-reader,Omniscient Reader,187,episode-000187-episode-186,"Episode 186 Jan 16, 2024 like 106,004 #187",524,166,358,800,9,497,https://www.webtoons.com/en/action/omniscient-reader/episode-186/viewer?title_no=2154&episode_no=187
omniscient-reader,Omniscient Reader,188,episode-000188-episode-187,"Episode 187 Jan 23, 2024 like 109,497 #188",597,242,355,800,9,572,https://www.webtoons.com/en/action/omniscient-reader/episode-187/viewer?title_no=2154&episode_no=188
omniscient-reader,Omniscient Reader,189,episode-000189-episode-188,"Episode 188 Jan 30, 2024 like 105,303 #189",552,196,356,800,9,524,https://www.webtoons.com/en/action/omniscient-reader/episode-188/viewer?title_no=2154&episode_no=189
omniscient-reader,Omniscient Reader,190,episode-000190-episode-189,"Episode 189 Feb 6, 2024 like 105,397 #190",561,208,353,800,9,536,https://www.webtoons.com/en/action/omniscient-reader/episode-189/viewer?title_no=2154&episode_no=190
omniscient-reader,Omniscient Reader,191,episode-000191-episode-190,"Episode 190 Feb 12, 2024 like 105,615 #191",575,220,355,800,9,549,https://www.webtoons.com/en/action/omniscient-reader/episode-190/viewer?title_no=2154&episode_no=191
omniscient-reader,Omniscient Reader,192,episode-000192-episode-191,"Episode 191 Feb 19, 2024 like 112,032 #192",596,240,356,800,9,570,https://www.webtoons.com/en/action/omniscient-reader/episode-191/viewer?title_no=2154&episode_no=192
omniscient-reader,Omniscient Reader,193,episode-000193-episode-192,"Episode 192 Feb 26, 2024 like 115,718 #193",558,198,360,800,9,530,https://www.webtoons.com/en/action/omniscient-reader/episode-192/viewer?title_no=2154&episode_no=193
omniscient-reader,Omniscient Reader,194,episode-000194-episode-193,"Episode 193 Mar 4, 2024 like 109,954 #194",558,206,352,800,9,534,https://www.webtoons.com/en/action/omniscient-reader/episode-193/viewer?title_no=2154&episode_no=194
omniscient-reader,Omniscient Reader,195,episode-000195-episode-194,"Episode 194 Mar 11, 2024 like 105,948 #195",653,300,353,800,9,628,https://www.webtoons.com/en/action/omniscient-reader/episode-194/viewer?title_no=2154&episode_no=195
omniscient-reader,Omniscient Reader,196,episode-000196-episode-195,"Episode 195 Mar 18, 2024 like 105,340 #196",547,192,355,800,9,520,https://www.webtoons.com/en/action/omniscient-reader/episode-195/viewer?title_no=2154&episode_no=196
omniscient-reader,Omniscient Reader,197,episode-000197-episode-196,"Episode 196 Mar 25, 2024 like 104,671 #197",546,190,356,800,9,519,https://www.webtoons.com/en/action/omniscient-reader/episode-196/viewer?title_no=2154&episode_no=197
omniscient-reader,Omniscient Reader,198,episode-000198-episode-197,"Episode 197 Apr 1, 2024 like 105,623 #198",531,176,355,800,9,504,https://www.webtoons.com/en/action/omniscient-reader/episode-197/viewer?title_no=2154&episode_no=198
omniscient-reader,Omniscient Reader,199,episode-000199-episode-198,"Episode 198 Apr 8, 2024 like 105,807 #199",582,226,356,800,9,555,https://www.webtoons.com/en/action/omniscient-reader/episode-198/viewer?title_no=2154&episode_no=199
omniscient-reader,Omniscient Reader,200,episode-000200-episode-199,"Episode 199 Apr 15, 2024 like 100,590 #200",551,196,355,800,9,525,https://www.webtoons.com/en/action/omniscient-reader/episode-199/viewer?title_no=2154&episode_no=200
omniscient-reader,Omniscient Reader,201,episode-000201-episode-200,"Episode 200 Apr 22, 2024 like 102,133 #201",559,206,353,800,9,534,https://www.webtoons.com/en/action/omniscient-reader/episode-200/viewer?title_no=2154&episode_no=201
omniscient-reader,Omniscient Reader,202,episode-000202-episode-201,"Episode 201 Apr 29, 2024 like 103,018 #202",585,234,351,800,9,562,https://www.webtoons.com/en/action/omniscient-reader/episode-201/viewer?title_no=2154&episode_no=202
omniscient-reader,Omniscient Reader,203,episode-000203-episode-202,"Episode 202 May 13, 2024 like 105,110 #203",577,220,357,800,9,550,https://www.webtoons.com/en/action/omniscient-reader/episode-202/viewer?title_no=2154&episode_no=203
omniscient-reader,Omniscient Reader,204,episode-000204-episode-203,"Episode 203 May 20, 2024 like 101,611 #204",579,224,355,800,9,552,https://www.webtoons.com/en/action/omniscient-reader/episode-203/viewer?title_no=2154&episode_no=204
omniscient-reader,Omniscient Reader,205,episode-000205-episode-204,"Episode 204 May 27, 2024 like 97,305 #205",572,214,358,800,9,544,https://www.webtoons.com/en/action/omniscient-reader/episode-204/viewer?title_no=2154&episode_no=205
omniscient-reader,Omniscient Reader,206,episode-000206-episode-205,"Episode 205 Jun 3, 2024 like 99,819 #206",537,186,351,800,9,514,https://www.webtoons.com/en/action/omniscient-reader/episode-205/viewer?title_no=2154&episode_no=206
omniscient-reader,Omniscient Reader,207,episode-000207-episode-206,"Episode 206 Jun 10, 2024 like 93,817 #207",510,156,354,800,9,485,https://www.webtoons.com/en/action/omniscient-reader/episode-206/viewer?title_no=2154&episode_no=207
omniscient-reader,Omniscient Reader,208,episode-000208-episode-207,"Episode 207 Jun 17, 2024 like 96,687 #208",569,216,353,800,9,544,https://www.webtoons.com/en/action/omniscient-reader/episode-207/viewer?title_no=2154&episode_no=208
omniscient-reader,Omniscient Reader,209,episode-000209-episode-208,"Episode 208 Jun 24, 2024 like 106,965 #209",659,304,355,800,9,632,https://www.webtoons.com/en/action/omniscient-reader/episode-208/viewer?title_no=2154&episode_no=209
omniscient-reader,Omniscient Reader,210,episode-000210-episode-209,"Episode 209 Jul 1, 2024 like 115,028 #210",546,190,356,800,9,518,https://www.webtoons.com/en/action/omniscient-reader/episode-209/viewer?title_no=2154&episode_no=210
omniscient-reader,Omniscient Reader,211,episode-000211-episode-210,"Episode 210 Jul 8, 2024 like 102,422 #211",528,174,354,800,9,504,https://www.webtoons.com/en/action/omniscient-reader/episode-210/viewer?title_no=2154&episode_no=211
omniscient-reader,Omniscient Reader,212,episode-000212-episode-211,"Episode 211 Jul 15, 2024 like 99,485 #212",536,182,354,800,9,510,https://www.webtoons.com/en/action/omniscient-reader/episode-211/viewer?title_no=2154&episode_no=212
omniscient-reader,Omniscient Reader,213,episode-000213-episode-212,"Episode 212 Jul 22, 2024 like 95,378 #213",537,180,357,800,9,509,https://www.webtoons.com/en/action/omniscient-reader/episode-212/viewer?title_no=2154&episode_no=213
omniscient-reader,Omniscient Reader,214,episode-000214-episode-213,"Episode 213 Jul 29, 2024 like 90,571 #214",522,168,354,800,9,496,https://www.webtoons.com/en/action/omniscient-reader/episode-213/viewer?title_no=2154&episode_no=214
omniscient-reader,Omniscient Reader,215,episode-000215-episode-214,"Episode 214 Aug 5, 2024 like 92,793 #215",539,190,349,800,9,518,https://www.webtoons.com/en/action/omniscient-reader/episode-214/viewer?title_no=2154&episode_no=215
omniscient-reader,Omniscient Reader,216,episode-000216-episode-215,"Episode 215 Aug 12, 2024 like 92,498 #216",548,194,354,800,9,522,https://www.webtoons.com/en/action/omniscient-reader/episode-215/viewer?title_no=2154&episode_no=216
omniscient-reader,Omniscient Reader,217,episode-000217-episode-216,"Episode 216 Aug 19, 2024 like 93,521 #217",487,136,351,800,9,465,https://www.webtoons.com/en/action/omniscient-reader/episode-216/viewer?title_no=2154&episode_no=217
omniscient-reader,Omniscient Reader,218,episode-000218-episode-217,"Episode 217 Aug 26, 2024 like 99,326 #218",557,202,355,800,9,531,https://www.webtoons.com/en/action/omniscient-reader/episode-217/viewer?title_no=2154&episode_no=218
omniscient-reader,Omniscient Reader,219,episode-000219-episode-218,"Episode 218 Sep 2, 2024 like 97,719 #219",527,176,351,800,9,504,https://www.webtoons.com/en/action/omniscient-reader/episode-218/viewer?title_no=2154&episode_no=219
omniscient-reader,Omniscient Reader,220,episode-000220-episode-219,"Episode 219 Sep 9, 2024 like 92,257 #220",515,160,355,800,9,489,https://www.webtoons.com/en/action/omniscient-reader/episode-219/viewer?title_no=2154&episode_no=220
omniscient-reader,Omniscient Reader,221,episode-000221-episode-220,"Episode 220 BGM Sep 16, 2024 like 106,731 #221",622,270,352,800,9,599,https://www.webtoons.com/en/action/omniscient-reader/episode-220/viewer?title_no=2154&episode_no=221
omniscient-reader,Omniscient Reader,222,episode-000222-episode-221,"Episode 221 Sep 23, 2024 like 91,295 #222",520,164,356,800,9,493,https://www.webtoons.com/en/action/omniscient-reader/episode-221/viewer?title_no=2154&episode_no=222
omniscient-reader,Omniscient Reader,223,episode-000223-episode-222,"Episode 222 Sep 30, 2024 like 87,913 #223",531,176,355,800,9,505,https://www.webtoons.com/en/action/omniscient-reader/episode-222/viewer?title_no=2154&episode_no=223
omniscient-reader,Omniscient Reader,224,episode-000224-episode-223,"Episode 223 Oct 7, 2024 like 87,382 #224",599,246,353,800,9,574,https://www.webtoons.com/en/action/omniscient-reader/episode-223/viewer?title_no=2154&episode_no=224
omniscient-reader,Omniscient Reader,225,episode-000225-episode-224,"Episode 224 Oct 14, 2024 like 86,168 #225",585,232,353,800,9,560,https://www.webtoons.com/en/action/omniscient-reader/episode-224/viewer?title_no=2154&episode_no=225
omniscient-reader,Omniscient Reader,226,episode-000226-episode-225,"Episode 225 Oct 21, 2024 like 85,014 #226",535,184,351,800,9,512,https://www.webtoons.com/en/action/omniscient-reader/episode-225/viewer?title_no=2154&episode_no=226
omniscient-reader,Omniscient Reader,227,episode-000227-episode-226,"Episode 226 Oct 28, 2024 like 85,274 #227",585,234,351,800,9,562,https://www.webtoons.com/en/action/omniscient-reader/episode-226/viewer?title_no=2154&episode_no=227
omniscient-reader,Omniscient Reader,228,episode-000228-episode-227,"Episode 227 Nov 4, 2024 like 84,789 #228",540,188,352,800,9,516,https://www.webtoons.com/en/action/omniscient-reader/episode-227/viewer?title_no=2154&episode_no=228
omniscient-reader,Omniscient Reader,229,episode-000229-episode-228,"Episode 228 Nov 11, 2024 like 82,784 #229",556,204,352,800,9,533,https://www.webtoons.com/en/action/omniscient-reader/episode-228/viewer?title_no=2154&episode_no=229
omniscient-reader,Omniscient Reader,230,episode-000230-episode-229,"Episode 229 Nov 18, 2024 like 83,175 #230",553,202,351,800,9,530,https://www.webtoons.com/en/action/omniscient-reader/episode-229/viewer?title_no=2154&episode_no=230
omniscient-reader,Omniscient Reader,231,episode-000231-episode-230,"Episode 230 Nov 25, 2024 like 80,835 #231",564,212,352,800,9,540,https://www.webtoons.com/en/action/omniscient-reader/episode-230/viewer?title_no=2154&episode_no=231
omniscient-reader,Omniscient Reader,232,episode-000232-episode-231,"Episode 231 Dec 2, 2024 like 79,594 #232",600,248,352,800,9,576,https://www.webtoons.com/en/action/omniscient-reader/episode-231/viewer?title_no=2154&episode_no=232
omniscient-reader,Omniscient Reader,233,episode-000233-episode-232,"Episode 232 Dec 9, 2024 like 78,099 #233",531,180,351,800,9,508,https://www.webtoons.com/en/action/omniscient-reader/episode-232/viewer?title_no=2154&episode_no=233
omniscient-reader,Omniscient Reader,234,episode-000234-episode-233,"Episode 233 Dec 16, 2024 like 78,262 #234",537,178,359,800,9,511,https://www.webtoons.com/en/action/omniscient-reader/episode-233/viewer?title_no=2154&episode_no=234
omniscient-reader,Omniscient Reader,235,episode-000235-episode-234,"Episode 234 Dec 23, 2024 like 79,131 #235",549,198,351,800,9,526,https://www.webtoons.com/en/action/omniscient-reader/episode-234/viewer?title_no=2154&episode_no=235
omniscient-reader,Omniscient Reader,236,episode-000236-episode-235,"Episode 235 Dec 30, 2024 like 80,440 #236",553,202,351,800,9,530,https://www.webtoons.com/en/action/omniscient-reader/episode-235/viewer?title_no=2154&episode_no=236
omniscient-reader,Omniscient Reader,237,episode-000237-episode-236,"Episode 236 Jan 6, 2025 like 80,937 #237",550,196,354,800,9,525,https://www.webtoons.com/en/action/omniscient-reader/episode-236/viewer?title_no=2154&episode_no=237
omniscient-reader,Omniscient Reader,238,episode-000238-episode-237,"Episode 237 Jan 13, 2025 like 80,399 #238",560,208,352,800,9,536,https://www.webtoons.com/en/action/omniscient-reader/episode-237/viewer?title_no=2154&episode_no=238
omniscient-reader,Omniscient Reader,239,episode-000239-episode-238,"Episode 238 Jan 20, 2025 like 77,211 #239",555,204,351,800,9,532,https://www.webtoons.com/en/action/omniscient-reader/episode-238/viewer?title_no=2154&episode_no=239
omniscient-reader,Omniscient Reader,240,episode-000240-episode-239,"Episode 239 Jan 27, 2025 like 76,090 #240",560,210,350,800,9,539,https://www.webtoons.com/en/action/omniscient-reader/episode-239/viewer?title_no=2154&episode_no=240
omniscient-reader,Omniscient Reader,241,episode-000241-episode-240,"Episode 240 Feb 3, 2025 like 73,662 #241",524,172,352,800,9,501,https://www.webtoons.com/en/action/omniscient-reader/episode-240/viewer?title_no=2154&episode_no=241
omniscient-reader,Omniscient Reader,242,episode-000242-episode-241,"Episode 241 Feb 10, 2025 like 75,235 #242",525,170,355,800,9,499,https://www.webtoons.com/en/action/omniscient-reader/episode-241/viewer?title_no=2154&episode_no=242
omniscient-reader,Omniscient Reader,243,episode-000243-episode-242,"Episode 242 Feb 17, 2025 like 75,549 #243",555,202,353,800,9,530,https://www.webtoons.com/en/action/omniscient-reader/episode-242/viewer?title_no=2154&episode_no=243
omniscient-reader,Omniscient Reader,244,episode-000244-episode-243,"Episode 243 Feb 24, 2025 like 80,857 #244",587,232,355,800,9,561,https://www.webtoons.com/en/action/omniscient-reader/episode-243/viewer?title_no=2154&episode_no=244
omniscient-reader,Omniscient Reader,245,episode-000245-episode-244,"Episode 244 Mar 3, 2025 like 75,147 #245",576,224,352,800,9,553,https://www.webtoons.com/en/action/omniscient-reader/episode-244/viewer?title_no=2154&episode_no=245
omniscient-reader,Omniscient Reader,246,episode-000246-episode-245,"Episode 245 Mar 10, 2025 like 71,400 #246",580,224,356,800,9,554,https://www.webtoons.com/en/action/omniscient-reader/episode-245/viewer?title_no=2154&episode_no=246
omniscient-reader,Omniscient Reader,247,episode-000247-episode-246,"Episode 246 Mar 17, 2025 like 73,153 #247",559,206,353,800,9,534,https://www.webtoons.com/en/action/omniscient-reader/episode-246/viewer?title_no=2154&episode_no=247
omniscient-reader,Omniscient Reader,248,episode-000248-episode-247,"Episode 247 Mar 24, 2025 like 73,889 #248",591,242,349,800,9,570,https://www.webtoons.com/en/action/omniscient-reader/episode-247/viewer?title_no=2154&episode_no=248
omniscient-reader,Omniscient Reader,249,episode-000249-episode-248,"Episode 248 Mar 31, 2025 like 69,512 #249",575,222,353,800,9,551,https://www.webtoons.com/en/action/omniscient-reader/episode-248/viewer?title_no=2154&episode_no=249
omniscient-reader,Omniscient Reader,250,episode-000250-episode-249,"Episode 249 Apr 7, 2025 like 70,482 #250",582,230,352,800,9,559,https://www.webtoons.com/en/action/omniscient-reader/episode-249/viewer?title_no=2154&episode_no=250
omniscient-reader,Omniscient Reader,251,episode-000251-episode-250,"Episode 250 Apr 14, 2025 like 70,134 #251",521,172,349,800,9,500,https://www.webtoons.com/en/action/omniscient-reader/episode-250/viewer?title_no=2154&episode_no=251
omniscient-reader,Omniscient Reader,252,episode-000252-episode-251,"Episode 251 Apr 21, 2025 like 72,140 #252",551,200,351,800,9,528,https://www.webtoons.com/en/action/omniscient-reader/episode-251/viewer?title_no=2154&episode_no=252
omniscient-reader,Omniscient Reader,253,episode-000253-episode-252,"Episode 252 Apr 28, 2025 like 71,880 #253",548,192,356,800,9,522,https://www.webtoons.com/en/action/omniscient-reader/episode-252/viewer?title_no=2154&episode_no=253
omniscient-reader,Omniscient Reader,254,episode-000254-episode-253,"Episode 253 May 5, 2025 like 69,299 #254",531,178,353,800,9,507,https://www.webtoons.com/en/action/omniscient-reader/episode-253/viewer?title_no=2154&episode_no=254
omniscient-reader,Omniscient Reader,255,episode-000255-episode-254,"Episode 254 May 12, 2025 like 68,058 #255",523,170,353,800,9,499,https://www.webtoons.com/en/action/omniscient-reader/episode-254/viewer?title_no=2154&episode_no=255
omniscient-reader,Omniscient Reader,256,episode-000256-episode-255,"Episode 255 May 19, 2025 like 66,568 #256",537,182,355,800,9,512,https://www.webtoons.com/en/action/omniscient-reader/episode-255/viewer?title_no=2154&episode_no=256
omniscient-reader,Omniscient Reader,257,episode-000257-episode-256,"Episode 256 May 26, 2025 like 67,876 #257",543,190,353,800,9,519,https://www.webtoons.com/en/action/omniscient-reader/episode-256/viewer?title_no=2154&episode_no=257
omniscient-reader,Omniscient Reader,258,episode-000258-episode-257,"Episode 257 Jun 2, 2025 like 66,822 #258",565,214,351,800,9,542,https://www.webtoons.com/en/action/omniscient-reader/episode-257/viewer?title_no=2154&episode_no=258
omniscient-reader,Omniscient Reader,259,episode-000259-episode-258,"Episode 258 Jun 9, 2025 like 64,867 #259",551,200,351,800,9,528,https://www.webtoons.com/en/action/omniscient-reader/episode-258/viewer?title_no=2154&episode_no=259
omniscient-reader,Omniscient Reader,260,episode-000260-episode-259,"Episode 259 Jun 16, 2025 like 67,883 #260",515,162,353,800,9,491,https://www.webtoons.com/en/action/omniscient-reader/episode-259/viewer?title_no=2154&episode_no=260
omniscient-reader,Omniscient Reader,261,episode-000261-episode-260,"Episode 260 Jun 23, 2025 like 67,185 #261",599,244,355,800,9,573,https://www.webtoons.com/en/action/omniscient-reader/episode-260/viewer?title_no=2154&episode_no=261
omniscient-reader,Omniscient Reader,262,episode-000262-episode-261,"Episode 261 Jun 30, 2025 like 63,906 #262",589,236,353,800,9,564,https://www.webtoons.com/en/action/omniscient-reader/episode-261/viewer?title_no=2154&episode_no=262
omniscient-reader,Omniscient Reader,263,episode-000263-episode-262,"Episode 262 Jul 7, 2025 like 62,332 #263",555,204,351,800,9,532,https://www.webtoons.com/en/action/omniscient-reader/episode-262/viewer?title_no=2154&episode_no=263
omniscient-reader,Omniscient Reader,264,episode-000264-episode-263,"Episode 263 Jul 14, 2025 like 59,733 #264",537,184,353,800,9,512,https://www.webtoons.com/en/action/omniscient-reader/episode-263/viewer?title_no=2154&episode_no=264
omniscient-reader,Omniscient Reader,265,episode-000265-episode-264,"Episode 264 Jul 21, 2025 like 57,258 #265",519,164,355,800,9,493,https://www.webtoons.com/en/action/omniscient-reader/episode-264/viewer?title_no=2154&episode_no=265
omniscient-reader,Omniscient Reader,266,episode-000266-episode-265,"Episode 265 Jul 28, 2025 like 57,810 #266",575,224,351,800,9,552,https://www.webtoons.com/en/action/omniscient-reader/episode-265/viewer?title_no=2154&episode_no=266
omniscient-reader,Omniscient Reader,267,episode-000267-episode-266,"Episode 266 Aug 4, 2025 like 58,679 #267",525,174,351,800,9,502,https://www.webtoons.com/en/action/omniscient-reader/episode-266/viewer?title_no=2154&episode_no=267
omniscient-reader,Omniscient Reader,268,episode-000268-episode-267,"Episode 267 Aug 11, 2025 like 56,566 #268",557,204,353,800,9,532,https://www.webtoons.com/en/action/omniscient-reader/episode-267/viewer?title_no=2154&episode_no=268
omniscient-reader,Omniscient Reader,269,episode-000269-episode-268,"Episode 268 Aug 18, 2025 like 57,325 #269",635,280,355,800,9,609,https://www.webtoons.com/en/action/omniscient-reader/episode-268/viewer?title_no=2154&episode_no=269
omniscient-reader,Omniscient Reader,270,episode-000270-episode-269,"Episode 269 Aug 25, 2025 like 56,993 #270",560,212,348,800,9,540,https://www.webtoons.com/en/action/omniscient-reader/episode-269/viewer?title_no=2154&episode_no=270
omniscient-reader,Omniscient Reader,271,episode-000271-episode-270,"Episode 270 Sep 1, 2025 like 59,552 #271",573,222,351,800,9,550,https://www.webtoons.com/en/action/omniscient-reader/episode-270/viewer?title_no=2154&episode_no=271
omniscient-reader,Omniscient Reader,272,episode-000272-episode-271,"Episode 271 Sep 8, 2025 like 55,220 #272",588,238,350,800,9,567,https://www.webtoons.com/en/action/omniscient-reader/episode-271/viewer?title_no=2154&episode_no=272
omniscient-reader,Omniscient Reader,273,episode-000273-episode-272,"Episode 272 Sep 15, 2025 like 51,582 #273",533,182,351,800,9,510,https://www.webtoons.com/en/action/omniscient-reader/episode-272/viewer?title_no=2154&episode_no=273
omniscient-reader,Omniscient Reader,274,episode-000274-episode-273,"Episode 273 Sep 22, 2025 like 51,689 #274",663,314,349,800,9,642,https://www.webtoons.com/en/action/omniscient-reader/episode-273/viewer?title_no=2154&episode_no=274
omniscient-reader,Omniscient Reader,275,episode-000275-episode-274,"Episode 274 Sep 29, 2025 like 51,740 #275",601,248,353,800,9,577,https://www.webtoons.com/en/action/omniscient-reader/episode-274/viewer?title_no=2154&episode_no=275
omniscient-reader,Omniscient Reader,276,episode-000276-episode-275,"Episode 275 Oct 6, 2025 like 51,012 #276",567,214,353,800,9,542,https://www.webtoons.com/en/action/omniscient-reader/episode-275/viewer?title_no=2154&episode_no=276
omniscient-reader,Omniscient Reader,277,episode-000277-episode-276,"Episode 276 Oct 13, 2025 like 50,381 #277",573,218,355,800,9,547,https://www.webtoons.com/en/action/omniscient-reader/episode-276/viewer?title_no=2154&episode_no=277
omniscient-reader,Omniscient Reader,278,episode-000278-episode-277,"Episode 277 Oct 20, 2025 like 50,583 #278",579,226,353,800,9,555,https://www.webtoons.com/en/action/omniscient-reader/episode-277/viewer?title_no=2154&episode_no=278
omniscient-reader,Omniscient Reader,279,episode-000279-episode-278,"Episode 278 Oct 27, 2025 like 51,276 #279",567,214,353,800,9,542,https://www.webtoons.com/en/action/omniscient-reader/episode-278/viewer?title_no=2154&episode_no=279
omniscient-reader,Omniscient Reader,280,episode-000280-episode-279,"Episode 279 Nov 3, 2025 like 50,074 #280",569,220,349,800,9,548,https://www.webtoons.com/en/action/omniscient-reader/episode-279/viewer?title_no=2154&episode_no=280
omniscient-reader,Omniscient Reader,281,episode-000281-episode-280,"Episode 280 Nov 10, 2025 like 49,022 #281",559,208,351,800,9,537,https://www.webtoons.com/en/action/omniscient-reader/episode-280/viewer?title_no=2154&episode_no=281
omniscient-reader,Omniscient Reader,282,episode-000282-episode-281,"Episode 281 Nov 17, 2025 like 47,441 #282",561,212,349,800,9,540,https://www.webtoons.com/en/action/omniscient-reader/episode-281/viewer?title_no=2154&episode_no=282
omniscient-reader,Omniscient Reader,283,episode-000283-episode-282,"Episode 282 Nov 24, 2025 like 47,981 #283",547,196,351,800,9,524,https://www.webtoons.com/en/action/omniscient-reader/episode-282/viewer?title_no=2154&episode_no=283
omniscient-reader,Omniscient Reader,284,episode-000284-episode-283,"Episode 283 Dec 1, 2025 like 46,904 #284",589,236,353,800,9,564,https://www.webtoons.com/en/action/omniscient-reader/episode-283/viewer?title_no=2154&episode_no=284
omniscient-reader,Omniscient Reader,285,episode-000285-episode-284,"Episode 284 Dec 8, 2025 like 45,567 #285",575,222,353,800,9,550,https://www.webtoons.com/en/action/omniscient-reader/episode-284/viewer?title_no=2154&episode_no=285
omniscient-reader,Omniscient Reader,286,episode-000286-episode-285,"Episode 285 Dec 15, 2025 like 45,723 #286",627,274,353,800,9,606,https://www.webtoons.com/en/action/omniscient-reader/episode-285/viewer?title_no=2154&episode_no=286
omniscient-reader,Omniscient Reader,287,episode-000287-episode-286,"Episode 286 Dec 22, 2025 like 45,446 #287",559,208,351,800,9,537,https://www.webtoons.com/en/action/omniscient-reader/episode-286/viewer?title_no=2154&episode_no=287
omniscient-reader,Omniscient Reader,288,episode-000288-episode-287,"Episode 287 Dec 29, 2025 like 44,151 #288",573,218,355,800,9,547,https://www.webtoons.com/en/action/omniscient-reader/episode-287/viewer?title_no=2154&episode_no=288
omniscient-reader,Omniscient Reader,289,episode-000289-episode-288,"Episode 288 Jan 5, 2026 like 42,985 #289",605,252,353,800,9,580,https://www.webtoons.com/en/action/omniscient-reader/episode-288/viewer?title_no=2154&episode_no=289
omniscient-reader,Omniscient Reader,290,episode-000290-episode-289,"Episode 289 Jan 12, 2026 like 43,616 #290",577,222,355,800,9,551,https://www.webtoons.com/en/action/omniscient-reader/episode-289/viewer?title_no=2154&episode_no=290
omniscient-reader,Omniscient Reader,291,episode-000291-episode-290,"Episode 290 Jan 19, 2026 like 40,869 #291",573,222,351,800,9,551,https://www.webtoons.com/en/action/omniscient-reader/episode-290/viewer?title_no=2154&episode_no=291
omniscient-reader,Omniscient Reader,292,episode-000292-episode-291,"Episode 291 Jan 26, 2026 like 42,098 #292",555,202,353,800,9,530,https://www.webtoons.com/en/action/omniscient-reader/episode-291/viewer?title_no=2154&episode_no=292
omniscient-reader,Omniscient Reader,293,episode-000293-episode-292,"Episode 292 Feb 2, 2026 like 39,968 #293",587,236,351,800,9,564,https://www.webtoons.com/en/action/omniscient-reader/episode-292/viewer?title_no=2154&episode_no=293
omniscient-reader,Omniscient Reader,294,episode-000294-episode-293,"Episode 293 Feb 16, 2026 like 37,282 #294",559,208,351,800,9,536,https://www.webtoons.com/en/action/omniscient-reader/episode-293/viewer?title_no=2154&episode_no=294
omniscient-reader,Omniscient Reader,295,episode-000295-episode-294,"Episode 294 Feb 23, 2026 like 36,123 #295",549,202,347,800,9,530,https://www.webtoons.com/en/action/omniscient-reader/episode-294/viewer?title_no=2154&episode_no=295
omniscient-reader,Omniscient Reader,296,episode-000296-episode-295,"Episode 295 Mar 2, 2026 like 35,989 #296",547,196,351,800,9,524,https://www.webtoons.com/en/action/omniscient-reader/episode-295/viewer?title_no=2154&episode_no=296
omniscient-reader,Omniscient Reader,297,episode-000297-episode-296,"Episode 296 Mar 9, 2026 like 34,246 #297",531,178,353,800,9,507,https://www.webtoons.com/en/action/omniscient-reader/episode-296/viewer?title_no=2154&episode_no=297
omniscient-reader,Omniscient Reader,298,episode-000298-episode-297,"Episode 297 Mar 16, 2026 like 33,166 #298",587,234,353,800,9,563,https://www.webtoons.com/en/action/omniscient-reader/episode-297/viewer?title_no=2154&episode_no=298
omniscient-reader,Omniscient Reader,299,episode-000299-episode-298,"Episode 298 Mar 23, 2026 like 31,150 #299",533,180,353,800,9,509,https://www.webtoons.com/en/action/omniscient-reader/episode-298/viewer?title_no=2154&episode_no=299
omniscient-reader,Omniscient Reader,300,episode-000300-episode-299,"Episode 299 Mar 30, 2026 like 31,281 #300",673,320,353,800,9,649,https://www.webtoons.com/en/action/omniscient-reader/episode-299/viewer?title_no=2154&episode_no=300
omniscient-reader,Omniscient Reader,301,episode-000301-episode-300,"Episode 300 Apr 6, 2026 like 35,508 #301",592,236,356,800,9,566,https://www.webtoons.com/en/action/omniscient-reader/episode-300/viewer?title_no=2154&episode_no=301
omniscient-reader,Omniscient Reader,302,episode-000302-episode-301,"Episode 301 Apr 13, 2026 like 29,610 #302",557,204,353,800,9,532,https://www.webtoons.com/en/action/omniscient-reader/episode-301/viewer?title_no=2154&episode_no=302
omniscient-reader,Omniscient Reader,303,episode-000303-episode-302,"Episode 302 Apr 20, 2026 like 27,522 #303",579,226,353,800,9,554,https://www.webtoons.com/en/action/omniscient-reader/episode-302/viewer?title_no=2154&episode_no=303
omniscient-reader,Omniscient Reader,304,episode-000304-episode-303,"Episode 303 Apr 27, 2026 like 26,921 #304",545,192,353,800,9,521,https://www.webtoons.com/en/action/omniscient-reader/episode-303/viewer?title_no=2154&episode_no=304
omniscient-reader,Omniscient Reader,305,episode-000305-episode-304,"Episode 304 May 4, 2026 like 25,124 #305",548,198,350,800,9,526,https://www.webtoons.com/en/action/omniscient-reader/episode-304/viewer?title_no=2154&episode_no=305
omniscient-reader,Omniscient Reader,306,episode-000306-episode-305,"Episode 305 May 11, 2026 like 22,764 #306",522,172,350,800,9,500,https://www.webtoons.com/en/action/omniscient-reader/episode-305/viewer?title_no=2154&episode_no=306
sweet-home,Sweet Home,1,episode-000001-prologue,First episode,110,53,57,700,1,63,https://www.webtoons.com/en/thriller/sweethome/prologue/viewer?title_no=1285&episode_no=1
sweet-home,Sweet Home,2,episode-000002-ep-1,"Ep. 1 Jan 15, 2018 like 236,986 #2",135,73,62,700,1,84,https://www.webtoons.com/en/thriller/sweethome/ep-1/viewer?title_no=1285&episode_no=2
sweet-home,Sweet Home,3,episode-000003-ep-2,"Ep. 2 Jan 15, 2018 like 217,674 #3",146,84,62,700,1,95,https://www.webtoons.com/en/thriller/sweethome/ep-2/viewer?title_no=1285&episode_no=3
sweet-home,Sweet Home,4,episode-000004-ep-3,"Ep. 3 Jan 15, 2018 like 256,948 #4",156,98,58,700,1,108,https://www.webtoons.com/en/thriller/sweethome/ep-3/viewer?title_no=1285&episode_no=4
sweet-home,Sweet Home,5,episode-000005-ep-4,"Ep. 4 Jan 22, 2018 like 218,493 #5",166,107,59,700,1,117,https://www.webtoons.com/en/thriller/sweethome/ep-4/viewer?title_no=1285&episode_no=5
sweet-home,Sweet Home,6,episode-000006-ep-5,"Ep. 5 Jan 29, 2018 like 206,025 #6",157,101,56,700,1,111,https://www.webtoons.com/en/thriller/sweethome/ep-5/viewer?title_no=1285&episode_no=6
sweet-home,Sweet Home,7,episode-000007-ep-6,"Ep. 6 Feb 5, 2018 like 201,154 #7",165,106,59,700,1,116,https://www.webtoons.com/en/thriller/sweethome/ep-6/viewer?title_no=1285&episode_no=7
sweet-home,Sweet Home,8,episode-000008-ep-7,"Ep. 7 Feb 12, 2018 like 196,487 #8",142,82,60,700,1,92,https://www.webtoons.com/en/thriller/sweethome/ep-7/viewer?title_no=1285&episode_no=8
sweet-home,Sweet Home,9,episode-000009-ep-8,"Ep. 8 Feb 19, 2018 like 198,367 #9",162,104,58,700,1,114,https://www.webtoons.com/en/thriller/sweethome/ep-8/viewer?title_no=1285&episode_no=9
sweet-home,Sweet Home,10,episode-000010-ep-9,"Ep. 9 Feb 26, 2018 like 194,963 #10",147,87,60,700,1,97,https://www.webtoons.com/en/thriller/sweethome/ep-9/viewer?title_no=1285&episode_no=10
sweet-home,Sweet Home,11,episode-000011-ep-10,"Ep. 10 Mar 5, 2018 like 190,954 #11",144,85,59,700,1,95,https://www.webtoons.com/en/thriller/sweethome/ep-10/viewer?title_no=1285&episode_no=11
sweet-home,Sweet Home,12,episode-000012-ep-11,"Ep. 11 Mar 12, 2018 like 190,764 #12",144,84,60,700,1,94,https://www.webtoons.com/en/thriller/sweethome/ep-11/viewer?title_no=1285&episode_no=12
sweet-home,Sweet Home,13,episode-000013-ep-12,"Ep. 12 Mar 19, 2018 like 189,753 #13",142,82,60,700,1,92,https://www.webtoons.com/en/thriller/sweethome/ep-12/viewer?title_no=1285&episode_no=13
sweet-home,Sweet Home,14,episode-000014-ep-13,"Ep. 13 Mar 26, 2018 like 201,638 #14",143,85,58,700,1,95,https://www.webtoons.com/en/thriller/sweethome/ep-13/viewer?title_no=1285&episode_no=14
sweet-home,Sweet Home,15,episode-000015-ep-14,"Ep. 14 Apr 2, 2018 like 195,244 #15",142,82,60,700,1,92,https://www.webtoons.com/en/thriller/sweethome/ep-14/viewer?title_no=1285&episode_no=15
teenage-mercenary,Teenage Mercenary,1,episode-000001-episode-0-prologue,First episode,652,306,346,690,39,626,https://www.webtoons.com/en/action/teenage-mercenary/episode-0-prologue/viewer?title_no=2677&episode_no=1
teenage-mercenary,Teenage Mercenary,2,episode-000002-episode-1,"Episode 1 Jun 29, 2021 like 166,934 #2",640,301,339,690,39,612,https://www.webtoons.com/en/action/teenage-mercenary/episode-1/viewer?title_no=2677&episode_no=2
teenage-mercenary,Teenage Mercenary,3,episode-000003-episode-2,"Episode 2 Jun 29, 2021 like 162,767 #3",681,345,336,690,39,655,https://www.webtoons.com/en/action/teenage-mercenary/episode-2/viewer?title_no=2677&episode_no=3
teenage-mercenary,Teenage Mercenary,4,episode-000004-episode-3,"Episode 3 Jun 29, 2021 like 165,561 #4",563,225,338,690,39,536,https://www.webtoons.com/en/action/teenage-mercenary/episode-3/viewer?title_no=2677&episode_no=4
teenage-mercenary,Teenage Mercenary,5,episode-000005-episode-4,"Episode 4 Jul 6, 2021 like 157,794 #5",579,243,336,690,39,553,https://www.webtoons.com/en/action/teenage-mercenary/episode-4/viewer?title_no=2677&episode_no=5
teenage-mercenary,Teenage Mercenary,6,episode-000006-episode-5,"Episode 5 Jul 13, 2021 like 153,636 #6",613,277,336,690,39,586,https://www.webtoons.com/en/action/teenage-mercenary/episode-5/viewer?title_no=2677&episode_no=6
teenage-mercenary,Teenage Mercenary,7,episode-000007-episode-6,"Episode 6 Jul 20, 2021 like 156,501 #7",556,219,337,690,39,529,https://www.webtoons.com/en/action/teenage-mercenary/episode-6/viewer?title_no=2677&episode_no=7
teenage-mercenary,Teenage Mercenary,8,episode-000008-episode-7,"Episode 7 Jul 27, 2021 like 153,094 #8",538,203,335,690,39,513,https://www.webtoons.com/en/action/teenage-mercenary/episode-7/viewer?title_no=2677&episode_no=8
teenage-mercenary,Teenage Mercenary,9,episode-000009-episode-8,"Episode 8 Aug 3, 2021 like 152,950 #9",646,309,337,690,39,619,https://www.webtoons.com/en/action/teenage-mercenary/episode-8/viewer?title_no=2677&episode_no=9
teenage-mercenary,Teenage Mercenary,10,episode-000010-episode-9,"Episode 9 Aug 10, 2021 like 154,179 #10",528,193,335,690,39,503,https://www.webtoons.com/en/action/teenage-mercenary/episode-9/viewer?title_no=2677&episode_no=10
teenage-mercenary,Teenage Mercenary,11,episode-000011-episode-10,"Episode 10 Aug 17, 2021 like 150,630 #11",481,143,338,690,39,453,https://www.webtoons.com/en/action/teenage-mercenary/episode-10/viewer?title_no=2677&episode_no=11
teenage-mercenary,Teenage Mercenary,12,episode-000012-episode-11,"Episode 11 Aug 24, 2021 like 143,289 #12",594,249,345,690,39,567,https://www.webtoons.com/en/action/teenage-mercenary/episode-11/viewer?title_no=2677&episode_no=12
teenage-mercenary,Teenage Mercenary,13,episode-000013-episode-12,"Episode 12 Aug 31, 2021 like 139,904 #13",532,189,343,690,39,504,https://www.webtoons.com/en/action/teenage-mercenary/episode-12/viewer?title_no=2677&episode_no=13
teenage-mercenary,Teenage Mercenary,14,episode-000014-episode-13,"Episode 13 Sep 7, 2021 like 136,205 #14",586,242,344,690,39,559,https://www.webtoons.com/en/action/teenage-mercenary/episode-13/viewer?title_no=2677&episode_no=14
teenage-mercenary,Teenage Mercenary,15,episode-000015-episode-14,"Episode 14 Sep 14, 2021 like 135,556 #15",530,182,348,690,39,503,https://www.webtoons.com/en/action/teenage-mercenary/episode-14/viewer?title_no=2677&episode_no=15
teenage-mercenary,Teenage Mercenary,16,episode-000016-episode-15,"Episode 15 Sep 21, 2021 like 138,152 #16",545,176,369,690,42,507,https://www.webtoons.com/en/action/teenage-mercenary/episode-15/viewer?title_no=2677&episode_no=16
teenage-mercenary,Teenage Mercenary,17,episode-000017-episode-16,"Episode 16 Sep 28, 2021 like 136,460 #17",582,237,345,690,42,557,https://www.webtoons.com/en/action/teenage-mercenary/episode-16/viewer?title_no=2677&episode_no=17
teenage-mercenary,Teenage Mercenary,18,episode-000018-episode-17,"Episode 17 Oct 5, 2021 like 143,662 #18",618,279,339,690,39,592,https://www.webtoons.com/en/action/teenage-mercenary/episode-17/viewer?title_no=2677&episode_no=18
teenage-mercenary,Teenage Mercenary,19,episode-000019-episode-18,"Episode 18 Oct 12, 2021 like 139,795 #19",598,253,345,690,39,572,https://www.webtoons.com/en/action/teenage-mercenary/episode-18/viewer?title_no=2677&episode_no=19
teenage-mercenary,Teenage Mercenary,20,episode-000020-episode-19,"Episode 19 Oct 19, 2021 like 133,982 #20",585,235,350,690,40,558,https://www.webtoons.com/en/action/teenage-mercenary/episode-19/viewer?title_no=2677&episode_no=20
teenage-mercenary,Teenage Mercenary,21,episode-000021-episode-20,"Episode 20 Oct 26, 2021 like 138,647 #21",611,262,349,690,42,584,https://www.webtoons.com/en/action/teenage-mercenary/episode-20/viewer?title_no=2677&episode_no=21
teenage-mercenary,Teenage Mercenary,22,episode-000022-episode-21,"Episode 21 Nov 2, 2021 like 134,444 #22",582,241,341,690,39,555,https://www.webtoons.com/en/action/teenage-mercenary/episode-21/viewer?title_no=2677&episode_no=22
teenage-mercenary,Teenage Mercenary,23,episode-000023-episode-22,"Episode 22 Nov 9, 2021 like 139,081 #23",572,227,345,690,48,545,https://www.webtoons.com/en/action/teenage-mercenary/episode-22/viewer?title_no=2677&episode_no=23
teenage-mercenary,Teenage Mercenary,24,episode-000024-episode-23,"Episode 23 Nov 16, 2021 like 139,116 #24",615,266,349,690,39,587,https://www.webtoons.com/en/action/teenage-mercenary/episode-23/viewer?title_no=2677&episode_no=24
teenage-mercenary,Teenage Mercenary,25,episode-000025-episode-24,"Episode 24 Nov 23, 2021 like 128,996 #25",631,288,343,690,39,605,https://www.webtoons.com/en/action/teenage-mercenary/episode-24/viewer?title_no=2677&episode_no=25
teenage-mercenary,Teenage Mercenary,26,episode-000026-episode-25,"Episode 25 Nov 30, 2021 like 129,032 #26",614,267,347,690,48,587,https://www.webtoons.com/en/action/teenage-mercenary/episode-25/viewer?title_no=2677&episode_no=26
teenage-mercenary,Teenage Mercenary,27,episode-000027-episode-26,"Episode 26 Dec 7, 2021 like 128,913 #27",589,245,344,690,48,563,https://www.webtoons.com/en/action/teenage-mercenary/episode-26/viewer?title_no=2677&episode_no=27
teenage-mercenary,Teenage Mercenary,28,episode-000028-episode-27,"Episode 27 Dec 14, 2021 like 129,187 #28",593,245,348,690,48,568,https://www.webtoons.com/en/action/teenage-mercenary/episode-27/viewer?title_no=2677&episode_no=28
teenage-mercenary,Teenage Mercenary,29,episode-000029-episode-28,"Episode 28 Dec 21, 2021 like 134,700 #29",615,271,344,690,39,589,https://www.webtoons.com/en/action/teenage-mercenary/episode-28/viewer?title_no=2677&episode_no=29
teenage-mercenary,Teenage Mercenary,30,episode-000030-episode-29,"Episode 29 Dec 28, 2021 like 133,331 #30",626,280,346,690,39,598,https://www.webtoons.com/en/action/teenage-mercenary/episode-29/viewer?title_no=2677&episode_no=30
teenage-mercenary,Teenage Mercenary,31,episode-000031-episode-30,"Episode 30 Jan 4, 2022 like 125,469 #31",593,244,349,690,39,564,https://www.webtoons.com/en/action/teenage-mercenary/episode-30/viewer?title_no=2677&episode_no=31
teenage-mercenary,Teenage Mercenary,32,episode-000032-episode-31,"Episode 31 Jan 11, 2022 like 125,005 #32",600,257,343,690,39,574,https://www.webtoons.com/en/action/teenage-mercenary/episode-31/viewer?title_no=2677&episode_no=32
teenage-mercenary,Teenage Mercenary,33,episode-000033-episode-32,"Episode 32 Jan 18, 2022 like 126,201 #33",597,251,346,690,38,569,https://www.webtoons.com/en/action/teenage-mercenary/episode-32/viewer?title_no=2677&episode_no=33
teenage-mercenary,Teenage Mercenary,34,episode-000034-episode-33,"Episode 33 Jan 25, 2022 like 123,199 #34",607,264,343,690,39,581,https://www.webtoons.com/en/action/teenage-mercenary/episode-33/viewer?title_no=2677&episode_no=34
teenage-mercenary,Teenage Mercenary,35,episode-000035-episode-34,"Episode 34 Feb 1, 2022 like 118,501 #35",618,273,345,690,39,589,https://www.webtoons.com/en/action/teenage-mercenary/episode-34/viewer?title_no=2677&episode_no=35
teenage-mercenary,Teenage Mercenary,36,episode-000036-episode-35,"Episode 35 Feb 8, 2022 like 116,491 #36",592,245,347,690,39,564,https://www.webtoons.com/en/action/teenage-mercenary/episode-35/viewer?title_no=2677&episode_no=36
teenage-mercenary,Teenage Mercenary,37,episode-000037-episode-36,"Episode 36 Feb 15, 2022 like 115,656 #37",599,259,340,690,39,575,https://www.webtoons.com/en/action/teenage-mercenary/episode-36/viewer?title_no=2677&episode_no=37
teenage-mercenary,Teenage Mercenary,38,episode-000038-episode-37,"Episode 37 Feb 22, 2022 like 119,285 #38",620,275,345,690,39,592,https://www.webtoons.com/en/action/teenage-mercenary/episode-37/viewer?title_no=2677&episode_no=38
teenage-mercenary,Teenage Mercenary,39,episode-000039-episode-38,"Episode 38 Mar 1, 2022 like 120,299 #39",589,247,342,690,39,561,https://www.webtoons.com/en/action/teenage-mercenary/episode-38/viewer?title_no=2677&episode_no=39
teenage-mercenary,Teenage Mercenary,40,episode-000040-episode-39,"Episode 39 Mar 8, 2022 like 114,668 #40",597,254,343,690,39,571,https://www.webtoons.com/en/action/teenage-mercenary/episode-39/viewer?title_no=2677&episode_no=40
teenage-mercenary,Teenage Mercenary,41,episode-000041-episode-40,"Episode 40 Mar 15, 2022 like 110,286 #41",578,220,358,690,55,553,https://www.webtoons.com/en/action/teenage-mercenary/episode-40/viewer?title_no=2677&episode_no=41
teenage-mercenary,Teenage Mercenary,42,episode-000042-episode-41,"Episode 41 Mar 22, 2022 like 114,355 #42",614,263,351,690,48,588,https://www.webtoons.com/en/action/teenage-mercenary/episode-41/viewer?title_no=2677&episode_no=42
teenage-mercenary,Teenage Mercenary,43,episode-000043-episode-42,"Episode 42 Mar 29, 2022 like 114,836 #43",576,231,345,690,39,552,https://www.webtoons.com/en/action/teenage-mercenary/episode-42/viewer?title_no=2677&episode_no=43
teenage-mercenary,Teenage Mercenary,44,episode-000044-episode-43,"Episode 43 Apr 5, 2022 like 113,026 #44",595,248,347,690,39,567,https://www.webtoons.com/en/action/teenage-mercenary/episode-43/viewer?title_no=2677&episode_no=44
teenage-mercenary,Teenage Mercenary,45,episode-000045-episode-44,"Episode 44 Apr 12, 2022 like 108,362 #45",588,242,346,690,39,561,https://www.webtoons.com/en/action/teenage-mercenary/episode-44/viewer?title_no=2677&episode_no=45
teenage-mercenary,Teenage Mercenary,46,episode-000046-episode-45,"Episode 45 Apr 19, 2022 like 107,929 #46",612,265,347,690,48,587,https://www.webtoons.com/en/action/teenage-mercenary/episode-45/viewer?title_no=2677&episode_no=46
teenage-mercenary,Teenage Mercenary,47,episode-000047-episode-46,"Episode 46 Apr 26, 2022 like 108,461 #47",613,260,353,690,50,587,https://www.webtoons.com/en/action/teenage-mercenary/episode-46/viewer?title_no=2677&episode_no=47
teenage-mercenary,Teenage Mercenary,48,episode-000048-episode-47,"Episode 47 May 3, 2022 like 106,071 #48",586,247,339,690,39,561,https://www.webtoons.com/en/action/teenage-mercenary/episode-47/viewer?title_no=2677&episode_no=48
teenage-mercenary,Teenage Mercenary,49,episode-000049-episode-48,"Episode 48 May 10, 2022 like 108,680 #49",554,201,353,690,55,527,https://www.webtoons.com/en/action/teenage-mercenary/episode-48/viewer?title_no=2677&episode_no=49
teenage-mercenary,Teenage Mercenary,50,episode-000050-episode-49,"Episode 49 May 17, 2022 like 104,200 #50",564,216,348,690,50,536,https://www.webtoons.com/en/action/teenage-mercenary/episode-49/viewer?title_no=2677&episode_no=50
teenage-mercenary,Teenage Mercenary,51,episode-000051-episode-50,"Episode 50 May 24, 2022 like 103,668 #51",595,248,347,690,50,569,https://www.webtoons.com/en/action/teenage-mercenary/episode-50/viewer?title_no=2677&episode_no=51
teenage-mercenary,Teenage Mercenary,52,episode-000052-episode-51,"Episode 51 May 31, 2022 like 103,008 #52",569,228,341,690,39,544,https://www.webtoons.com/en/action/teenage-mercenary/episode-51/viewer?title_no=2677&episode_no=52
teenage-mercenary,Teenage Mercenary,53,episode-000053-episode-52,"Episode 52 Jun 7, 2022 like 99,408 #53",588,250,338,690,39,562,https://www.webtoons.com/en/action/teenage-mercenary/episode-52/viewer?title_no=2677&episode_no=53
teenage-mercenary,Teenage Mercenary,54,episode-000054-episode-53,"Episode 53 Jun 14, 2022 like 99,759 #54",593,250,343,690,39,566,https://www.webtoons.com/en/action/teenage-mercenary/episode-53/viewer?title_no=2677&episode_no=54
teenage-mercenary,Teenage Mercenary,55,episode-000055-episode-54,"Episode 54 Jun 21, 2022 like 105,993 #55",581,236,345,690,39,557,https://www.webtoons.com/en/action/teenage-mercenary/episode-54/viewer?title_no=2677&episode_no=55
teenage-mercenary,Teenage Mercenary,56,episode-000056-episode-55,"Episode 55 Jun 28, 2022 like 101,800 #56",532,195,337,690,39,506,https://www.webtoons.com/en/action/teenage-mercenary/episode-55/viewer?title_no=2677&episode_no=56
teenage-mercenary,Teenage Mercenary,57,episode-000057-episode-56,"Episode 56 Jul 5, 2022 like 102,488 #57",535,197,338,690,39,508,https://www.webtoons.com/en/action/teenage-mercenary/episode-56/viewer?title_no=2677&episode_no=57
teenage-mercenary,Teenage Mercenary,58,episode-000058-episode-57,"Episode 57 Jul 12, 2022 like 97,659 #58",517,183,334,690,39,492,https://www.webtoons.com/en/action/teenage-mercenary/episode-57/viewer?title_no=2677&episode_no=58
teenage-mercenary,Teenage Mercenary,59,episode-000059-episode-58,"Episode 58 Jul 19, 2022 like 96,740 #59",525,191,334,690,39,501,https://www.webtoons.com/en/action/teenage-mercenary/episode-58/viewer?title_no=2677&episode_no=59
teenage-mercenary,Teenage Mercenary,60,episode-000060-episode-59,"Episode 59 Jul 26, 2022 like 99,407 #60",529,193,336,690,39,504,https://www.webtoons.com/en/action/teenage-mercenary/episode-59/viewer?title_no=2677&episode_no=60
teenage-mercenary,Teenage Mercenary,61,episode-000061-episode-60,"Episode 60 Aug 2, 2022 like 98,678 #61",515,179,336,690,39,488,https://www.webtoons.com/en/action/teenage-mercenary/episode-60/viewer?title_no=2677&episode_no=61
teenage-mercenary,Teenage Mercenary,62,episode-000062-episode-61,"Episode 61 Aug 9, 2022 like 99,656 #62",525,187,338,690,39,498,https://www.webtoons.com/en/action/teenage-mercenary/episode-61/viewer?title_no=2677&episode_no=62
teenage-mercenary,Teenage Mercenary,63,episode-000063-episode-62,"Episode 62 Aug 16, 2022 like 100,290 #63",529,193,336,690,39,503,https://www.webtoons.com/en/action/teenage-mercenary/episode-62/viewer?title_no=2677&episode_no=63
teenage-mercenary,Teenage Mercenary,64,episode-000064-episode-63,"Episode 63 Aug 23, 2022 like 103,709 #64",517,185,332,690,39,494,https://www.webtoons.com/en/action/teenage-mercenary/episode-63/viewer?title_no=2677&episode_no=64
teenage-mercenary,Teenage Mercenary,65,episode-000065-episode-64,"Episode 64 Aug 30, 2022 like 95,848 #65",519,183,336,690,39,493,https://www.webtoons.com/en/action/teenage-mercenary/episode-64/viewer?title_no=2677&episode_no=65
teenage-mercenary,Teenage Mercenary,66,episode-000066-episode-65,"Episode 65 Sep 6, 2022 like 95,303 #66",552,217,335,690,39,525,https://www.webtoons.com/en/action/teenage-mercenary/episode-65/viewer?title_no=2677&episode_no=66
teenage-mercenary,Teenage Mercenary,67,episode-000067-episode-66,"Episode 66 Sep 13, 2022 like 91,180 #67",527,187,340,690,39,498,https://www.webtoons.com/en/action/teenage-mercenary/episode-66/viewer?title_no=2677&episode_no=67
teenage-mercenary,Teenage Mercenary,68,episode-000068-episode-67,"Episode 67 Sep 20, 2022 like 92,426 #68",510,173,337,690,39,483,https://www.webtoons.com/en/action/teenage-mercenary/episode-67/viewer?title_no=2677&episode_no=68
teenage-mercenary,Teenage Mercenary,69,episode-000069-episode-68,"Episode 68 Sep 27, 2022 like 89,965 #69",520,185,335,690,39,494,https://www.webtoons.com/en/action/teenage-mercenary/episode-68/viewer?title_no=2677&episode_no=69
teenage-mercenary,Teenage Mercenary,70,episode-000070-episode-69,"Episode 69 Oct 4, 2022 like 92,279 #70",523,185,338,690,39,496,https://www.webtoons.com/en/action/teenage-mercenary/episode-69/viewer?title_no=2677&episode_no=70
teenage-mercenary,Teenage Mercenary,71,episode-000071-episode-70,"Episode 70 Oct 11, 2022 like 94,878 #71",544,209,335,690,39,519,https://www.webtoons.com/en/action/teenage-mercenary/episode-70/viewer?title_no=2677&episode_no=71
teenage-mercenary,Teenage Mercenary,72,episode-000072-episode-71,"Episode 71 Oct 11, 2022 like 91,174 #72",518,179,339,690,39,490,https://www.webtoons.com/en/action/teenage-mercenary/episode-71/viewer?title_no=2677&episode_no=72
teenage-mercenary,Teenage Mercenary,73,episode-000073-episode-72,"Episode 72 Oct 11, 2022 like 91,847 #73",519,183,336,690,39,493,https://www.webtoons.com/en/action/teenage-mercenary/episode-72/viewer?title_no=2677&episode_no=73
teenage-mercenary,Teenage Mercenary,74,episode-000074-episode-73,"Episode 73 Oct 12, 2022 like 88,312 #74",523,187,336,690,39,497,https://www.webtoons.com/en/action/teenage-mercenary/episode-73/viewer?title_no=2677&episode_no=74
teenage-mercenary,Teenage Mercenary,75,episode-000075-episode-74,"Episode 74 Oct 12, 2022 like 92,771 #75",516,181,335,690,39,491,https://www.webtoons.com/en/action/teenage-mercenary/episode-74/viewer?title_no=2677&episode_no=75
teenage-mercenary,Teenage Mercenary,76,episode-000076-episode-75,"Episode 75 Oct 12, 2022 like 91,976 #76",522,185,337,690,39,495,https://www.webtoons.com/en/action/teenage-mercenary/episode-75/viewer?title_no=2677&episode_no=76
teenage-mercenary,Teenage Mercenary,77,episode-000077-episode-76,"Episode 76 Oct 13, 2022 like 90,097 #77",533,197,336,690,39,507,https://www.webtoons.com/en/action/teenage-mercenary/episode-76/viewer?title_no=2677&episode_no=77
teenage-mercenary,Teenage Mercenary,78,episode-000078-episode-77,"Episode 77 Oct 13, 2022 like 89,446 #78",538,201,337,690,39,510,https://www.webtoons.com/en/action/teenage-mercenary/episode-77/viewer?title_no=2677&episode_no=78
teenage-mercenary,Teenage Mercenary,79,episode-000079-episode-78,"Episode 78 Oct 13, 2022 like 88,718 #79",516,179,337,690,39,489,https://www.webtoons.com/en/action/teenage-mercenary/episode-78/viewer?title_no=2677&episode_no=79
teenage-mercenary,Teenage Mercenary,80,episode-000080-episode-79,"Episode 79 Oct 14, 2022 like 86,547 #80",521,185,336,690,39,495,https://www.webtoons.com/en/action/teenage-mercenary/episode-79/viewer?title_no=2677&episode_no=80
teenage-mercenary,Teenage Mercenary,81,episode-000081-episode-80,"Episode 80 Oct 14, 2022 like 92,193 #81",515,183,332,690,39,492,https://www.webtoons.com/en/action/teenage-mercenary/episode-80/viewer?title_no=2677&episode_no=81
teenage-mercenary,Teenage Mercenary,82,episode-000082-episode-81,"Episode 81 Oct 14, 2022 like 92,029 #82",527,189,338,690,39,500,https://www.webtoons.com/en/action/teenage-mercenary/episode-81/viewer?title_no=2677&episode_no=82
teenage-mercenary,Teenage Mercenary,83,episode-000083-episode-82,"Episode 82 Oct 15, 2022 like 91,204 #83",528,191,337,690,39,501,https://www.webtoons.com/en/action/teenage-mercenary/episode-82/viewer?title_no=2677&episode_no=83
teenage-mercenary,Teenage Mercenary,84,episode-000084-episode-83,"Episode 83 Oct 15, 2022 like 91,800 #84",505,169,336,690,39,478,https://www.webtoons.com/en/action/teenage-mercenary/episode-83/viewer?title_no=2677&episode_no=84
teenage-mercenary,Teenage Mercenary,85,episode-000085-episode-84,"Episode 84 Oct 15, 2022 like 95,495 #85",505,171,334,690,39,480,https://www.webtoons.com/en/action/teenage-mercenary/episode-84/viewer?title_no=2677&episode_no=85
teenage-mercenary,Teenage Mercenary,86,episode-000086-episode-85,"Episode 85 Oct 18, 2022 like 91,601 #86",527,191,336,690,39,501,https://www.webtoons.com/en/action/teenage-mercenary/episode-85/viewer?title_no=2677&episode_no=86
teenage-mercenary,Teenage Mercenary,87,episode-000087-episode-86,"Episode 86 Oct 25, 2022 like 87,887 #87",516,183,333,690,39,491,https://www.webtoons.com/en/action/teenage-mercenary/episode-86/viewer?title_no=2677&episode_no=87
teenage-mercenary,Teenage Mercenary,88,episode-000088-episode-87,"Episode 87 Nov 1, 2022 like 85,831 #88",515,179,336,690,39,489,https://www.webtoons.com/en/action/teenage-mercenary/episode-87/viewer?title_no=2677&episode_no=88
teenage-mercenary,Teenage Mercenary,89,episode-000089-episode-88,"Episode 88 Nov 8, 2022 like 85,104 #89",516,179,337,690,39,489,https://www.webtoons.com/en/action/teenage-mercenary/episode-88/viewer?title_no=2677&episode_no=89
teenage-mercenary,Teenage Mercenary,90,episode-000090-episode-89,"Episode 89 Nov 15, 2022 like 89,169 #90",531,191,340,690,39,502,https://www.webtoons.com/en/action/teenage-mercenary/episode-89/viewer?title_no=2677&episode_no=90
teenage-mercenary,Teenage Mercenary,91,episode-000091-episode-90,"Episode 90 Nov 22, 2022 like 88,937 #91",548,213,335,690,39,522,https://www.webtoons.com/en/action/teenage-mercenary/episode-90/viewer?title_no=2677&episode_no=91
teenage-mercenary,Teenage Mercenary,92,episode-000092-episode-91,"Episode 91 Nov 29, 2022 like 86,612 #92",523,185,338,690,39,496,https://www.webtoons.com/en/action/teenage-mercenary/episode-91/viewer?title_no=2677&episode_no=92
teenage-mercenary,Teenage Mercenary,93,episode-000093-episode-92,"Episode 92 Dec 6, 2022 like 85,449 #93",521,185,336,690,39,494,https://www.webtoons.com/en/action/teenage-mercenary/episode-92/viewer?title_no=2677&episode_no=93
teenage-mercenary,Teenage Mercenary,94,episode-000094-episode-93,"Episode 93 Dec 13, 2022 like 85,655 #94",514,175,339,690,39,486,https://www.webtoons.com/en/action/teenage-mercenary/episode-93/viewer?title_no=2677&episode_no=94
teenage-mercenary,Teenage Mercenary,95,episode-000095-episode-94,"Episode 94 Dec 20, 2022 like 83,972 #95",510,173,337,690,39,483,https://www.webtoons.com/en/action/teenage-mercenary/episode-94/viewer?title_no=2677&episode_no=95
teenage-mercenary,Teenage Mercenary,96,episode-000096-episode-95,"Episode 95 Dec 27, 2022 like 84,013 #96",551,217,334,690,39,526,https://www.webtoons.com/en/action/teenage-mercenary/episode-95/viewer?title_no=2677&episode_no=96
teenage-mercenary,Teenage Mercenary,97,episode-000097-episode-96,"Episode 96 Jan 3, 2023 like 84,183 #97",508,173,335,690,39,483,https://www.webtoons.com/en/action/teenage-mercenary/episode-96/viewer?title_no=2677&episode_no=97
teenage-mercenary,Teenage Mercenary,98,episode-000098-episode-97,"Episode 97 Jan 10, 2023 like 84,530 #98",506,171,335,690,39,480,https://www.webtoons.com/en/action/teenage-mercenary/episode-97/viewer?title_no=2677&episode_no=98
teenage-mercenary,Teenage Mercenary,99,episode-000099-episode-98,"Episode 98 Jan 17, 2023 like 86,409 #99",519,183,336,690,39,494,https://www.webtoons.com/en/action/teenage-mercenary/episode-98/viewer?title_no=2677&episode_no=99
teenage-mercenary,Teenage Mercenary,100,episode-000100-episode-99,"Episode 99 Jan 24, 2023 like 86,186 #100",526,191,335,690,39,500,https://www.webtoons.com/en/action/teenage-mercenary/episode-99/viewer?title_no=2677&episode_no=100
teenage-mercenary,Teenage Mercenary,101,episode-000101-episode-100,"Episode 100 Jan 31, 2023 like 85,644 #101",517,181,336,690,39,490,https://www.webtoons.com/en/action/teenage-mercenary/episode-100/viewer?title_no=2677&episode_no=101
teenage-mercenary,Teenage Mercenary,102,episode-000102-episode-101,"Episode 101 Feb 7, 2023 like 86,301 #102",525,189,336,690,39,499,https://www.webtoons.com/en/action/teenage-mercenary/episode-101/viewer?title_no=2677&episode_no=102
teenage-mercenary,Teenage Mercenary,103,episode-000103-episode-102,"Episode 102 Feb 14, 2023 like 83,773 #103",523,187,336,690,39,497,https://www.webtoons.com/en/action/teenage-mercenary/episode-102/viewer?title_no=2677&episode_no=103
teenage-mercenary,Teenage Mercenary,104,episode-000104-episode-103,"Episode 103 Feb 21, 2023 like 81,425 #104",513,175,338,690,39,486,https://www.webtoons.com/en/action/teenage-mercenary/episode-103/viewer?title_no=2677&episode_no=104
teenage-mercenary,Teenage Mercenary,105,episode-000105-episode-104,"Episode 104 Feb 28, 2023 like 82,943 #105",522,187,335,690,39,496,https://www.webtoons.com/en/action/teenage-mercenary/episode-104/viewer?title_no=2677&episode_no=105
teenage-mercenary,Teenage Mercenary,106,episode-000106-episode-105,"Episode 105 Mar 7, 2023 like 83,301 #106",521,183,338,690,39,494,https://www.webtoons.com/en/action/teenage-mercenary/episode-105/viewer?title_no=2677&episode_no=106
teenage-mercenary,Teenage Mercenary,107,episode-000107-episode-106,"Episode 106 Mar 14, 2023 like 84,472 #107",539,201,338,690,39,511,https://www.webtoons.com/en/action/teenage-mercenary/episode-106/viewer?title_no=2677&episode_no=107
teenage-mercenary,Teenage Mercenary,108,episode-000108-episode-107,"Episode 107 Mar 21, 2023 like 80,783 #108",515,179,336,690,39,489,https://www.webtoons.com/en/action/teenage-mercenary/episode-107/viewer?title_no=2677&episode_no=108
teenage-mercenary,Teenage Mercenary,109,episode-000109-episode-108,"Episode 108 Mar 28, 2023 like 80,620 #109",520,181,339,690,39,492,https://www.webtoons.com/en/action/teenage-mercenary/episode-108/viewer?title_no=2677&episode_no=109
teenage-mercenary,Teenage Mercenary,110,episode-000110-episode-109,"Episode 109 Apr 4, 2023 like 81,458 #110",516,181,335,690,39,491,https://www.webtoons.com/en/action/teenage-mercenary/episode-109/viewer?title_no=2677&episode_no=110
teenage-mercenary,Teenage Mercenary,111,episode-000111-episode-110,"Episode 110 Apr 11, 2023 like 82,494 #111",518,181,337,690,39,491,https://www.webtoons.com/en/action/teenage-mercenary/episode-110/viewer?title_no=2677&episode_no=111
teenage-mercenary,Teenage Mercenary,112,episode-000112-episode-111,"Episode 111 Apr 18, 2023 like 81,793 #112",522,185,337,690,39,495,https://www.webtoons.com/en/action/teenage-mercenary/episode-111/viewer?title_no=2677&episode_no=112
teenage-mercenary,Teenage Mercenary,113,episode-000113-episode-112,"Episode 112 Apr 25, 2023 like 80,661 #113",522,185,337,690,39,495,https://www.webtoons.com/en/action/teenage-mercenary/episode-112/viewer?title_no=2677&episode_no=113
teenage-mercenary,Teenage Mercenary,114,episode-000114-episode-113,"Episode 113 May 2, 2023 like 78,297 #114",520,183,337,690,39,493,https://www.webtoons.com/en/action/teenage-mercenary/episode-113/viewer?title_no=2677&episode_no=114
teenage-mercenary,Teenage Mercenary,115,episode-000115-episode-114,"Episode 114 May 9, 2023 like 76,070 #115",514,177,337,690,39,487,https://www.webtoons.com/en/action/teenage-mercenary/episode-114/viewer?title_no=2677&episode_no=115
teenage-mercenary,Teenage Mercenary,116,episode-000116-episode-115,"Episode 115 May 16, 2023 like 75,387 #116",526,189,337,690,39,499,https://www.webtoons.com/en/action/teenage-mercenary/episode-115/viewer?title_no=2677&episode_no=116
teenage-mercenary,Teenage Mercenary,117,episode-000117-episode-116,"Episode 116 May 23, 2023 like 74,000 #117",532,195,337,690,39,505,https://www.webtoons.com/en/action/teenage-mercenary/episode-116/viewer?title_no=2677&episode_no=117
teenage-mercenary,Teenage Mercenary,118,episode-000118-episode-117,"Episode 117 May 30, 2023 like 72,193 #118",523,185,338,690,39,495,https://www.webtoons.com/en/action/teenage-mercenary/episode-117/viewer?title_no=2677&episode_no=118
teenage-mercenary,Teenage Mercenary,119,episode-000119-episode-118,"Episode 118 Jun 6, 2023 like 72,884 #119",519,181,338,690,39,491,https://www.webtoons.com/en/action/teenage-mercenary/episode-118/viewer?title_no=2677&episode_no=119
teenage-mercenary,Teenage Mercenary,120,episode-000120-episode-119,"Episode 119 Jun 13, 2023 like 77,710 #120",527,189,338,690,39,500,https://www.webtoons.com/en/action/teenage-mercenary/episode-119/viewer?title_no=2677&episode_no=120
teenage-mercenary,Teenage Mercenary,121,episode-000121-episode-120,"Episode 120 Jun 20, 2023 like 74,394 #121",531,195,336,690,39,505,https://www.webtoons.com/en/action/teenage-mercenary/episode-120/viewer?title_no=2677&episode_no=121
teenage-mercenary,Teenage Mercenary,122,episode-000122-episode-121,"Episode 121 Jun 27, 2023 like 72,125 #122",511,175,336,690,39,484,https://www.webtoons.com/en/action/teenage-mercenary/episode-121/viewer?title_no=2677&episode_no=122
teenage-mercenary,Teenage Mercenary,123,episode-000123-episode-122,"Episode 122 Jul 4, 2023 like 70,124 #123",521,183,338,690,39,493,https://www.webtoons.com/en/action/teenage-mercenary/episode-122/viewer?title_no=2677&episode_no=123
teenage-mercenary,Teenage Mercenary,124,episode-000124-episode-123,"Episode 123 Jul 11, 2023 like 73,819 #124",533,199,334,690,39,508,https://www.webtoons.com/en/action/teenage-mercenary/episode-123/viewer?title_no=2677&episode_no=124
teenage-mercenary,Teenage Mercenary,125,episode-000125-episode-124,"Episode 124 Jul 18, 2023 like 71,786 #125",538,199,339,690,39,509,https://www.webtoons.com/en/action/teenage-mercenary/episode-124/viewer?title_no=2677&episode_no=125
teenage-mercenary,Teenage Mercenary,126,episode-000126-episode-125,"Episode 125 Jul 25, 2023 like 70,422 #126",524,187,337,690,39,497,https://www.webtoons.com/en/action/teenage-mercenary/episode-125/viewer?title_no=2677&episode_no=126
teenage-mercenary,Teenage Mercenary,127,episode-000127-episode-126,"Episode 126 Aug 1, 2023 like 72,365 #127",514,177,337,690,39,488,https://www.webtoons.com/en/action/teenage-mercenary/episode-126/viewer?title_no=2677&episode_no=127
teenage-mercenary,Teenage Mercenary,128,episode-000128-episode-127,"Episode 127 Aug 8, 2023 like 69,909 #128",525,189,336,690,39,498,https://www.webtoons.com/en/action/teenage-mercenary/episode-127/viewer?title_no=2677&episode_no=128
teenage-mercenary,Teenage Mercenary,129,episode-000129-episode-128,"Episode 128 Aug 15, 2023 like 69,275 #129",536,201,335,690,39,511,https://www.webtoons.com/en/action/teenage-mercenary/episode-128/viewer?title_no=2677&episode_no=129
teenage-mercenary,Teenage Mercenary,130,episode-000130-episode-129,"Episode 129 Aug 22, 2023 like 67,632 #130",525,191,334,690,39,499,https://www.webtoons.com/en/action/teenage-mercenary/episode-129/viewer?title_no=2677&episode_no=130
teenage-mercenary,Teenage Mercenary,131,episode-000131-episode-130,"Episode 130 Aug 29, 2023 like 68,784 #131",525,185,340,690,39,496,https://www.webtoons.com/en/action/teenage-mercenary/episode-130/viewer?title_no=2677&episode_no=131
teenage-mercenary,Teenage Mercenary,132,episode-000132-episode-131,"Episode 131 Sep 5, 2023 like 70,259 #132",526,187,339,690,39,498,https://www.webtoons.com/en/action/teenage-mercenary/episode-131/viewer?title_no=2677&episode_no=132
teenage-mercenary,Teenage Mercenary,133,episode-000133-episode-132,"Episode 132 Sep 12, 2023 like 70,147 #133",526,187,339,690,39,498,https://www.webtoons.com/en/action/teenage-mercenary/episode-132/viewer?title_no=2677&episode_no=133
teenage-mercenary,Teenage Mercenary,134,episode-000134-episode-133,"Episode 133 Sep 19, 2023 like 70,972 #134",523,189,334,690,39,498,https://www.webtoons.com/en/action/teenage-mercenary/episode-133/viewer?title_no=2677&episode_no=134
teenage-mercenary,Teenage Mercenary,135,episode-000135-episode-134,"Episode 134 Sep 26, 2023 like 66,307 #135",531,193,338,690,39,503,https://www.webtoons.com/en/action/teenage-mercenary/episode-134/viewer?title_no=2677&episode_no=135
teenage-mercenary,Teenage Mercenary,136,episode-000136-episode-135,"Episode 135 Oct 3, 2023 like 65,520 #136",519,185,334,690,39,494,https://www.webtoons.com/en/action/teenage-mercenary/episode-135/viewer?title_no=2677&episode_no=136
teenage-mercenary,Teenage Mercenary,137,episode-000137-episode-136,"Episode 136 Oct 10, 2023 like 65,570 #137",521,187,334,690,39,496,https://www.webtoons.com/en/action/teenage-mercenary/episode-136/viewer?title_no=2677&episode_no=137
teenage-mercenary,Teenage Mercenary,138,episode-000138-episode-137,"Episode 137 Oct 17, 2023 like 66,243 #138",531,195,336,690,39,504,https://www.webtoons.com/en/action/teenage-mercenary/episode-137/viewer?title_no=2677&episode_no=138
teenage-mercenary,Teenage Mercenary,139,episode-000139-episode-138,"Episode 138 Oct 24, 2023 like 68,863 #139",538,203,335,690,39,511,https://www.webtoons.com/en/action/teenage-mercenary/episode-138/viewer?title_no=2677&episode_no=139
teenage-mercenary,Teenage Mercenary,140,episode-000140-episode-139,"Episode 139 Oct 31, 2023 like 70,600 #140",525,189,336,690,39,498,https://www.webtoons.com/en/action/teenage-mercenary/episode-139/viewer?title_no=2677&episode_no=140
teenage-mercenary,Teenage Mercenary,141,episode-000141-episode-140,"Episode 140 Nov 7, 2023 like 65,261 #141",521,185,336,690,39,495,https://www.webtoons.com/en/action/teenage-mercenary/episode-140/viewer?title_no=2677&episode_no=141
teenage-mercenary,Teenage Mercenary,142,episode-000142-episode-141,"Episode 141 Nov 14, 2023 like 68,357 #142",532,195,337,690,39,505,https://www.webtoons.com/en/action/teenage-mercenary/episode-141/viewer?title_no=2677&episode_no=142
teenage-mercenary,Teenage Mercenary,143,episode-000143-episode-142,"Episode 142 Nov 21, 2023 like 67,662 #143",515,181,334,690,39,491,https://www.webtoons.com/en/action/teenage-mercenary/episode-142/viewer?title_no=2677&episode_no=143
teenage-mercenary,Teenage Mercenary,144,episode-000144-episode-143,"Episode 143 Nov 28, 2023 like 65,720 #144",530,195,335,690,39,504,https://www.webtoons.com/en/action/teenage-mercenary/episode-143/viewer?title_no=2677&episode_no=144
teenage-mercenary,Teenage Mercenary,145,episode-000145-episode-144,"Episode 144 Dec 5, 2023 like 62,480 #145",529,195,334,690,39,504,https://www.webtoons.com/en/action/teenage-mercenary/episode-144/viewer?title_no=2677&episode_no=145
teenage-mercenary,Teenage Mercenary,146,episode-000146-episode-145,"Episode 145 Dec 12, 2023 like 60,836 #146",529,191,338,690,39,502,https://www.webtoons.com/en/action/teenage-mercenary/episode-145/viewer?title_no=2677&episode_no=146
teenage-mercenary,Teenage Mercenary,147,episode-000147-episode-146,"Episode 146 Dec 19, 2023 like 61,628 #147",520,185,335,690,39,494,https://www.webtoons.com/en/action/teenage-mercenary/episode-146/viewer?title_no=2677&episode_no=147
teenage-mercenary,Teenage Mercenary,148,episode-000148-episode-147,"Episode 147 Dec 26, 2023 like 61,811 #148",535,199,336,690,39,508,https://www.webtoons.com/en/action/teenage-mercenary/episode-147/viewer?title_no=2677&episode_no=148
teenage-mercenary,Teenage Mercenary,149,episode-000149-episode-148,"Episode 148 Jan 2, 2024 like 62,827 #149",525,189,336,690,39,498,https://www.webtoons.com/en/action/teenage-mercenary/episode-148/viewer?title_no=2677&episode_no=149
teenage-mercenary,Teenage Mercenary,150,episode-000150-episode-149,"Episode 149 Jan 9, 2024 like 63,866 #150",524,189,335,690,39,499,https://www.webtoons.com/en/action/teenage-mercenary/episode-149/viewer?title_no=2677&episode_no=150
teenage-mercenary,Teenage Mercenary,151,episode-000151-episode-150,"Episode 150 Jan 16, 2024 like 61,405 #151",523,187,336,690,39,496,https://www.webtoons.com/en/action/teenage-mercenary/episode-150/viewer?title_no=2677&episode_no=151
teenage-mercenary,Teenage Mercenary,152,episode-000152-episode-151,"Episode 151 Jan 23, 2024 like 60,112 #152",531,197,334,690,39,507,https://www.webtoons.com/en/action/teenage-mercenary/episode-151/viewer?title_no=2677&episode_no=152
teenage-mercenary,Teenage Mercenary,153,episode-000153-episode-152,"Episode 152 Jan 30, 2024 like 61,913 #153",521,189,332,690,39,497,https://www.webtoons.com/en/action/teenage-mercenary/episode-152/viewer?title_no=2677&episode_no=153
teenage-mercenary,Teenage Mercenary,154,episode-000154-episode-153,"Episode 153 Feb 6, 2024 like 59,493 #154",527,191,336,690,39,501,https://www.webtoons.com/en/action/teenage-mercenary/episode-153/viewer?title_no=2677&episode_no=154
teenage-mercenary,Teenage Mercenary,155,episode-000155-episode-154,"Episode 154 Feb 13, 2024 like 58,991 #155",533,195,338,690,39,506,https://www.webtoons.com/en/action/teenage-mercenary/episode-154/viewer?title_no=2677&episode_no=155
teenage-mercenary,Teenage Mercenary,156,episode-000156-episode-155,"Episode 155 Feb 20, 2024 like 58,669 #156",549,217,332,690,39,525,https://www.webtoons.com/en/action/teenage-mercenary/episode-155/viewer?title_no=2677&episode_no=156
teenage-mercenary,Teenage Mercenary,157,episode-000157-episode-156,"Episode 156 Feb 27, 2024 like 57,165 #157",527,191,336,690,39,501,https://www.webtoons.com/en/action/teenage-mercenary/episode-156/viewer?title_no=2677&episode_no=157
teenage-mercenary,Teenage Mercenary,158,episode-000158-episode-157,"Episode 157 Mar 5, 2024 like 60,085 #158",529,193,336,690,39,503,https://www.webtoons.com/en/action/teenage-mercenary/episode-157/viewer?title_no=2677&episode_no=158
teenage-mercenary,Teenage Mercenary,159,episode-000159-episode-158,"Episode 158 Mar 12, 2024 like 58,058 #159",528,193,335,690,39,503,https://www.webtoons.com/en/action/teenage-mercenary/episode-158/viewer?title_no=2677&episode_no=159
teenage-mercenary,Teenage Mercenary,160,episode-000160-episode-159,"Episode 159 Mar 19, 2024 like 58,816 #160",527,191,336,690,39,500,https://www.webtoons.com/en/action/teenage-mercenary/episode-159/viewer?title_no=2677&episode_no=160
teenage-mercenary,Teenage Mercenary,161,episode-000161-episode-160,"Episode 160 Mar 26, 2024 like 59,105 #161",528,191,337,690,39,502,https://www.webtoons.com/en/action/teenage-mercenary/episode-160/viewer?title_no=2677&episode_no=161
teenage-mercenary,Teenage Mercenary,162,episode-000162-episode-161,"Episode 161 Apr 2, 2024 like 59,873 #162",529,191,338,690,39,501,https://www.webtoons.com/en/action/teenage-mercenary/episode-161/viewer?title_no=2677&episode_no=162
teenage-mercenary,Teenage Mercenary,163,episode-000163-episode-162,"Episode 162 Apr 9, 2024 like 60,258 #163",527,189,338,690,39,500,https://www.webtoons.com/en/action/teenage-mercenary/episode-162/viewer?title_no=2677&episode_no=163
teenage-mercenary,Teenage Mercenary,164,episode-000164-episode-163,"Episode 163 Apr 16, 2024 like 65,568 #164",529,193,336,690,39,503,https://www.webtoons.com/en/action/teenage-mercenary/episode-163/viewer?title_no=2677&episode_no=164
teenage-mercenary,Teenage Mercenary,165,episode-000165-episode-164,"Episode 164 Apr 23, 2024 like 57,069 #165",531,195,336,690,39,504,https://www.webtoons.com/en/action/teenage-mercenary/episode-164/viewer?title_no=2677&episode_no=165
teenage-mercenary,Teenage Mercenary,166,episode-000166-episode-165,"Episode 165 Apr 30, 2024 like 56,787 #166",529,191,338,690,39,502,https://www.webtoons.com/en/action/teenage-mercenary/episode-165/viewer?title_no=2677&episode_no=166
teenage-mercenary,Teenage Mercenary,167,episode-000167-episode-166,"Episode 166 May 7, 2024 like 57,443 #167",532,197,335,690,39,507,https://www.webtoons.com/en/action/teenage-mercenary/episode-166/viewer?title_no=2677&episode_no=167
teenage-mercenary,Teenage Mercenary,168,episode-000168-episode-167,"Episode 167 May 14, 2024 like 56,854 #168",527,191,336,690,39,501,https://www.webtoons.com/en/action/teenage-mercenary/episode-167/viewer?title_no=2677&episode_no=168
teenage-mercenary,Teenage Mercenary,169,episode-000169-episode-168,"Episode 168 May 21, 2024 like 54,590 #169",532,199,333,690,39,508,https://www.webtoons.com/en/action/teenage-mercenary/episode-168/viewer?title_no=2677&episode_no=169
teenage-mercenary,Teenage Mercenary,170,episode-000170-episode-169,"Episode 169 May 28, 2024 like 53,388 #170",524,187,337,690,39,497,https://www.webtoons.com/en/action/teenage-mercenary/episode-169/viewer?title_no=2677&episode_no=170
teenage-mercenary,Teenage Mercenary,171,episode-000171-episode-170,"Episode 170 Jun 4, 2024 like 53,001 #171",530,193,337,690,39,503,https://www.webtoons.com/en/action/teenage-mercenary/episode-170/viewer?title_no=2677&episode_no=171
teenage-mercenary,Teenage Mercenary,172,episode-000172-episode-171,"Episode 171 Jun 11, 2024 like 53,993 #172",529,193,336,690,39,503,https://www.webtoons.com/en/action/teenage-mercenary/episode-171/viewer?title_no=2677&episode_no=172
teenage-mercenary,Teenage Mercenary,173,episode-000173-episode-172,"Episode 172 Jun 18, 2024 like 52,400 #173",533,197,336,690,39,506,https://www.webtoons.com/en/action/teenage-mercenary/episode-172/viewer?title_no=2677&episode_no=173
teenage-mercenary,Teenage Mercenary,174,episode-000174-episode-173,"Episode 173 Jun 25, 2024 like 56,662 #174",527,190,337,690,39,501,https://www.webtoons.com/en/action/teenage-mercenary/episode-173/viewer?title_no=2677&episode_no=174
teenage-mercenary,Teenage Mercenary,175,episode-000175-episode-174,"Episode 174 Jul 2, 2024 like 53,069 #175",522,189,333,690,39,497,https://www.webtoons.com/en/action/teenage-mercenary/episode-174/viewer?title_no=2677&episode_no=175
teenage-mercenary,Teenage Mercenary,176,episode-000176-episode-175,"Episode 175 Jul 9, 2024 like 52,237 #176",524,191,333,690,39,500,https://www.webtoons.com/en/action/teenage-mercenary/episode-175/viewer?title_no=2677&episode_no=176
teenage-mercenary,Teenage Mercenary,177,episode-000177-episode-176,"Episode 176 Jul 16, 2024 like 53,938 #177",523,185,338,690,39,496,https://www.webtoons.com/en/action/teenage-mercenary/episode-176/viewer?title_no=2677&episode_no=177
teenage-mercenary,Teenage Mercenary,178,episode-000178-episode-177,"Episode 177 Jul 23, 2024 like 56,259 #178",520,185,335,690,39,493,https://www.webtoons.com/en/action/teenage-mercenary/episode-177/viewer?title_no=2677&episode_no=178
teenage-mercenary,Teenage Mercenary,179,episode-000179-episode-178,"Episode 178 Jul 30, 2024 like 52,839 #179",529,191,338,690,39,501,https://www.webtoons.com/en/action/teenage-mercenary/episode-178/viewer?title_no=2677&episode_no=179
teenage-mercenary,Teenage Mercenary,180,episode-000180-episode-179,"Episode 179 Aug 6, 2024 like 52,126 #180",529,193,336,690,39,503,https://www.webtoons.com/en/action/teenage-mercenary/episode-179/viewer?title_no=2677&episode_no=180
teenage-mercenary,Teenage Mercenary,181,episode-000181-episode-180,"Episode 180 Aug 13, 2024 like 52,468 #181",526,189,337,690,39,499,https://www.webtoons.com/en/action/teenage-mercenary/episode-180/viewer?title_no=2677&episode_no=181
teenage-mercenary,Teenage Mercenary,182,episode-000182-episode-181,"Episode 181 Aug 20, 2024 like 52,724 #182",521,183,338,690,39,494,https://www.webtoons.com/en/action/teenage-mercenary/episode-181/viewer?title_no=2677&episode_no=182
teenage-mercenary,Teenage Mercenary,183,episode-000183-episode-182,"Episode 182 Aug 27, 2024 like 50,312 #183",525,189,336,690,39,499,https://www.webtoons.com/en/action/teenage-mercenary/episode-182/viewer?title_no=2677&episode_no=183
teenage-mercenary,Teenage Mercenary,184,episode-000184-episode-183,"Episode 183 Sep 3, 2024 like 49,332 #184",517,183,334,690,39,492,https://www.webtoons.com/en/action/teenage-mercenary/episode-183/viewer?title_no=2677&episode_no=184
teenage-mercenary,Teenage Mercenary,185,episode-000185-episode-184,"Episode 184 Sep 10, 2024 like 49,901 #185",515,179,336,690,39,489,https://www.webtoons.com/en/action/teenage-mercenary/episode-184/viewer?title_no=2677&episode_no=185
teenage-mercenary,Teenage Mercenary,186,episode-000186-episode-185,"Episode 185 Sep 17, 2024 like 50,680 #186",513,177,336,690,39,487,https://www.webtoons.com/en/action/teenage-mercenary/episode-185/viewer?title_no=2677&episode_no=186
teenage-mercenary,Teenage Mercenary,187,episode-000187-episode-186,"Episode 186 Sep 24, 2024 like 50,878 #187",522,187,335,690,39,496,https://www.webtoons.com/en/action/teenage-mercenary/episode-186/viewer?title_no=2677&episode_no=187
teenage-mercenary,Teenage Mercenary,188,episode-000188-episode-187,"Episode 187 Oct 1, 2024 like 48,539 #188",521,183,338,690,39,493,https://www.webtoons.com/en/action/teenage-mercenary/episode-187/viewer?title_no=2677&episode_no=188
teenage-mercenary,Teenage Mercenary,189,episode-000189-episode-188,"Episode 188 Oct 8, 2024 like 47,099 #189",513,179,334,690,39,487,https://www.webtoons.com/en/action/teenage-mercenary/episode-188/viewer?title_no=2677&episode_no=189
teenage-mercenary,Teenage Mercenary,190,episode-000190-episode-189,"Episode 189 Oct 15, 2024 like 45,769 #190",512,175,337,690,39,485,https://www.webtoons.com/en/action/teenage-mercenary/episode-189/viewer?title_no=2677&episode_no=190
teenage-mercenary,Teenage Mercenary,191,episode-000191-episode-190,"Episode 190 Oct 22, 2024 like 49,137 #191",528,191,337,690,39,500,https://www.webtoons.com/en/action/teenage-mercenary/episode-190/viewer?title_no=2677&episode_no=191
teenage-mercenary,Teenage Mercenary,192,episode-000192-episode-191,"Episode 191 Oct 29, 2024 like 47,427 #192",525,185,340,690,39,496,https://www.webtoons.com/en/action/teenage-mercenary/episode-191/viewer?title_no=2677&episode_no=192
teenage-mercenary,Teenage Mercenary,193,episode-000193-episode-192,"Episode 192 Nov 5, 2024 like 46,887 #193",511,173,338,690,39,484,https://www.webtoons.com/en/action/teenage-mercenary/episode-192/viewer?title_no=2677&episode_no=193
teenage-mercenary,Teenage Mercenary,194,episode-000194-episode-193,"Episode 193 Nov 12, 2024 like 48,128 #194",518,181,337,690,39,491,https://www.webtoons.com/en/action/teenage-mercenary/episode-193/viewer?title_no=2677&episode_no=194
teenage-mercenary,Teenage Mercenary,195,episode-000195-episode-194,"Episode 194 Nov 19, 2024 like 57,205 #195",533,197,336,690,39,506,https://www.webtoons.com/en/action/teenage-mercenary/episode-194/viewer?title_no=2677&episode_no=195
teenage-mercenary,Teenage Mercenary,196,episode-000196-episode-195,"Episode 195 Nov 26, 2024 like 50,429 #196",524,187,337,690,39,496,https://www.webtoons.com/en/action/teenage-mercenary/episode-195/viewer?title_no=2677&episode_no=196
teenage-mercenary,Teenage Mercenary,197,episode-000197-episode-196,"Episode 196 Dec 3, 2024 like 47,096 #197",514,177,337,690,39,487,https://www.webtoons.com/en/action/teenage-mercenary/episode-196/viewer?title_no=2677&episode_no=197
teenage-mercenary,Teenage Mercenary,198,episode-000198-episode-197,"Episode 197 Dec 10, 2024 like 46,150 #198",518,179,339,690,39,490,https://www.webtoons.com/en/action/teenage-mercenary/episode-197/viewer?title_no=2677&episode_no=198
teenage-mercenary,Teenage Mercenary,199,episode-000199-episode-198,"Episode 198 Dec 17, 2024 like 44,980 #199",520,183,337,690,39,493,https://www.webtoons.com/en/action/teenage-mercenary/episode-198/viewer?title_no=2677&episode_no=199
teenage-mercenary,Teenage Mercenary,200,episode-000200-episode-199,"Episode 199 Dec 24, 2024 like 44,855 #200",526,187,339,690,39,498,https://www.webtoons.com/en/action/teenage-mercenary/episode-199/viewer?title_no=2677&episode_no=200
teenage-mercenary,Teenage Mercenary,201,episode-000201-episode-200,"Episode 200 Dec 31, 2024 like 44,111 #201",531,193,338,690,39,503,https://www.webtoons.com/en/action/teenage-mercenary/episode-200/viewer?title_no=2677&episode_no=201
teenage-mercenary,Teenage Mercenary,202,episode-000202-episode-201,"Episode 201 Jan 7, 2025 like 43,042 #202",538,201,337,690,39,511,https://www.webtoons.com/en/action/teenage-mercenary/episode-201/viewer?title_no=2677&episode_no=202
teenage-mercenary,Teenage Mercenary,203,episode-000203-episode-202,"Episode 202 Jan 14, 2025 like 44,076 #203",529,191,338,690,39,501,https://www.webtoons.com/en/action/teenage-mercenary/episode-202/viewer?title_no=2677&episode_no=203
teenage-mercenary,Teenage Mercenary,204,episode-000204-episode-203,"Episode 203 Jan 21, 2025 like 43,694 #204",519,183,336,690,39,492,https://www.webtoons.com/en/action/teenage-mercenary/episode-203/viewer?title_no=2677&episode_no=204
teenage-mercenary,Teenage Mercenary,205,episode-000205-episode-204,"Episode 204 Jan 28, 2025 like 42,792 #205",519,185,334,690,39,493,https://www.webtoons.com/en/action/teenage-mercenary/episode-204/viewer?title_no=2677&episode_no=205
teenage-mercenary,Teenage Mercenary,206,episode-000206-episode-205,"Episode 205 Feb 4, 2025 like 42,719 #206",512,177,335,690,39,486,https://www.webtoons.com/en/action/teenage-mercenary/episode-205/viewer?title_no=2677&episode_no=206
teenage-mercenary,Teenage Mercenary,207,episode-000207-episode-206,"Episode 206 Feb 11, 2025 like 43,393 #207",511,179,332,690,39,487,https://www.webtoons.com/en/action/teenage-mercenary/episode-206/viewer?title_no=2677&episode_no=207
teenage-mercenary,Teenage Mercenary,208,episode-000208-episode-207,"Episode 207 Feb 18, 2025 like 42,740 #208",524,187,337,690,39,498,https://www.webtoons.com/en/action/teenage-mercenary/episode-207/viewer?title_no=2677&episode_no=208
teenage-mercenary,Teenage Mercenary,209,episode-000209-episode-208,"Episode 208 Feb 25, 2025 like 41,755 #209",544,207,337,690,39,517,https://www.webtoons.com/en/action/teenage-mercenary/episode-208/viewer?title_no=2677&episode_no=209
teenage-mercenary,Teenage Mercenary,210,episode-000210-episode-209,"Episode 209 Mar 4, 2025 like 42,215 #210",515,177,338,690,39,488,https://www.webtoons.com/en/action/teenage-mercenary/episode-209/viewer?title_no=2677&episode_no=210
teenage-mercenary,Teenage Mercenary,211,episode-000211-episode-210,"Episode 210 Mar 11, 2025 like 41,067 #211",515,179,336,690,39,488,https://www.webtoons.com/en/action/teenage-mercenary/episode-210/viewer?title_no=2677&episode_no=211
teenage-mercenary,Teenage Mercenary,212,episode-000212-episode-211,"Episode 211 Mar 18, 2025 like 40,125 #212",523,185,338,690,39,495,https://www.webtoons.com/en/action/teenage-mercenary/episode-211/viewer?title_no=2677&episode_no=212
teenage-mercenary,Teenage Mercenary,213,episode-000213-episode-212,"Episode 212 Mar 25, 2025 like 40,080 #213",529,193,336,690,39,503,https://www.webtoons.com/en/action/teenage-mercenary/episode-212/viewer?title_no=2677&episode_no=213
teenage-mercenary,Teenage Mercenary,214,episode-000214-episode-213,"Episode 213 Apr 1, 2025 like 40,006 #214",516,181,335,690,39,490,https://www.webtoons.com/en/action/teenage-mercenary/episode-213/viewer?title_no=2677&episode_no=214
teenage-mercenary,Teenage Mercenary,215,episode-000215-episode-214,"Episode 214 Apr 8, 2025 like 40,721 #215",530,193,337,690,39,502,https://www.webtoons.com/en/action/teenage-mercenary/episode-214/viewer?title_no=2677&episode_no=215
teenage-mercenary,Teenage Mercenary,216,episode-000216-episode-215,"Episode 215 Apr 15, 2025 like 38,658 #216",519,185,334,690,39,494,https://www.webtoons.com/en/action/teenage-mercenary/episode-215/viewer?title_no=2677&episode_no=216
teenage-mercenary,Teenage Mercenary,217,episode-000217-episode-216,"Episode 216 Apr 22, 2025 like 38,293 #217",506,169,337,690,39,480,https://www.webtoons.com/en/action/teenage-mercenary/episode-216/viewer?title_no=2677&episode_no=217
teenage-mercenary,Teenage Mercenary,218,episode-000218-episode-217,"Episode 217 Apr 29, 2025 like 36,844 #218",535,197,338,690,39,507,https://www.webtoons.com/en/action/teenage-mercenary/episode-217/viewer?title_no=2677&episode_no=218
teenage-mercenary,Teenage Mercenary,219,episode-000219-episode-218,"Episode 218 May 6, 2025 like 36,748 #219",530,195,335,690,39,504,https://www.webtoons.com/en/action/teenage-mercenary/episode-218/viewer?title_no=2677&episode_no=219
teenage-mercenary,Teenage Mercenary,220,episode-000220-episode-219,"Episode 219 May 13, 2025 like 36,977 #220",517,181,336,690,39,491,https://www.webtoons.com/en/action/teenage-mercenary/episode-219/viewer?title_no=2677&episode_no=220
teenage-mercenary,Teenage Mercenary,221,episode-000221-episode-220,"Episode 220 May 20, 2025 like 36,676 #221",513,175,338,690,39,485,https://www.webtoons.com/en/action/teenage-mercenary/episode-220/viewer?title_no=2677&episode_no=221
teenage-mercenary,Teenage Mercenary,222,episode-000222-episode-221,"Episode 221 May 27, 2025 like 35,511 #222",518,181,337,690,39,491,https://www.webtoons.com/en/action/teenage-mercenary/episode-221/viewer?title_no=2677&episode_no=222
teenage-mercenary,Teenage Mercenary,223,episode-000223-episode-222,"Episode 222 Jun 3, 2025 like 34,460 #223",514,179,335,690,39,489,https://www.webtoons.com/en/action/teenage-mercenary/episode-222/viewer?title_no=2677&episode_no=223
teenage-mercenary,Teenage Mercenary,224,episode-000224-episode-223,"Episode 223 Jun 10, 2025 like 33,758 #224",514,175,339,690,39,486,https://www.webtoons.com/en/action/teenage-mercenary/episode-223/viewer?title_no=2677&episode_no=224
teenage-mercenary,Teenage Mercenary,225,episode-000225-episode-224,"Episode 224 Jun 17, 2025 like 33,424 #225",521,185,336,690,39,494,https://www.webtoons.com/en/action/teenage-mercenary/episode-224/viewer?title_no=2677&episode_no=225
teenage-mercenary,Teenage Mercenary,226,episode-000226-episode-225,"Episode 225 Jun 24, 2025 like 33,500 #226",518,181,337,690,39,490,https://www.webtoons.com/en/action/teenage-mercenary/episode-225/viewer?title_no=2677&episode_no=226
teenage-mercenary,Teenage Mercenary,227,episode-000227-episode-226,"Episode 226 Jul 1, 2025 like 33,269 #227",530,191,339,690,39,502,https://www.webtoons.com/en/action/teenage-mercenary/episode-226/viewer?title_no=2677&episode_no=227
teenage-mercenary,Teenage Mercenary,228,episode-000228-episode-227,"Episode 227 Jul 8, 2025 like 33,952 #228",515,183,332,690,39,492,https://www.webtoons.com/en/action/teenage-mercenary/episode-227/viewer?title_no=2677&episode_no=228
teenage-mercenary,Teenage Mercenary,229,episode-000229-episode-228,"Episode 228 Jul 15, 2025 like 34,591 #229",522,185,337,690,39,495,https://www.webtoons.com/en/action/teenage-mercenary/episode-228/viewer?title_no=2677&episode_no=229
teenage-mercenary,Teenage Mercenary,230,episode-000230-episode-229,"Episode 229 Jul 22, 2025 like 34,756 #230",516,181,335,690,39,490,https://www.webtoons.com/en/action/teenage-mercenary/episode-229/viewer?title_no=2677&episode_no=230
teenage-mercenary,Teenage Mercenary,231,episode-000231-episode-230,"Episode 230 Jul 29, 2025 like 31,948 #231",524,187,337,690,39,497,https://www.webtoons.com/en/action/teenage-mercenary/episode-230/viewer?title_no=2677&episode_no=231
teenage-mercenary,Teenage Mercenary,232,episode-000232-episode-231,"Episode 231 Aug 5, 2025 like 32,000 #232",515,181,334,690,39,490,https://www.webtoons.com/en/action/teenage-mercenary/episode-231/viewer?title_no=2677&episode_no=232
teenage-mercenary,Teenage Mercenary,233,episode-000233-episode-232,"Episode 232 Aug 12, 2025 like 31,195 #233",520,183,337,690,39,492,https://www.webtoons.com/en/action/teenage-mercenary/episode-232/viewer?title_no=2677&episode_no=233
teenage-mercenary,Teenage Mercenary,234,episode-000234-episode-233,"Episode 233 Aug 19, 2025 like 31,618 #234",503,167,336,690,39,479,https://www.webtoons.com/en/action/teenage-mercenary/episode-233/viewer?title_no=2677&episode_no=234
teenage-mercenary,Teenage Mercenary,235,episode-000235-episode-234,"Episode 234 Aug 26, 2025 like 31,285 #235",518,181,337,690,39,491,https://www.webtoons.com/en/action/teenage-mercenary/episode-234/viewer?title_no=2677&episode_no=235
teenage-mercenary,Teenage Mercenary,236,episode-000236-episode-235,"Episode 235 Sep 2, 2025 like 31,622 #236",511,175,336,690,39,484,https://www.webtoons.com/en/action/teenage-mercenary/episode-235/viewer?title_no=2677&episode_no=236
teenage-mercenary,Teenage Mercenary,237,episode-000237-episode-236,"Episode 236 Sep 9, 2025 like 31,428 #237",509,179,330,690,39,488,https://www.webtoons.com/en/action/teenage-mercenary/episode-236/viewer?title_no=2677&episode_no=237
teenage-mercenary,Teenage Mercenary,238,episode-000238-episode-237,"Episode 237 Sep 16, 2025 like 30,084 #238",516,181,335,690,39,491,https://www.webtoons.com/en/action/teenage-mercenary/episode-237/viewer?title_no=2677&episode_no=238
teenage-mercenary,Teenage Mercenary,239,episode-000239-episode-238,"Episode 238 Sep 23, 2025 like 29,550 #239",515,177,338,690,39,488,https://www.webtoons.com/en/action/teenage-mercenary/episode-238/viewer?title_no=2677&episode_no=239
teenage-mercenary,Teenage Mercenary,240,episode-000240-episode-239,"Episode 239 Sep 30, 2025 like 28,351 #240",512,177,335,690,39,487,https://www.webtoons.com/en/action/teenage-mercenary/episode-239/viewer?title_no=2677&episode_no=240
teenage-mercenary,Teenage Mercenary,241,episode-000241-episode-240,"Episode 240 Oct 7, 2025 like 28,546 #241",509,177,332,690,39,486,https://www.webtoons.com/en/action/teenage-mercenary/episode-240/viewer?title_no=2677&episode_no=241
teenage-mercenary,Teenage Mercenary,242,episode-000242-episode-241,"Episode 241 Oct 14, 2025 like 29,904 #242",517,181,336,690,39,491,https://www.webtoons.com/en/action/teenage-mercenary/episode-241/viewer?title_no=2677&episode_no=242
teenage-mercenary,Teenage Mercenary,243,episode-000243-episode-242,"Episode 242 Oct 21, 2025 like 29,147 #243",515,181,334,690,39,490,https://www.webtoons.com/en/action/teenage-mercenary/episode-242/viewer?title_no=2677&episode_no=243
teenage-mercenary,Teenage Mercenary,244,episode-000244-episode-243,"Episode 243 Oct 28, 2025 like 29,344 #244",534,197,337,690,39,507,https://www.webtoons.com/en/action/teenage-mercenary/episode-243/viewer?title_no=2677&episode_no=244
teenage-mercenary,Teenage Mercenary,245,episode-000245-episode-244,"Episode 244 Nov 4, 2025 like 28,551 #245",531,197,334,690,39,506,https://www.webtoons.com/en/action/teenage-mercenary/episode-244/viewer?title_no=2677&episode_no=245
teenage-mercenary,Teenage Mercenary,246,episode-000246-episode-245,"Episode 245 Nov 11, 2025 like 27,980 #246",522,185,337,690,39,495,https://www.webtoons.com/en/action/teenage-mercenary/episode-245/viewer?title_no=2677&episode_no=246
teenage-mercenary,Teenage Mercenary,247,episode-000247-episode-246,"Episode 246 Nov 18, 2025 like 28,142 #247",516,177,339,690,39,487,https://www.webtoons.com/en/action/teenage-mercenary/episode-246/viewer?title_no=2677&episode_no=247
teenage-mercenary,Teenage Mercenary,248,episode-000248-episode-247,"Episode 247 Nov 25, 2025 like 26,331 #248",513,179,334,690,39,490,https://www.webtoons.com/en/action/teenage-mercenary/episode-247/viewer?title_no=2677&episode_no=248
teenage-mercenary,Teenage Mercenary,249,episode-000249-episode-248,"Episode 248 Dec 2, 2025 like 26,217 #249",509,175,334,690,39,483,https://www.webtoons.com/en/action/teenage-mercenary/episode-248/viewer?title_no=2677&episode_no=249
teenage-mercenary,Teenage Mercenary,250,episode-000250-episode-249,"Episode 249 Dec 9, 2025 like 26,268 #250",525,187,338,690,39,498,https://www.webtoons.com/en/action/teenage-mercenary/episode-249/viewer?title_no=2677&episode_no=250
teenage-mercenary,Teenage Mercenary,251,episode-000251-episode-250,"Episode 250 Dec 16, 2025 like 26,368 #251",528,191,337,690,39,501,https://www.webtoons.com/en/action/teenage-mercenary/episode-250/viewer?title_no=2677&episode_no=251
teenage-mercenary,Teenage Mercenary,252,episode-000252-episode-251,"Episode 251 Dec 23, 2025 like 25,941 #252",524,193,331,690,39,503,https://www.webtoons.com/en/action/teenage-mercenary/episode-251/viewer?title_no=2677&episode_no=252
teenage-mercenary,Teenage Mercenary,253,episode-000253-episode-252,"Episode 252 Dec 30, 2025 like 25,189 #253",519,187,332,690,39,496,https://www.webtoons.com/en/action/teenage-mercenary/episode-252/viewer?title_no=2677&episode_no=253
teenage-mercenary,Teenage Mercenary,254,episode-000254-episode-253,"Episode 253 Jan 6, 2026 like 25,766 #254",519,181,338,690,39,491,https://www.webtoons.com/en/action/teenage-mercenary/episode-253/viewer?title_no=2677&episode_no=254
teenage-mercenary,Teenage Mercenary,255,episode-000255-episode-254,"Episode 254 Jan 13, 2026 like 25,649 #255",533,201,332,690,39,510,https://www.webtoons.com/en/action/teenage-mercenary/episode-254/viewer?title_no=2677&episode_no=255
teenage-mercenary,Teenage Mercenary,256,episode-000256-episode-255,"Episode 255 Jan 27, 2026 like 24,830 #256",519,183,336,690,39,494,https://www.webtoons.com/en/action/teenage-mercenary/episode-255/viewer?title_no=2677&episode_no=256
teenage-mercenary,Teenage Mercenary,257,episode-000257-episode-256,"Episode 256 Feb 3, 2026 like 24,208 #257",512,179,333,690,39,489,https://www.webtoons.com/en/action/teenage-mercenary/episode-256/viewer?title_no=2677&episode_no=257
teenage-mercenary,Teenage Mercenary,258,episode-000258-episode-257,"Episode 257 Feb 10, 2026 like 22,471 #258",508,171,337,690,39,481,https://www.webtoons.com/en/action/teenage-mercenary/episode-257/viewer?title_no=2677&episode_no=258
teenage-mercenary,Teenage Mercenary,259,episode-000259-episode-258,"Episode 258 Feb 17, 2026 like 22,065 #259",533,197,336,690,39,507,https://www.webtoons.com/en/action/teenage-mercenary/episode-258/viewer?title_no=2677&episode_no=259
teenage-mercenary,Teenage Mercenary,260,episode-000260-episode-259,"Episode 259 Feb 24, 2026 like 21,679 #260",529,191,338,690,39,501,https://www.webtoons.com/en/action/teenage-mercenary/episode-259/viewer?title_no=2677&episode_no=260
teenage-mercenary,Teenage Mercenary,261,episode-000261-episode-260,"Episode 260 Mar 3, 2026 like 20,963 #261",513,177,336,690,39,486,https://www.webtoons.com/en/action/teenage-mercenary/episode-260/viewer?title_no=2677&episode_no=261
teenage-mercenary,Teenage Mercenary,262,episode-000262-episode-261,"Episode 261 Mar 10, 2026 like 21,010 #262",528,189,339,690,39,500,https://www.webtoons.com/en/action/teenage-mercenary/episode-261/viewer?title_no=2677&episode_no=262
teenage-mercenary,Teenage Mercenary,263,episode-000263-episode-262,"Episode 262 Mar 17, 2026 like 20,882 #263",522,187,335,690,39,496,https://www.webtoons.com/en/action/teenage-mercenary/episode-262/viewer?title_no=2677&episode_no=263
teenage-mercenary,Teenage Mercenary,264,episode-000264-episode-263,"Episode 263 Mar 24, 2026 like 20,737 #264",515,177,338,690,39,489,https://www.webtoons.com/en/action/teenage-mercenary/episode-263/viewer?title_no=2677&episode_no=264
teenage-mercenary,Teenage Mercenary,265,episode-000265-episode-264,"Episode 264 Mar 31, 2026 like 20,293 #265",528,193,335,690,39,502,https://www.webtoons.com/en/action/teenage-mercenary/episode-264/viewer?title_no=2677&episode_no=265
teenage-mercenary,Teenage Mercenary,266,episode-000266-episode-265,"Episode 265 Apr 7, 2026 like 19,229 #266",507,169,338,690,39,479,https://www.webtoons.com/en/action/teenage-mercenary/episode-265/viewer?title_no=2677&episode_no=266
teenage-mercenary,Teenage Mercenary,267,episode-000267-episode-266,"Episode 266 Apr 14, 2026 like 19,417 #267",528,193,335,690,39,502,https://www.webtoons.com/en/action/teenage-mercenary/episode-266/viewer?title_no=2677&episode_no=267
teenage-mercenary,Teenage Mercenary,268,episode-000268-episode-267,"Episode 267 Apr 21, 2026 like 18,914 #268",517,185,332,690,39,494,https://www.webtoons.com/en/action/teenage-mercenary/episode-267/viewer?title_no=2677&episode_no=268
teenage-mercenary,Teenage Mercenary,269,episode-000269-episode-268,"Episode 268 Apr 28, 2026 like 18,534 #269",513,179,334,690,39,488,https://www.webtoons.com/en/action/teenage-mercenary/episode-268/viewer?title_no=2677&episode_no=269
teenage-mercenary,Teenage Mercenary,270,episode-000270-episode-269,"Episode 269 May 5, 2026 like 17,264 #270",528,189,339,690,39,500,https://www.webtoons.com/en/action/teenage-mercenary/episode-269/viewer?title_no=2677&episode_no=270
teenage-mercenary,Teenage Mercenary,271,episode-000271-episode-270,"Episode 270 May 12, 2026 like 14,920 #271",530,193,337,690,39,503,https://www.webtoons.com/en/action/teenage-mercenary/episode-270/viewer?title_no=2677&episode_no=271
the-boxer,The Boxer,1,episode-000001-ep-1-the-genius,"Ep. 1 - The Genius May 27, 2020 like 177,254 #1",157,92,65,700,5,119,https://www.webtoons.com/en/sports/the-boxer/ep-1-the-genius/viewer?title_no=2027&episode_no=1
the-boxer,The Boxer,2,episode-000002-ep-2-the-omen,"Ep. 2 - The Omen May 27, 2020 like 154,809 #2",114,55,59,700,5,73,https://www.webtoons.com/en/sports/the-boxer/ep-2-the-omen/viewer?title_no=2027&episode_no=2
the-boxer,The Boxer,3,episode-000003-ep-3-the-build-up,"Ep. 3 - The Build-Up May 27, 2020 like 156,079 #3",102,45,57,700,9,63,https://www.webtoons.com/en/sports/the-boxer/ep-3-the-build-up/viewer?title_no=2027&episode_no=3
the-boxer,The Boxer,4,episode-000004-ep-4-the-night-before,"Ep. 4 - The Night Before Jun 3, 2020 like 153,746 #4",110,60,50,700,5,75,https://www.webtoons.com/en/sports/the-boxer/ep-4-the-night-before/viewer?title_no=2027&episode_no=4
the-boxer,The Boxer,5,episode-000005-ep-5-courage,"Ep. 5 - Courage Jun 10, 2020 like 150,080 #5",110,56,54,700,5,70,https://www.webtoons.com/en/sports/the-boxer/ep-5-courage/viewer?title_no=2027&episode_no=5
the-boxer,The Boxer,6,episode-000006-ep-6-the-bitter-struggle,"Ep. 6 - The Bitter Struggle Jun 17, 2020 like 147,836 #6",129,73,56,700,5,88,https://www.webtoons.com/en/sports/the-boxer/ep-6-the-bitter-struggle/viewer?title_no=2027&episode_no=6
the-boxer,The Boxer,7,episode-000007-ep-7-the-strong,"Ep. 7 - The Strong Jun 24, 2020 like 154,901 #7",121,60,61,700,7,79,https://www.webtoons.com/en/sports/the-boxer/ep-7-the-strong/viewer?title_no=2027&episode_no=7
the-breaker-eternal-force,The Breaker: Eternal Force,1,episode-000001-episode-1,First episode,479,232,247,800,191,450,https://www.webtoons.com/en/action/the-breaker-eternal-force/episode-1/viewer?title_no=4501&episode_no=1
the-breaker-eternal-force,The Breaker: Eternal Force,2,episode-000002-episode-2,"Episode 2 Jul 31, 2022 like 37,370 #2",404,156,248,800,191,374,https://www.webtoons.com/en/action/the-breaker-eternal-force/episode-2/viewer?title_no=4501&episode_no=2
the-breaker-eternal-force,The Breaker: Eternal Force,3,episode-000003-episode-3,"Episode 3 Jul 31, 2022 like 34,718 #3",412,165,247,800,191,384,https://www.webtoons.com/en/action/the-breaker-eternal-force/episode-3/viewer?title_no=4501&episode_no=3
the-breaker-eternal-force,The Breaker: Eternal Force,4,episode-000004-episode-4,"Episode 4 Aug 7, 2022 like 26,452 #4",396,149,247,800,191,367,https://www.webtoons.com/en/action/the-breaker-eternal-force/episode-4/viewer?title_no=4501&episode_no=4
the-breaker-eternal-force,The Breaker: Eternal Force,5,episode-000005-episode-5,"Episode 5 Aug 14, 2022 like 24,486 #5",473,208,265,800,192,444,https://www.webtoons.com/en/action/the-breaker-eternal-force/episode-5/viewer?title_no=4501&episode_no=5
the-breaker-eternal-force,The Breaker: Eternal Force,6,episode-000006-episode-6,"Episode 6 Aug 21, 2022 like 23,716 #6",463,194,269,800,193,434,https://www.webtoons.com/en/action/the-breaker-eternal-force/episode-6/viewer?title_no=4501&episode_no=6
the-breaker-eternal-force,The Breaker: Eternal Force,7,episode-000007-episode-7,"Episode 7 Aug 28, 2022 like 22,452 #7",463,213,250,800,191,437,https://www.webtoons.com/en/action/the-breaker-eternal-force/episode-7/viewer?title_no=4501&episode_no=7
the-breaker-eternal-force,The Breaker: Eternal Force,8,episode-000008-episode-8,"Episode 8 Sep 4, 2022 like 21,325 #8",456,198,258,800,191,427,https://www.webtoons.com/en/action/the-breaker-eternal-force/episode-8/viewer?title_no=4501&episode_no=8
the-breaker-eternal-force,The Breaker: Eternal Force,9,episode-000009-episode-9,"Episode 9 Sep 11, 2022 like 20,573 #9",409,163,246,800,191,381,https://www.webtoons.com/en/action/the-breaker-eternal-force/episode-9/viewer?title_no=4501&episode_no=9
the-breaker-eternal-force,The Breaker: Eternal Force,10,episode-000010-episode-10,"Episode 10 Sep 18, 2022 like 20,971 #10",413,168,245,800,191,386,https://www.webtoons.com/en/action/the-breaker-eternal-force/episode-10/viewer?title_no=4501&episode_no=10
the-breaker-eternal-force,The Breaker: Eternal Force,11,episode-000011-episode-11,"Episode 11 Sep 25, 2022 like 19,799 #11",376,130,246,800,191,348,https://www.webtoons.com/en/action/the-breaker-eternal-force/episode-11/viewer?title_no=4501&episode_no=11
the-breaker-eternal-force,The Breaker: Eternal Force,12,episode-000012-episode-12,"Episode 12 Oct 2, 2022 like 19,696 #12",378,131,247,800,191,349,https://www.webtoons.com/en/action/the-breaker-eternal-force/episode-12/viewer?title_no=4501&episode_no=12
the-breaker-eternal-force,The Breaker: Eternal Force,13,episode-000013-episode-13,"Episode 13 Oct 9, 2022 like 19,448 #13",385,141,244,800,191,357,https://www.webtoons.com/en/action/the-breaker-eternal-force/episode-13/viewer?title_no=4501&episode_no=13
the-breaker-eternal-force,The Breaker: Eternal Force,14,episode-000014-episode-14,"Episode 14 Oct 16, 2022 like 18,767 #14",378,132,246,800,191,350,https://www.webtoons.com/en/action/the-breaker-eternal-force/episode-14/viewer?title_no=4501&episode_no=14
the-breaker-eternal-force,The Breaker: Eternal Force,15,episode-000015-episode-15,"Episode 15 Oct 23, 2022 like 18,170 #15",364,119,245,800,191,336,https://www.webtoons.com/en/action/the-breaker-eternal-force/episode-15/viewer?title_no=4501&episode_no=15
the-breaker-eternal-force,The Breaker: Eternal Force,16,episode-000016-episode-16,"Episode 16 Oct 30, 2022 like 17,522 #16",372,124,248,800,191,342,https://www.webtoons.com/en/action/the-breaker-eternal-force/episode-16/viewer?title_no=4501&episode_no=16
the-breaker-eternal-force,The Breaker: Eternal Force,17,episode-000017-episode-17,"Episode 17 Nov 6, 2022 like 17,216 #17",352,105,247,800,191,323,https://www.webtoons.com/en/action/the-breaker-eternal-force/episode-17/viewer?title_no=4501&episode_no=17
the-breaker-eternal-force,The Breaker: Eternal Force,18,episode-000018-episode-18,"Episode 18 Nov 13, 2022 like 16,914 #18",367,119,248,800,191,337,https://www.webtoons.com/en/action/the-breaker-eternal-force/episode-18/viewer?title_no=4501&episode_no=18
the-breaker-eternal-force,The Breaker: Eternal Force,19,episode-000019-episode-19,"Episode 19 Nov 20, 2022 like 16,896 #19",387,141,246,800,191,358,https://www.webtoons.com/en/action/the-breaker-eternal-force/episode-19/viewer?title_no=4501&episode_no=19
the-breaker-eternal-force,The Breaker: Eternal Force,20,episode-000020-episode-20,"Episode 20 Nov 27, 2022 like 16,389 #20",381,137,244,800,191,354,https://www.webtoons.com/en/action/the-breaker-eternal-force/episode-20/viewer?title_no=4501&episode_no=20
the-breaker-eternal-force,The Breaker: Eternal Force,21,episode-000021-episode-21,"Episode 21 Dec 4, 2022 like 16,111 #21",386,143,243,800,191,359,https://www.webtoons.com/en/action/the-breaker-eternal-force/episode-21/viewer?title_no=4501&episode_no=21
the-breaker-eternal-force,The Breaker: Eternal Force,22,episode-000022-episode-22,"Episode 22 Dec 11, 2022 like 16,268 #22",385,140,245,800,191,358,https://www.webtoons.com/en/action/the-breaker-eternal-force/episode-22/viewer?title_no=4501&episode_no=22
the-breaker-eternal-force,The Breaker: Eternal Force,23,episode-000023-episode-23,"Episode 23 Dec 18, 2022 like 16,235 #23",388,141,247,800,191,360,https://www.webtoons.com/en/action/the-breaker-eternal-force/episode-23/viewer?title_no=4501&episode_no=23
the-breaker-eternal-force,The Breaker: Eternal Force,24,episode-000024-episode-24,"Episode 24 Dec 25, 2022 like 15,634 #24",381,134,247,800,191,352,https://www.webtoons.com/en/action/the-breaker-eternal-force/episode-24/viewer?title_no=4501&episode_no=24
the-breaker-eternal-force,The Breaker: Eternal Force,25,episode-000025-episode-25,"Episode 25 Jan 1, 2023 like 15,027 #25",367,122,245,800,191,338,https://www.webtoons.com/en/action/the-breaker-eternal-force/episode-25/viewer?title_no=4501&episode_no=25
the-breaker-eternal-force,The Breaker: Eternal Force,26,episode-000026-episode-26,"Episode 26 Jan 8, 2023 like 14,642 #26",351,105,246,800,191,324,https://www.webtoons.com/en/action/the-breaker-eternal-force/episode-26/viewer?title_no=4501&episode_no=26
the-breaker-eternal-force,The Breaker: Eternal Force,27,episode-000027-episode-27,"Episode 27 Jan 15, 2023 like 14,046 #27",358,109,249,800,191,328,https://www.webtoons.com/en/action/the-breaker-eternal-force/episode-27/viewer?title_no=4501&episode_no=27
the-breaker-eternal-force,The Breaker: Eternal Force,28,episode-000028-episode-28,"Episode 28 Jan 22, 2023 like 13,420 #28",345,97,248,800,191,317,https://www.webtoons.com/en/action/the-breaker-eternal-force/episode-28/viewer?title_no=4501&episode_no=28
the-breaker-eternal-force,The Breaker: Eternal Force,29,episode-000029-episode-29,"Episode 29 Jan 29, 2023 like 12,925 #29",382,138,244,800,191,355,https://www.webtoons.com/en/action/the-breaker-eternal-force/episode-29/viewer?title_no=4501&episode_no=29
the-breaker-eternal-force,The Breaker: Eternal Force,30,episode-000030-episode-30,"Episode 30 Feb 5, 2023 like 12,967 #30",379,131,248,800,191,349,https://www.webtoons.com/en/action/the-breaker-eternal-force/episode-30/viewer?title_no=4501&episode_no=30
the-breaker-eternal-force,The Breaker: Eternal Force,31,episode-000031-episode-31,"Episode 31 Feb 12, 2023 like 12,592 #31",367,121,246,800,191,338,https://www.webtoons.com/en/action/the-breaker-eternal-force/episode-31/viewer?title_no=4501&episode_no=31
the-breaker-eternal-force,The Breaker: Eternal Force,32,episode-000032-episode-32,"Episode 32 Feb 19, 2023 like 12,030 #32",370,123,247,800,191,342,https://www.webtoons.com/en/action/the-breaker-eternal-force/episode-32/viewer?title_no=4501&episode_no=32
the-breaker-eternal-force,The Breaker: Eternal Force,33,episode-000033-episode-33,"Episode 33 Feb 26, 2023 like 11,598 #33",355,108,247,800,191,326,https://www.webtoons.com/en/action/the-breaker-eternal-force/episode-33/viewer?title_no=4501&episode_no=33
the-breaker-eternal-force,The Breaker: Eternal Force,34,episode-000034-episode-34,"Episode 34 Mar 5, 2023 like 11,716 #34",369,126,243,800,191,342,https://www.webtoons.com/en/action/the-breaker-eternal-force/episode-34/viewer?title_no=4501&episode_no=34
the-breaker-eternal-force,The Breaker: Eternal Force,35,episode-000035-episode-35,"Episode 35 Mar 12, 2023 like 11,740 #35",361,115,246,800,191,332,https://www.webtoons.com/en/action/the-breaker-eternal-force/episode-35/viewer?title_no=4501&episode_no=35
the-breaker-eternal-force,The Breaker: Eternal Force,36,episode-000036-episode-36,"Episode 36 Mar 19, 2023 like 11,514 #36",371,126,245,800,191,344,https://www.webtoons.com/en/action/the-breaker-eternal-force/episode-36/viewer?title_no=4501&episode_no=36
the-breaker-eternal-force,The Breaker: Eternal Force,37,episode-000037-episode-37,"Episode 37 Mar 26, 2023 like 11,061 #37",375,130,245,800,191,347,https://www.webtoons.com/en/action/the-breaker-eternal-force/episode-37/viewer?title_no=4501&episode_no=37
the-breaker-eternal-force,The Breaker: Eternal Force,38,episode-000038-episode-38,"Episode 38 Apr 2, 2023 like 10,951 #38",331,86,245,800,208,303,https://www.webtoons.com/en/action/the-breaker-eternal-force/episode-38/viewer?title_no=4501&episode_no=38
the-breaker-eternal-force,The Breaker: Eternal Force,39,episode-000039-episode-39,"Episode 39 Apr 9, 2023 like 10,880 #39",371,121,250,800,191,340,https://www.webtoons.com/en/action/the-breaker-eternal-force/episode-39/viewer?title_no=4501&episode_no=39
the-breaker-eternal-force,The Breaker: Eternal Force,40,episode-000040-episode-40,"Episode 40 Apr 16, 2023 like 10,628 #40",325,86,239,800,200,295,https://www.webtoons.com/en/action/the-breaker-eternal-force/episode-40/viewer?title_no=4501&episode_no=40
the-breaker-eternal-force,The Breaker: Eternal Force,41,episode-000041-episode-41,"Episode 41 Apr 23, 2023 like 10,428 #41",336,85,251,800,215,309,https://www.webtoons.com/en/action/the-breaker-eternal-force/episode-41/viewer?title_no=4501&episode_no=41
the-breaker-eternal-force,The Breaker: Eternal Force,42,episode-000042-episode-42,"Episode 42 Apr 30, 2023 like 10,400 #42",342,85,257,800,218,312,https://www.webtoons.com/en/action/the-breaker-eternal-force/episode-42/viewer?title_no=4501&episode_no=42
the-breaker-eternal-force,The Breaker: Eternal Force,43,episode-000043-episode-43,"Episode 43 May 7, 2023 like 10,530 #43",346,98,248,800,191,317,https://www.webtoons.com/en/action/the-breaker-eternal-force/episode-43/viewer?title_no=4501&episode_no=43
the-breaker-eternal-force,The Breaker: Eternal Force,44,episode-000044-episode-44,"Episode 44 May 14, 2023 like 10,316 #44",324,86,238,800,201,296,https://www.webtoons.com/en/action/the-breaker-eternal-force/episode-44/viewer?title_no=4501&episode_no=44
the-breaker-eternal-force,The Breaker: Eternal Force,45,episode-000045-episode-45,"Episode 45 May 21, 2023 like 10,119 #45",344,99,245,800,191,316,https://www.webtoons.com/en/action/the-breaker-eternal-force/episode-45/viewer?title_no=4501&episode_no=45
the-breaker-eternal-force,The Breaker: Eternal Force,46,episode-000046-episode-46,"Episode 46 May 28, 2023 like 10,052 #46",324,85,239,800,202,296,https://www.webtoons.com/en/action/the-breaker-eternal-force/episode-46/viewer?title_no=4501&episode_no=46
the-breaker-eternal-force,The Breaker: Eternal Force,47,episode-000047-episode-47,"Episode 47 Jun 4, 2023 like 10,034 #47",336,86,250,800,214,309,https://www.webtoons.com/en/action/the-breaker-eternal-force/episode-47/viewer?title_no=4501&episode_no=47
the-breaker-eternal-force,The Breaker: Eternal Force,48,episode-000048-episode-48,"Episode 48 Jun 11, 2023 like 9,837 #48",306,80,226,800,189,278,https://www.webtoons.com/en/action/the-breaker-eternal-force/episode-48/viewer?title_no=4501&episode_no=48
the-breaker-eternal-force,The Breaker: Eternal Force,49,episode-000049-episode-49,"Episode 49 Jun 18, 2023 like 9,650 #49",347,100,247,800,191,318,https://www.webtoons.com/en/action/the-breaker-eternal-force/episode-49/viewer?title_no=4501&episode_no=49
the-breaker-eternal-force,The Breaker: Eternal Force,50,episode-000050-episode-50,"Episode 50 Jun 25, 2023 like 9,608 #50",343,97,246,800,191,315,https://www.webtoons.com/en/action/the-breaker-eternal-force/episode-50/viewer?title_no=4501&episode_no=50
the-breaker-eternal-force,The Breaker: Eternal Force,51,episode-000051-episode-51,"Episode 51 Jul 2, 2023 like 9,597 #51",340,85,255,800,217,311,https://www.webtoons.com/en/action/the-breaker-eternal-force/episode-51/viewer?title_no=4501&episode_no=51
the-breaker-eternal-force,The Breaker: Eternal Force,52,episode-000052-episode-52,"Episode 52 Jul 9, 2023 like 9,634 #52",354,107,247,800,191,325,https://www.webtoons.com/en/action/the-breaker-eternal-force/episode-52/viewer?title_no=4501&episode_no=52
the-breaker-eternal-force,The Breaker: Eternal Force,53,episode-000053-episode-53,"Episode 53 Jul 16, 2023 like 9,138 #53",340,86,254,800,216,311,https://www.webtoons.com/en/action/the-breaker-eternal-force/episode-53/viewer?title_no=4501&episode_no=53
the-breaker-eternal-force,The Breaker: Eternal Force,54,episode-000054-episode-54,"Episode 54 Jul 23, 2023 like 9,374 #54",323,87,236,800,198,294,https://www.webtoons.com/en/action/the-breaker-eternal-force/episode-54/viewer?title_no=4501&episode_no=54
the-breaker-eternal-force,The Breaker: Eternal Force,55,episode-000055-episode-55,"Episode 55 Jul 30, 2023 like 9,236 #55",351,107,244,800,191,323,https://www.webtoons.com/en/action/the-breaker-eternal-force/episode-55/viewer?title_no=4501&episode_no=55
the-breaker-eternal-force,The Breaker: Eternal Force,56,episode-000056-episode-56,"Episode 56 Aug 6, 2023 like 9,344 #56",345,102,243,800,191,320,https://www.webtoons.com/en/action/the-breaker-eternal-force/episode-56/viewer?title_no=4501&episode_no=56
the-breaker-eternal-force,The Breaker: Eternal Force,57,episode-000057-episode-57,"Episode 57 Aug 13, 2023 like 9,211 #57",361,113,248,800,191,331,https://www.webtoons.com/en/action/the-breaker-eternal-force/episode-57/viewer?title_no=4501&episode_no=57
the-breaker-eternal-force,The Breaker: Eternal Force,58,episode-000058-episode-58,"Episode 58 Aug 20, 2023 like 9,069 #58",344,97,247,800,191,316,https://www.webtoons.com/en/action/the-breaker-eternal-force/episode-58/viewer?title_no=4501&episode_no=58
the-breaker-eternal-force,The Breaker: Eternal Force,59,episode-000059-episode-59,"Episode 59 Aug 27, 2023 like 8,914 #59",359,114,245,800,191,331,https://www.webtoons.com/en/action/the-breaker-eternal-force/episode-59/viewer?title_no=4501&episode_no=59
the-breaker-eternal-force,The Breaker: Eternal Force,60,episode-000060-episode-60,"Episode 60 Sep 3, 2023 like 9,000 #60",346,101,245,800,191,319,https://www.webtoons.com/en/action/the-breaker-eternal-force/episode-60/viewer?title_no=4501&episode_no=60
the-breaker-eternal-force,The Breaker: Eternal Force,61,episode-000061-episode-61,"Episode 61 Sep 10, 2023 like 8,866 #61",371,127,244,800,191,344,https://www.webtoons.com/en/action/the-breaker-eternal-force/episode-61/viewer?title_no=4501&episode_no=61
the-breaker-eternal-force,The Breaker: Eternal Force,62,episode-000062-episode-62,"Episode 62 Sep 17, 2023 like 8,578 #62",357,110,247,800,191,328,https://www.webtoons.com/en/action/the-breaker-eternal-force/episode-62/viewer?title_no=4501&episode_no=62
the-breaker-eternal-force,The Breaker: Eternal Force,63,episode-000063-episode-63,"Episode 63 Sep 24, 2023 like 8,751 #63",356,107,249,800,191,326,https://www.webtoons.com/en/action/the-breaker-eternal-force/episode-63/viewer?title_no=4501&episode_no=63
the-breaker-eternal-force,The Breaker: Eternal Force,64,episode-000064-episode-64,"Episode 64 Oct 1, 2023 like 8,408 #64",331,85,246,800,207,301,https://www.webtoons.com/en/action/the-breaker-eternal-force/episode-64/viewer?title_no=4501&episode_no=64
the-breaker-eternal-force,The Breaker: Eternal Force,65,episode-000065-episode-65,"Episode 65 Oct 8, 2023 like 8,536 #65",371,125,246,800,191,343,https://www.webtoons.com/en/action/the-breaker-eternal-force/episode-65/viewer?title_no=4501&episode_no=65
the-breaker-eternal-force,The Breaker: Eternal Force,66,episode-000066-episode-66,"Episode 66 Oct 15, 2023 like 8,393 #66",342,95,247,800,191,313,https://www.webtoons.com/en/action/the-breaker-eternal-force/episode-66/viewer?title_no=4501&episode_no=66
the-breaker-eternal-force,The Breaker: Eternal Force,67,episode-000067-episode-67,"Episode 67 Oct 22, 2023 like 8,323 #67",347,99,248,800,191,318,https://www.webtoons.com/en/action/the-breaker-eternal-force/episode-67/viewer?title_no=4501&episode_no=67
the-breaker-eternal-force,The Breaker: Eternal Force,68,episode-000068-episode-68,"Episode 68 Oct 29, 2023 like 8,191 #68",335,85,250,800,212,306,https://www.webtoons.com/en/action/the-breaker-eternal-force/episode-68/viewer?title_no=4501&episode_no=68
the-breaker-eternal-force,The Breaker: Eternal Force,69,episode-000069-episode-69,"Episode 69 Nov 5, 2023 like 8,162 #69",362,114,248,800,191,333,https://www.webtoons.com/en/action/the-breaker-eternal-force/episode-69/viewer?title_no=4501&episode_no=69
the-breaker-eternal-force,The Breaker: Eternal Force,70,episode-000070-episode-70,"Episode 70 Nov 12, 2023 like 8,016 #70",356,110,246,800,191,328,https://www.webtoons.com/en/action/the-breaker-eternal-force/episode-70/viewer?title_no=4501&episode_no=70
the-breaker-eternal-force,The Breaker: Eternal Force,71,episode-000071-episode-71,"Episode 71 Nov 19, 2023 like 7,912 #71",356,110,246,800,191,328,https://www.webtoons.com/en/action/the-breaker-eternal-force/episode-71/viewer?title_no=4501&episode_no=71
the-breaker-eternal-force,The Breaker: Eternal Force,72,episode-000072-episode-72,"Episode 72 Nov 26, 2023 like 7,812 #72",345,100,245,800,191,317,https://www.webtoons.com/en/action/the-breaker-eternal-force/episode-72/viewer?title_no=4501&episode_no=72
the-breaker-eternal-force,The Breaker: Eternal Force,73,episode-000073-episode-73,"Episode 73 Dec 3, 2023 like 7,851 #73",325,85,240,800,203,297,https://www.webtoons.com/en/action/the-breaker-eternal-force/episode-73/viewer?title_no=4501&episode_no=73
the-breaker-eternal-force,The Breaker: Eternal Force,74,episode-000074-episode-74,"Episode 74 Dec 10, 2023 like 7,867 #74",368,122,246,800,191,341,https://www.webtoons.com/en/action/the-breaker-eternal-force/episode-74/viewer?title_no=4501&episode_no=74
the-breaker-eternal-force,The Breaker: Eternal Force,75,episode-000075-episode-75,"Episode 75 Dec 17, 2023 like 7,767 #75",360,115,245,800,191,333,https://www.webtoons.com/en/action/the-breaker-eternal-force/episode-75/viewer?title_no=4501&episode_no=75
the-breaker-eternal-force,The Breaker: Eternal Force,76,episode-000076-episode-76,"Episode 76 Dec 24, 2023 like 7,768 #76",371,125,246,800,191,343,https://www.webtoons.com/en/action/the-breaker-eternal-force/episode-76/viewer?title_no=4501&episode_no=76
the-breaker-eternal-force,The Breaker: Eternal Force,77,episode-000077-episode-77,"Episode 77 Dec 31, 2023 like 7,784 #77",385,139,246,800,191,358,https://www.webtoons.com/en/action/the-breaker-eternal-force/episode-77/viewer?title_no=4501&episode_no=77
the-breaker-eternal-force,The Breaker: Eternal Force,78,episode-000078-episode-78,"Episode 78 Jan 7, 2024 like 7,616 #78",337,86,251,800,213,308,https://www.webtoons.com/en/action/the-breaker-eternal-force/episode-78/viewer?title_no=4501&episode_no=78
the-breaker-eternal-force,The Breaker: Eternal Force,79,episode-000079-episode-79,"Episode 79 Jan 14, 2024 like 7,612 #79",377,129,248,800,191,348,https://www.webtoons.com/en/action/the-breaker-eternal-force/episode-79/viewer?title_no=4501&episode_no=79
the-breaker-eternal-force,The Breaker: Eternal Force,80,episode-000080-episode-80,"Episode 80 Jan 21, 2024 like 7,319 #80",339,95,244,800,191,312,https://www.webtoons.com/en/action/the-breaker-eternal-force/episode-80/viewer?title_no=4501&episode_no=80
the-breaker-eternal-force,The Breaker: Eternal Force,81,episode-000081-episode-81,"Episode 81 Jan 28, 2024 like 7,408 #81",348,101,247,800,191,318,https://www.webtoons.com/en/action/the-breaker-eternal-force/episode-81/viewer?title_no=4501&episode_no=81
the-breaker-eternal-force,The Breaker: Eternal Force,82,episode-000082-episode-82,"Episode 82 Feb 4, 2024 like 7,469 #82",362,114,248,800,191,333,https://www.webtoons.com/en/action/the-breaker-eternal-force/episode-82/viewer?title_no=4501&episode_no=82
the-breaker-eternal-force,The Breaker: Eternal Force,83,episode-000083-episode-83,"Episode 83 Feb 11, 2024 like 7,254 #83",351,102,249,800,191,321,https://www.webtoons.com/en/action/the-breaker-eternal-force/episode-83/viewer?title_no=4501&episode_no=83
the-breaker-eternal-force,The Breaker: Eternal Force,84,episode-000084-episode-84,"Episode 84 Feb 18, 2024 like 7,291 #84",367,119,248,800,191,338,https://www.webtoons.com/en/action/the-breaker-eternal-force/episode-84/viewer?title_no=4501&episode_no=84
the-breaker-eternal-force,The Breaker: Eternal Force,85,episode-000085-episode-85,"Episode 85 Feb 25, 2024 like 7,062 #85",342,96,246,800,191,313,https://www.webtoons.com/en/action/the-breaker-eternal-force/episode-85/viewer?title_no=4501&episode_no=85
the-breaker-eternal-force,The Breaker: Eternal Force,86,episode-000086-episode-86,"Episode 86 Mar 3, 2024 like 7,092 #86",372,125,247,800,191,343,https://www.webtoons.com/en/action/the-breaker-eternal-force/episode-86/viewer?title_no=4501&episode_no=86
the-breaker-eternal-force,The Breaker: Eternal Force,87,episode-000087-episode-87,"Episode 87 Mar 10, 2024 like 7,033 #87",360,117,243,800,191,332,https://www.webtoons.com/en/action/the-breaker-eternal-force/episode-87/viewer?title_no=4501&episode_no=87
the-breaker-eternal-force,The Breaker: Eternal Force,88,episode-000088-episode-88,"Episode 88 Mar 17, 2024 like 6,896 #88",383,140,243,800,191,357,https://www.webtoons.com/en/action/the-breaker-eternal-force/episode-88/viewer?title_no=4501&episode_no=88
the-breaker-eternal-force,The Breaker: Eternal Force,89,episode-000089-episode-89,"Episode 89 Mar 24, 2024 like 6,951 #89",365,120,245,800,191,338,https://www.webtoons.com/en/action/the-breaker-eternal-force/episode-89/viewer?title_no=4501&episode_no=89
the-breaker-eternal-force,The Breaker: Eternal Force,90,episode-000090-episode-90,"Episode 90 Mar 31, 2024 like 7,082 #90",355,110,245,800,191,327,https://www.webtoons.com/en/action/the-breaker-eternal-force/episode-90/viewer?title_no=4501&episode_no=90
the-breaker-eternal-force,The Breaker: Eternal Force,91,episode-000091-episode-91,"Episode 91 Apr 7, 2024 like 6,980 #91",345,102,243,800,191,318,https://www.webtoons.com/en/action/the-breaker-eternal-force/episode-91/viewer?title_no=4501&episode_no=91
the-breaker-eternal-force,The Breaker: Eternal Force,92,episode-000092-episode-92,"Episode 92 Apr 14, 2024 like 6,927 #92",351,106,245,800,191,324,https://www.webtoons.com/en/action/the-breaker-eternal-force/episode-92/viewer?title_no=4501&episode_no=92
the-breaker-eternal-force,The Breaker: Eternal Force,93,episode-000093-episode-93,"Episode 93 Apr 21, 2024 like 6,616 #93",350,103,247,800,191,321,https://www.webtoons.com/en/action/the-breaker-eternal-force/episode-93/viewer?title_no=4501&episode_no=93
the-breaker-eternal-force,The Breaker: Eternal Force,94,episode-000094-episode-94,"Episode 94 Apr 28, 2024 like 6,931 #94",352,104,248,800,191,322,https://www.webtoons.com/en/action/the-breaker-eternal-force/episode-94/viewer?title_no=4501&episode_no=94
the-breaker-eternal-force,The Breaker: Eternal Force,95,episode-000095-episode-95,"Episode 95 May 5, 2024 like 6,638 #95",337,85,252,800,213,307,https://www.webtoons.com/en/action/the-breaker-eternal-force/episode-95/viewer?title_no=4501&episode_no=95
the-breaker-eternal-force,The Breaker: Eternal Force,96,episode-000096-episode-96,"Episode 96 May 12, 2024 like 6,636 #96",368,120,248,800,191,338,https://www.webtoons.com/en/action/the-breaker-eternal-force/episode-96/viewer?title_no=4501&episode_no=96
the-breaker-eternal-force,The Breaker: Eternal Force,97,episode-000097-episode-97,"Episode 97 May 19, 2024 like 6,539 #97",342,96,246,800,191,314,https://www.webtoons.com/en/action/the-breaker-eternal-force/episode-97/viewer?title_no=4501&episode_no=97
the-breaker-eternal-force,The Breaker: Eternal Force,98,episode-000098-episode-98,"Episode 98 May 26, 2024 like 6,545 #98",339,87,252,800,215,311,https://www.webtoons.com/en/action/the-breaker-eternal-force/episode-98/viewer?title_no=4501&episode_no=98
the-breaker-eternal-force,The Breaker: Eternal Force,99,episode-000099-episode-99,"Episode 99 Jun 2, 2024 like 6,352 #99",344,97,247,800,191,314,https://www.webtoons.com/en/action/the-breaker-eternal-force/episode-99/viewer?title_no=4501&episode_no=99
the-breaker-eternal-force,The Breaker: Eternal Force,100,episode-000100-episode-100-season-1-finale,"Episode 100 (Season 1 Finale) Jun 9, 2024 like 7,530 #100",359,115,244,800,191,332,https://www.webtoons.com/en/action/the-breaker-eternal-force/episode-100-season-1-finale/viewer?title_no=4501&episode_no=100
the-gamer,The Gamer,1,episode-000001-ep-1,"Ep. 1 Jun 30, 2014 like 113,239 #1",80,37,43,690,1,42,https://www.webtoons.com/en/action/the-gamer/ep-1/viewer?title_no=88&episode_no=1
the-gamer,The Gamer,2,episode-000002-ep-2,"Ep. 2 Jun 30, 2014 like 88,230 #2",80,38,42,690,1,43,https://www.webtoons.com/en/action/the-gamer/ep-2/viewer?title_no=88&episode_no=2
the-gamer,The Gamer,3,episode-000003-ep-3,"Ep. 3 Jun 30, 2014 like 82,815 #3",86,43,43,690,1,48,https://www.webtoons.com/en/action/the-gamer/ep-3/viewer?title_no=88&episode_no=3
the-gamer,The Gamer,4,episode-000004-ep-4,"Ep. 4 Jun 30, 2014 like 79,812 #4",102,57,45,690,1,62,https://www.webtoons.com/en/action/the-gamer/ep-4/viewer?title_no=88&episode_no=4
the-gamer,The Gamer,5,episode-000005-ep-5,"Ep. 5 Jul 4, 2014 like 77,711 #5",95,52,43,690,1,57,https://www.webtoons.com/en/action/the-gamer/ep-5/viewer?title_no=88&episode_no=5
the-gamer,The Gamer,7,episode-000007-ep-6,"Ep. 6 Jul 11, 2014 like 74,403 #6",96,54,42,700,1,59,https://www.webtoons.com/en/action/the-gamer/ep-6/viewer?title_no=88&episode_no=7
the-gamer,The Gamer,8,episode-000008-ep-7,"Ep. 7 Jul 18, 2014 like 74,198 #7",103,59,44,700,1,64,https://www.webtoons.com/en/action/the-gamer/ep-7/viewer?title_no=88&episode_no=8
the-gamer,The Gamer,9,episode-000009-ep-8,"Ep. 8 Jul 25, 2014 like 72,633 #8",104,60,44,700,1,65,https://www.webtoons.com/en/action/the-gamer/ep-8/viewer?title_no=88&episode_no=9
the-gamer,The Gamer,10,episode-000010-ep-9,"Ep. 9 Aug 1, 2014 like 70,139 #9",95,57,38,700,1,62,https://www.webtoons.com/en/action/the-gamer/ep-9/viewer?title_no=88&episode_no=10
the-god-of-high-school,The God of High School,1,episode-000001-ep-1,First episode,134,64,70,700,1,70,https://www.webtoons.com/en/action/the-god-of-high-school/ep-1/viewer?title_no=66&episode_no=1
the-god-of-high-school,The God of High School,2,episode-000002-ep-2,"Ep. 2 Jun 30, 2014 like 120,011 #2",131,54,77,700,1,63,https://www.webtoons.com/en/action/the-god-of-high-school/ep-2/viewer?title_no=66&episode_no=2
the-god-of-high-school,The God of High School,3,episode-000003-ep-3,"Ep. 3 Jun 30, 2014 like 111,334 #3",114,41,73,700,1,48,https://www.webtoons.com/en/action/the-god-of-high-school/ep-3/viewer?title_no=66&episode_no=3
the-god-of-high-school,The God of High School,4,episode-000004-ep-4,"Ep. 4 Jun 30, 2014 like 108,253 #4",120,50,70,700,1,57,https://www.webtoons.com/en/action/the-god-of-high-school/ep-4/viewer?title_no=66&episode_no=4
the-god-of-high-school,The God of High School,5,episode-000005-ep-5,"Ep. 5 Jun 30, 2014 like 100,935 #5",106,34,72,700,1,39,https://www.webtoons.com/en/action/the-god-of-high-school/ep-5/viewer?title_no=66&episode_no=5
the-god-of-high-school,The God of High School,6,episode-000006-ep-6,"Ep. 6 Jun 30, 2014 like 100,008 #6",116,44,72,700,1,49,https://www.webtoons.com/en/action/the-god-of-high-school/ep-6/viewer?title_no=66&episode_no=6
the-god-of-high-school,The God of High School,7,episode-000007-ep-7,"Ep. 7 Jun 30, 2014 like 97,854 #7",113,39,74,700,1,49,https://www.webtoons.com/en/action/the-god-of-high-school/ep-7/viewer?title_no=66&episode_no=7
the-god-of-high-school,The God of High School,8,episode-000008-ep-8,"Ep. 8 Jun 30, 2014 like 97,630 #8",113,36,77,700,1,46,https://www.webtoons.com/en/action/the-god-of-high-school/ep-8/viewer?title_no=66&episode_no=8
the-god-of-high-school,The God of High School,9,episode-000009-ep-9,"Ep. 9 Jun 30, 2014 like 92,255 #9",116,39,77,700,1,51,https://www.webtoons.com/en/action/the-god-of-high-school/ep-9-/viewer?title_no=66&episode_no=9
the-god-of-high-school,The God of High School,10,episode-000010-ep-10,"Ep. 10 Jun 30, 2014 like 90,706 #10",106,36,70,700,1,42,https://www.webtoons.com/en/action/the-god-of-high-school/ep-10/viewer?title_no=66&episode_no=10
the-god-of-high-school,The God of High School,11,episode-000011-ep-11,"Ep. 11 Jun 30, 2014 like 94,311 #11",113,42,71,700,1,48,https://www.webtoons.com/en/action/the-god-of-high-school/ep-11/viewer?title_no=66&episode_no=11
the-god-of-high-school,The God of High School,12,episode-000012-ep-12,"Ep. 12 Jun 30, 2014 like 98,251 #12",112,44,68,700,1,49,https://www.webtoons.com/en/action/the-god-of-high-school/ep-12/viewer?title_no=66&episode_no=12
the-god-of-high-school,The God of High School,13,episode-000013-ep-13,"Ep. 13 Jun 30, 2014 like 89,625 #13",111,39,72,700,1,44,https://www.webtoons.com/en/action/the-god-of-high-school/ep-13/viewer?title_no=66&episode_no=13
the-god-of-high-school,The God of High School,14,episode-000014-ep-14,"Ep. 14 Jun 30, 2014 like 96,451 #14",110,39,71,700,1,44,https://www.webtoons.com/en/action/the-god-of-high-school/ep-14/viewer?title_no=66&episode_no=14
the-god-of-high-school,The God of High School,15,episode-000015-ep-15,"Ep. 15 Jun 30, 2014 like 86,919 #15",115,44,71,700,1,49,https://www.webtoons.com/en/action/the-god-of-high-school/ep-15/viewer?title_no=66&episode_no=15
the-god-of-high-school,The God of High School,16,episode-000016-ep-16,"Ep. 16 Jun 30, 2014 like 85,963 #16",110,34,76,700,1,43,https://www.webtoons.com/en/action/the-god-of-high-school/ep-16/viewer?title_no=66&episode_no=16
the-god-of-high-school,The God of High School,17,episode-000017-ep-17,"Ep. 17 Jun 30, 2014 like 85,611 #17",110,39,71,700,1,44,https://www.webtoons.com/en/action/the-god-of-high-school/ep-17/viewer?title_no=66&episode_no=17
the-god-of-high-school,The God of High School,18,episode-000018-ep-18,"Ep. 18 Jun 30, 2014 like 85,701 #18",103,34,69,700,1,39,https://www.webtoons.com/en/action/the-god-of-high-school/ep-18/viewer?title_no=66&episode_no=18
the-god-of-high-school,The God of High School,19,episode-000019-ep-19,"Ep. 19 Jun 30, 2014 like 89,605 #19",105,35,70,700,1,40,https://www.webtoons.com/en/action/the-god-of-high-school/ep-19/viewer?title_no=66&episode_no=19
the-god-of-high-school,The God of High School,20,episode-000020-ep-20,"Ep. 20 Jun 30, 2014 like 85,259 #20",108,35,73,700,1,41,https://www.webtoons.com/en/action/the-god-of-high-school/ep-20/viewer?title_no=66&episode_no=20
the-god-of-high-school,The God of High School,21,episode-000021-ep-21,"Ep. 21 Jun 30, 2014 like 89,270 #21",111,38,73,700,1,44,https://www.webtoons.com/en/action/the-god-of-high-school/ep-21/viewer?title_no=66&episode_no=21
the-god-of-high-school,The God of High School,22,episode-000022-ep-22,"Ep. 22 Jun 30, 2014 like 87,637 #22",124,54,70,700,1,59,https://www.webtoons.com/en/action/the-god-of-high-school/ep-22/viewer?title_no=66&episode_no=22
the-god-of-high-school,The God of High School,23,episode-000023-ep-23,"Ep. 23 Jun 30, 2014 like 85,619 #23",95,34,61,160,22,65,https://www.webtoons.com/en/action/the-god-of-high-school/ep-23/viewer?title_no=66&episode_no=23
the-god-of-high-school,The God of High School,24,episode-000024-ep-24,"Ep. 24 Jun 30, 2014 like 82,396 #24",89,35,54,220,49,89,https://www.webtoons.com/en/action/the-god-of-high-school/ep-24/viewer?title_no=66&episode_no=24
the-god-of-high-school,The God of High School,25,episode-000025-ep-25,"Ep. 25 Jun 30, 2014 like 81,566 #25",133,64,69,700,1,69,https://www.webtoons.com/en/action/the-god-of-high-school/ep-25/viewer?title_no=66&episode_no=25
the-god-of-high-school,The God of High School,26,episode-000026-ep-26,"Ep. 26 Jun 30, 2014 like 79,882 #26",118,35,83,220,78,118,https://www.webtoons.com/en/action/the-god-of-high-school/ep-26/viewer?title_no=66&episode_no=26
the-god-of-high-school,The God of High School,27,episode-000027-ep-27,"Ep. 27 Jun 30, 2014 like 84,441 #27",123,52,71,700,1,57,https://www.webtoons.com/en/action/the-god-of-high-school/ep-27/viewer?title_no=66&episode_no=27
the-god-of-high-school,The God of High School,28,episode-000028-ep-28,"Ep. 28 Jun 30, 2014 like 81,229 #28",115,42,73,700,1,48,https://www.webtoons.com/en/action/the-god-of-high-school/ep-28/viewer?title_no=66&episode_no=28
the-god-of-high-school,The God of High School,29,episode-000029-ep-29,"Ep. 29 Jun 30, 2014 like 79,912 #29",117,44,73,700,1,49,https://www.webtoons.com/en/action/the-god-of-high-school/ep-29/viewer?title_no=66&episode_no=29
the-god-of-high-school,The God of High School,30,episode-000030-ep-30,"Ep. 30 Jun 30, 2014 like 79,911 #30",127,51,76,700,1,63,https://www.webtoons.com/en/action/the-god-of-high-school/ep-30/viewer?title_no=66&episode_no=30
the-god-of-high-school,The God of High School,31,episode-000031-ep-31,"Ep. 31 Jun 30, 2014 like 77,842 #31",108,32,76,700,1,40,https://www.webtoons.com/en/action/the-god-of-high-school/ep-31/viewer?title_no=66&episode_no=31
the-god-of-high-school,The God of High School,32,episode-000032-ep-32,"Ep. 32 Jun 30, 2014 like 78,127 #32",106,35,71,220,66,106,https://www.webtoons.com/en/action/the-god-of-high-school/ep-32/viewer?title_no=66&episode_no=32
the-god-of-high-school,The God of High School,33,episode-000033-ep-33,"Ep. 33 Jun 30, 2014 like 79,718 #33",112,38,74,220,69,112,https://www.webtoons.com/en/action/the-god-of-high-school/ep-33/viewer?title_no=66&episode_no=33
the-god-of-high-school,The God of High School,34,episode-000034-ep-34,"Ep. 34 Jun 30, 2014 like 79,201 #34",106,36,70,220,66,106,https://www.webtoons.com/en/action/the-god-of-high-school/ep-34/viewer?title_no=66&episode_no=34
the-horizon,The Horizon,1,episode-000001-episode-1,"Episode 1 Aug 28, 2021 like 45,199 #1",186,125,61,800,1,153,https://www.webtoons.com/en/drama/the-horizon/episode-1/viewer?title_no=3141&episode_no=1
the-horizon,The Horizon,2,episode-000002-episode-2,"Episode 2 Aug 28, 2021 like 35,555 #2",109,56,53,800,1,72,https://www.webtoons.com/en/drama/the-horizon/episode-2/viewer?title_no=3141&episode_no=2
the-sound-of-magic-annarasumanara,The Sound of Magic: Annarasumanara,1,episode-000001-ep-0-prologue,"Ep. 0 - Prologue Jun 30, 2014 like 47,922 #1",54,33,21,220,17,54,https://www.webtoons.com/en/drama/the-sound-of-magic-annarasumanara/ep-0-prologue/viewer?title_no=77&episode_no=1
the-sound-of-magic-annarasumanara,The Sound of Magic: Annarasumanara,2,episode-000002-ep-1-chasing-the-money,"Ep. 1 - Chasing the Money Jun 30, 2014 like 49,415 #2",119,72,47,700,1,80,https://www.webtoons.com/en/drama/the-sound-of-magic-annarasumanara/ep-1-chasing-the-money/viewer?title_no=77&episode_no=2
the-sound-of-magic-annarasumanara,The Sound of Magic: Annarasumanara,3,episode-000003-ep-2-raindrop-stockings,"Ep. 2 - Raindrop Stockings Jun 30, 2014 like 44,090 #3",108,67,41,700,1,74,https://www.webtoons.com/en/drama/the-sound-of-magic-annarasumanara/ep-2-raindrop-stockings/viewer?title_no=77&episode_no=3
the-sound-of-magic-annarasumanara,The Sound of Magic: Annarasumanara,4,episode-000004-ep-3-features-of-a-toy,"Ep. 3 - Features of a Toy Jun 30, 2014 like 41,510 #4",110,65,45,700,1,72,https://www.webtoons.com/en/drama/the-sound-of-magic-annarasumanara/ep-3-features-of-a-toy/viewer?title_no=77&episode_no=4
the-sound-of-magic-annarasumanara,The Sound of Magic: Annarasumanara,5,episode-000005-ep-4-cursed-child,"Ep. 4 - Cursed Child Jul 4, 2014 like 42,837 #5",112,65,47,800,1,74,https://www.webtoons.com/en/drama/the-sound-of-magic-annarasumanara/ep-4-cursed-child/viewer?title_no=77&episode_no=5
the-sound-of-magic-annarasumanara,The Sound of Magic: Annarasumanara,6,episode-000006-ep-5-no-light,"Ep. 5 - No Light Jul 11, 2014 like 39,517 #6",97,55,42,800,1,62,https://www.webtoons.com/en/drama/the-sound-of-magic-annarasumanara/ep-5-no-light/viewer?title_no=77&episode_no=6
the-sound-of-magic-annarasumanara,The Sound of Magic: Annarasumanara,7,episode-000007-ep-6-like-how-the-snow-melts,"Ep. 6 - Like How the Snow Melts Jul 18, 2014 like 40,218 #7",105,61,44,700,1,69,https://www.webtoons.com/en/drama/the-sound-of-magic-annarasumanara/ep-6-like-how-the-snow-melts/viewer?title_no=77&episode_no=7
the-sound-of-magic-annarasumanara,The Sound of Magic: Annarasumanara,8,episode-000008-ep-7-need,"Ep. 7 - Need Jul 25, 2014 like 38,312 #8",99,51,48,700,1,61,https://www.webtoons.com/en/drama/the-sound-of-magic-annarasumanara/ep-7-need/viewer?title_no=77&episode_no=8
tomb-raider-king,Tomb Raider King,1,episode-000001-episode-1,"Episode 1 May 14, 2026 like 2,000 #1",138,86,52,900,1,96,https://www.webtoons.com/en/action/tomb-raider-king/episode-1/viewer?title_no=10204&episode_no=1
tomb-raider-king,Tomb Raider King,2,episode-000002-episode-2,"Episode 2 May 14, 2026 like 1,358 #2",125,77,48,900,1,87,https://www.webtoons.com/en/action/tomb-raider-king/episode-2/viewer?title_no=10204&episode_no=2
tomb-raider-king,Tomb Raider King,3,episode-000003-episode-3,"Episode 3 May 14, 2026 like 1,239 #3",124,74,50,900,1,84,https://www.webtoons.com/en/action/tomb-raider-king/episode-3/viewer?title_no=10204&episode_no=3
tomb-raider-king,Tomb Raider King,4,episode-000004-episode-4,"Episode 4 May 14, 2026 like 1,234 #4",128,80,48,900,1,90,https://www.webtoons.com/en/action/tomb-raider-king/episode-4/viewer?title_no=10204&episode_no=4
tomb-raider-king,Tomb Raider King,5,episode-000005-episode-5,"Episode 5 May 14, 2026 like 1,188 #5",134,86,48,900,1,96,https://www.webtoons.com/en/action/tomb-raider-king/episode-5/viewer?title_no=10204&episode_no=5
tomb-raider-king,Tomb Raider King,6,episode-000006-episode-6,"Episode 6 May 14, 2026 like 1,135 #6",133,83,50,900,1,93,https://www.webtoons.com/en/action/tomb-raider-king/episode-6/viewer?title_no=10204&episode_no=6
tomb-raider-king,Tomb Raider King,7,episode-000007-episode-7,"Episode 7 May 14, 2026 like 1,109 #7",139,89,50,900,1,99,https://www.webtoons.com/en/action/tomb-raider-king/episode-7/viewer?title_no=10204&episode_no=7
tomb-raider-king,Tomb Raider King,8,episode-000008-episode-8,"Episode 8 May 14, 2026 like 1,091 #8",141,89,52,900,1,99,https://www.webtoons.com/en/action/tomb-raider-king/episode-8/viewer?title_no=10204&episode_no=8
tomb-raider-king,Tomb Raider King,9,episode-000009-episode-9,"Episode 9 May 15, 2026 like 858 #9",151,107,44,900,1,117,https://www.webtoons.com/en/action/tomb-raider-king/episode-9/viewer?title_no=10204&episode_no=9
tomb-raider-king,Tomb Raider King,10,episode-000010-episode-10,"Episode 10 UP May 16, 2026 like 627 #10",150,101,49,900,1,111,https://www.webtoons.com/en/action/tomb-raider-king/episode-10/viewer?title_no=10204&episode_no=10
tower-of-god,Tower of God,1,episode-000001-season-1-ep-0,First episode,789,504,285,160,4,639,https://www.webtoons.com/en/fantasy/tower-of-god/season-1-ep-0/viewer?title_no=95&episode_no=1
tower-of-god,Tower of God,2,episode-000002-season-1-ep-1-1fheadons-floor,"[Season 1] Ep. 1 - 1F.Headon's Floor Jun 30, 2014 like 207,151 #2",837,465,372,160,48,641,https://www.webtoons.com/en/fantasy/tower-of-god/season-1-ep-1-1fheadons-floor/viewer?title_no=95&episode_no=2
tower-of-god,Tower of God,3,episode-000003-season-1-ep-2,"[Season 1] Ep. 2 Jun 30, 2014 like 174,516 #3",863,444,419,160,72,645,https://www.webtoons.com/en/fantasy/tower-of-god/season-1-ep-2/viewer?title_no=95&episode_no=3
tower-of-god,Tower of God,4,episode-000004-season-1-ep-3,"[Season 1] Ep. 3 Jun 30, 2014 like 159,780 #4",828,466,362,160,43,638,https://www.webtoons.com/en/fantasy/tower-of-god/season-1-ep-3/viewer?title_no=95&episode_no=4
tower-of-god,Tower of God,5,episode-000005-season-1-ep-4,"[Season 1] Ep. 4 Jun 30, 2014 like 153,705 #5",852,452,400,160,62,643,https://www.webtoons.com/en/fantasy/tower-of-god/season-1-ep-4/viewer?title_no=95&episode_no=5
tower-of-god,Tower of God,6,episode-000006-season-1-ep-5,"[Season 1] Ep. 5 Jun 30, 2014 like 144,371 #6",835,464,371,160,48,639,https://www.webtoons.com/en/fantasy/tower-of-god/season-1-ep-5/viewer?title_no=95&episode_no=6
tower-of-god,Tower of God,7,episode-000007-season-1-ep-6,"[Season 1] Ep. 6 Jun 30, 2014 like 141,549 #7",819,470,349,160,39,638,https://www.webtoons.com/en/fantasy/tower-of-god/season-1-ep-6/viewer?title_no=95&episode_no=7
tower-of-god,Tower of God,8,episode-000008-season-1-ep-7,"[Season 1] Ep. 7 Jun 30, 2014 like 139,016 #8",815,477,338,160,31,637,https://www.webtoons.com/en/fantasy/tower-of-god/season-1-ep-7/viewer?title_no=95&episode_no=8
tower-of-god,Tower of God,9,episode-000009-season-1-ep-8,"[Season 1] Ep. 8 Jun 30, 2014 like 137,707 #9",863,445,418,160,71,645,https://www.webtoons.com/en/fantasy/tower-of-god/season-1-ep-8/viewer?title_no=95&episode_no=9
tower-of-god,Tower of God,10,episode-000010-season-1-ep-9,"[Season 1] Ep. 9 Jun 30, 2014 like 143,542 #10",840,461,379,160,51,641,https://www.webtoons.com/en/fantasy/tower-of-god/season-1-ep-9/viewer?title_no=95&episode_no=10
tower-of-god,Tower of God,11,episode-000011-season-1-ep-10,"[Season 1] Ep. 10 Jun 30, 2014 like 133,332 #11",823,471,352,160,38,637,https://www.webtoons.com/en/fantasy/tower-of-god/season-1-ep-10/viewer?title_no=95&episode_no=11
tower-of-god,Tower of God,12,episode-000012-season-1-ep-11,"[Season 1] Ep. 11 Jun 30, 2014 like 130,722 #12",859,449,410,160,67,646,https://www.webtoons.com/en/fantasy/tower-of-god/season-1-ep-11/viewer?title_no=95&episode_no=12
tower-of-god,Tower of God,13,episode-000013-season-1-ep-12,"[Season 1] Ep. 12 Jun 30, 2014 like 129,135 #13",863,474,389,160,75,678,https://www.webtoons.com/en/fantasy/tower-of-god/season-1-ep-12/viewer?title_no=95&episode_no=13
tower-of-god,Tower of God,14,episode-000014-season-1-ep-13,"[Season 1] Ep. 13 Jun 30, 2014 like 128,983 #14",844,461,383,160,54,643,https://www.webtoons.com/en/fantasy/tower-of-god/season-1-ep-13/viewer?title_no=95&episode_no=14
tower-of-god,Tower of God,15,episode-000015-season-1-ep-14,"[Season 1] Ep. 14 Jun 30, 2014 like 123,787 #15",829,466,363,160,43,639,https://www.webtoons.com/en/fantasy/tower-of-god/season-1-ep-14/viewer?title_no=95&episode_no=15
tower-of-god,Tower of God,16,episode-000016-season-1-ep-15,"[Season 1] Ep. 15 Jun 30, 2014 like 120,800 #16",820,472,348,160,36,638,https://www.webtoons.com/en/fantasy/tower-of-god/season-1-ep-15/viewer?title_no=95&episode_no=16
tower-of-god,Tower of God,17,episode-000017-season-1-ep-16,"[Season 1] Ep. 16 Jun 30, 2014 like 120,874 #17",862,445,417,160,71,645,https://www.webtoons.com/en/fantasy/tower-of-god/season-1-ep-16/viewer?title_no=95&episode_no=17
tower-of-god,Tower of God,18,episode-000018-season-1-ep-17,"[Season 1] Ep. 17 Jun 30, 2014 like 118,990 #18",854,478,376,160,65,674,https://www.webtoons.com/en/fantasy/tower-of-god/season-1-ep-17/viewer?title_no=95&episode_no=18
tower-of-god,Tower of God,19,episode-000019-season-1-ep-18,"[Season 1] Ep. 18 Jun 30, 2014 like 118,471 #19",830,464,366,160,44,638,https://www.webtoons.com/en/fantasy/tower-of-god/season-1-ep-18/viewer?title_no=95&episode_no=19
tower-of-god,Tower of God,20,episode-000020-season-1-ep-19,"[Season 1] Ep. 19 Jun 30, 2014 like 120,301 #20",842,463,379,160,52,642,https://www.webtoons.com/en/fantasy/tower-of-god/season-1-ep-19/viewer?title_no=95&episode_no=20
tower-of-god,Tower of God,21,episode-000021-season-1-ep-20,"[Season 1] Ep. 20 Jun 30, 2014 like 117,625 #21",820,472,348,160,36,638,https://www.webtoons.com/en/fantasy/tower-of-god/season-1-ep-20/viewer?title_no=95&episode_no=21
tower-of-god,Tower of God,22,episode-000022-season-1-ep-21,"[Season 1] Ep. 21 Jun 30, 2014 like 118,774 #22",832,478,354,160,67,675,https://www.webtoons.com/en/fantasy/tower-of-god/season-1-ep-21/viewer?title_no=95&episode_no=22
tower-of-god,Tower of God,23,episode-000023-season-1-ep-22,"[Season 1] Ep. 22 Jun 30, 2014 like 120,006 #23",873,471,402,160,83,683,https://www.webtoons.com/en/fantasy/tower-of-god/season-1-ep-22/viewer?title_no=95&episode_no=23
tower-of-god,Tower of God,24,episode-000024-season-1-ep-23,"[Season 1] Ep. 23 Jun 30, 2014 like 119,458 #24",829,466,363,160,43,639,https://www.webtoons.com/en/fantasy/tower-of-god/season-1-ep-23/viewer?title_no=95&episode_no=24
tower-of-god,Tower of God,25,episode-000025-season-1-ep-24,"[Season 1] Ep. 24 Jun 30, 2014 like 117,599 #25",866,475,391,160,75,680,https://www.webtoons.com/en/fantasy/tower-of-god/season-1-ep-24/viewer?title_no=95&episode_no=25
tower-of-god,Tower of God,26,episode-000026-season-1-ep-25,"[Season 1] Ep. 25 Jun 30, 2014 like 116,729 #26",907,461,446,160,113,702,https://www.webtoons.com/en/fantasy/tower-of-god/season-1-ep-25/viewer?title_no=95&episode_no=26
tower-of-god,Tower of God,27,episode-000027-season-1-ep-26,"[Season 1] Ep. 26 Jun 30, 2014 like 116,946 #27",848,458,390,160,57,643,https://www.webtoons.com/en/fantasy/tower-of-god/season-1-ep-26/viewer?title_no=95&episode_no=27
tower-of-god,Tower of God,28,episode-000028-season-1-ep-27,"[Season 1] Ep. 27 Jun 30, 2014 like 118,343 #28",844,457,387,160,56,641,https://www.webtoons.com/en/fantasy/tower-of-god/season-1-ep-27/viewer?title_no=95&episode_no=28
tower-of-god,Tower of God,29,episode-000029-season-1-ep-28,"[Season 1] Ep. 28 Jun 30, 2014 like 118,235 #29",855,452,403,160,64,645,https://www.webtoons.com/en/fantasy/tower-of-god/season-1-ep-28/viewer?title_no=95&episode_no=29
tower-of-god,Tower of God,30,episode-000030-season-1-ep-29,"[Season 1] Ep. 29 Jun 30, 2014 like 115,264 #30",842,459,383,160,55,641,https://www.webtoons.com/en/fantasy/tower-of-god/season-1-ep-29/viewer?title_no=95&episode_no=30
tower-of-god,Tower of God,31,episode-000031-season-1-ep-30,"[Season 1] Ep. 30 Jun 30, 2014 like 118,157 #31",845,461,384,160,54,644,https://www.webtoons.com/en/fantasy/tower-of-god/season-1-ep-30/viewer?title_no=95&episode_no=31
tower-of-god,Tower of God,32,episode-000032-season-1-ep-31,"[Season 1] Ep. 31 Jun 30, 2014 like 112,333 #32",850,480,370,160,61,671,https://www.webtoons.com/en/fantasy/tower-of-god/season-1-ep-31/viewer?title_no=95&episode_no=32
tower-of-god,Tower of God,33,episode-000033-season-1-ep-32,"[Season 1] Ep. 32 Jun 30, 2014 like 112,490 #33",851,478,373,160,67,674,https://www.webtoons.com/en/fantasy/tower-of-god/season-1-ep-32/viewer?title_no=95&episode_no=33
tower-of-god,Tower of God,34,episode-000034-season-1-ep-33,"[Season 1] Ep. 33 Jun 30, 2014 like 113,004 #34",858,451,407,160,64,646,https://www.webtoons.com/en/fantasy/tower-of-god/season-1-ep-33/viewer?title_no=95&episode_no=34
tower-of-god,Tower of God,35,episode-000035-season-1-ep-34,"[Season 1] Ep. 34 Jun 30, 2014 like 113,613 #35",823,471,352,160,37,638,https://www.webtoons.com/en/fantasy/tower-of-god/season-1-ep-34/viewer?title_no=95&episode_no=35
tower-of-god,Tower of God,36,episode-000036-season-1-ep-35,"[Season 1] Ep. 35 Jun 30, 2014 like 108,684 #36",836,462,374,160,49,639,https://www.webtoons.com/en/fantasy/tower-of-god/season-1-ep-35/viewer?title_no=95&episode_no=36
tower-of-god,Tower of God,37,episode-000037-season-1-ep-36,"[Season 1] Ep. 36 Jun 30, 2014 like 109,957 #37",829,467,362,160,42,639,https://www.webtoons.com/en/fantasy/tower-of-god/season-1-ep-36/viewer?title_no=95&episode_no=37
tower-of-god,Tower of God,38,episode-000038-season-1-ep-37,"[Season 1] Ep. 37 Jun 30, 2014 like 107,834 #38",808,473,335,160,35,638,https://www.webtoons.com/en/fantasy/tower-of-god/season-1-ep-37/viewer?title_no=95&episode_no=38
tower-of-god,Tower of God,39,episode-000039-season-1-ep-38,"[Season 1] Ep. 38 Jun 30, 2014 like 106,456 #39",822,471,351,160,37,638,https://www.webtoons.com/en/fantasy/tower-of-god/season-1-ep-38/viewer?title_no=95&episode_no=39
tower-of-god,Tower of God,40,episode-000040-season-1-ep-39,"[Season 1] Ep. 39 Jun 30, 2014 like 109,847 #40",828,466,362,160,42,638,https://www.webtoons.com/en/fantasy/tower-of-god/season-1-ep-39/viewer?title_no=95&episode_no=40
tower-of-god,Tower of God,41,episode-000041-season-1-ep-40,"[Season 1] Ep. 40 Jun 30, 2014 like 110,514 #41",830,466,364,160,43,639,https://www.webtoons.com/en/fantasy/tower-of-god/season-1-ep-40/viewer?title_no=95&episode_no=41
tower-of-god,Tower of God,42,episode-000042-season-1-ep-41,"[Season 1] Ep. 41 Jun 30, 2014 like 110,817 #42",824,470,354,160,39,637,https://www.webtoons.com/en/fantasy/tower-of-god/season-1-ep-41/viewer?title_no=95&episode_no=42
tower-of-god,Tower of God,43,episode-000043-season-1-ep-42,"[Season 1] Ep. 42 Jun 30, 2014 like 109,171 #43",817,476,341,160,32,637,https://www.webtoons.com/en/fantasy/tower-of-god/season-1-ep-42/viewer?title_no=95&episode_no=43
tower-of-god,Tower of God,44,episode-000044-season-1-ep-43,"[Season 1] Ep. 43 Jun 30, 2014 like 105,417 #44",844,459,385,160,54,642,https://www.webtoons.com/en/fantasy/tower-of-god/season-1-ep-43/viewer?title_no=95&episode_no=44
tower-of-god,Tower of God,45,episode-000045-season-1-ep-44,"[Season 1] Ep. 44 Jun 30, 2014 like 106,447 #45",817,475,342,160,33,636,https://www.webtoons.com/en/fantasy/tower-of-god/season-1-ep-44/viewer?title_no=95&episode_no=45
tower-of-god,Tower of God,46,episode-000046-season-1-ep-45,"[Season 1] Ep. 45 Jun 30, 2014 like 106,083 #46",810,481,329,160,27,637,https://www.webtoons.com/en/fantasy/tower-of-god/season-1-ep-45/viewer?title_no=95&episode_no=46
tower-of-god,Tower of God,47,episode-000047-season-1-ep-46,"[Season 1] Ep. 46 Jun 30, 2014 like 104,571 #47",811,480,331,160,28,636,https://www.webtoons.com/en/fantasy/tower-of-god/season-1-ep-46/viewer?title_no=95&episode_no=47
tower-of-god,Tower of God,48,episode-000048-season-1-ep-47,"[Season 1] Ep. 47 Jun 30, 2014 like 108,305 #48",818,474,344,160,34,638,https://www.webtoons.com/en/fantasy/tower-of-god/season-1-ep-47/viewer?title_no=95&episode_no=48
tower-of-god,Tower of God,49,episode-000049-season-1-ep-48,"[Season 1] Ep. 48 Jun 30, 2014 like 110,839 #49",837,466,371,160,47,642,https://www.webtoons.com/en/fantasy/tower-of-god/season-1-ep-48/viewer?title_no=95&episode_no=49
tower-of-god,Tower of God,50,episode-000050-season-1-ep-49,"[Season 1] Ep. 49 Jun 30, 2014 like 107,429 #50",799,473,326,160,35,638,https://www.webtoons.com/en/fantasy/tower-of-god/season-1-ep-49/viewer?title_no=95&episode_no=50
tower-of-god,Tower of God,51,episode-000051-season-1-ep-50,"[Season 1] Ep. 50 Jun 30, 2014 like 106,106 #51",811,481,330,160,27,637,https://www.webtoons.com/en/fantasy/tower-of-god/season-1-ep-50/viewer?title_no=95&episode_no=51
tower-of-god,Tower of God,52,episode-000052-season-1-ep-51,"[Season 1] Ep. 51 Jun 30, 2014 like 108,845 #52",840,461,379,160,50,642,https://www.webtoons.com/en/fantasy/tower-of-god/season-1-ep-51/viewer?title_no=95&episode_no=52
tower-of-god,Tower of God,53,episode-000053-season-1-ep-52,"[Season 1] Ep. 52 Jun 30, 2014 like 111,800 #53",820,472,348,160,36,637,https://www.webtoons.com/en/fantasy/tower-of-god/season-1-ep-52/viewer?title_no=95&episode_no=53
tower-of-god,Tower of God,54,episode-000054-season-1-ep-53,"[Season 1] Ep. 53 Jun 30, 2014 like 110,721 #54",824,468,356,160,40,637,https://www.webtoons.com/en/fantasy/tower-of-god/season-1-ep-53/viewer?title_no=95&episode_no=54
tower-of-god,Tower of God,55,episode-000055-season-1-ep-54,"[Season 1] Ep. 54 Jun 30, 2014 like 105,880 #55",824,470,354,160,38,638,https://www.webtoons.com/en/fantasy/tower-of-god/season-1-ep-54/viewer?title_no=95&episode_no=55
tower-of-god,Tower of God,56,episode-000056-season-1-ep-55,"[Season 1] Ep. 55 Jun 30, 2014 like 109,902 #56",829,464,365,160,48,639,https://www.webtoons.com/en/fantasy/tower-of-god/season-1-ep-55/viewer?title_no=95&episode_no=56
tower-of-god,Tower of God,57,episode-000057-season-1-ep-56,"[Season 1] Ep. 56 Jun 30, 2014 like 103,965 #57",822,471,351,160,37,638,https://www.webtoons.com/en/fantasy/tower-of-god/season-1-ep-56/viewer?title_no=95&episode_no=57
tower-of-god,Tower of God,58,episode-000058-season-1-ep-57,"[Season 1] Ep. 57 Jun 30, 2014 like 104,346 #58",825,469,356,160,40,639,https://www.webtoons.com/en/fantasy/tower-of-god/season-1-ep-57/viewer?title_no=95&episode_no=58
tower-of-god,Tower of God,59,episode-000059-season-1-ep-58,"[Season 1] Ep. 58 Jun 30, 2014 like 111,480 #59",864,444,420,160,71,645,https://www.webtoons.com/en/fantasy/tower-of-god/season-1-ep-58/viewer?title_no=95&episode_no=59
tower-of-god,Tower of God,60,episode-000060-season-1-ep-59,"[Season 1] Ep. 59 Jun 30, 2014 like 104,288 #60",826,468,358,160,41,639,https://www.webtoons.com/en/fantasy/tower-of-god/season-1-ep-59/viewer?title_no=95&episode_no=60
tower-of-god,Tower of God,61,episode-000061-season-1-ep-60,"[Season 1] Ep. 60 Jun 30, 2014 like 102,504 #61",825,470,355,160,39,638,https://www.webtoons.com/en/fantasy/tower-of-god/season-1-ep-60/viewer?title_no=95&episode_no=61
tower-of-god,Tower of God,62,episode-000062-season-1-ep-61,"[Season 1] Ep. 61 Jun 30, 2014 like 102,694 #62",823,466,357,160,45,640,https://www.webtoons.com/en/fantasy/tower-of-god/season-1-ep-61/viewer?title_no=95&episode_no=62
tower-of-god,Tower of God,63,episode-000063-season-1-ep-62,"[Season 1] Ep. 62 Jun 30, 2014 like 99,651 #63",823,471,352,160,37,638,https://www.webtoons.com/en/fantasy/tower-of-god/season-1-ep-62/viewer?title_no=95&episode_no=63
tower-of-god,Tower of God,64,episode-000064-season-1-ep-63,"[Season 1] Ep. 63 Jun 30, 2014 like 99,825 #64",830,465,365,160,45,639,https://www.webtoons.com/en/fantasy/tower-of-god/season-1-ep-63/viewer?title_no=95&episode_no=64
tower-of-god,Tower of God,65,episode-000065-season-1-ep-64,"[Season 1] Ep. 64 Jun 30, 2014 like 99,910 #65",836,465,371,160,47,641,https://www.webtoons.com/en/fantasy/tower-of-god/season-1-ep-64/viewer?title_no=95&episode_no=65
tower-of-god,Tower of God,66,episode-000066-season-1-ep-65,"[Season 1] Ep. 65 Jun 30, 2014 like 98,629 #66",825,470,355,160,39,639,https://www.webtoons.com/en/fantasy/tower-of-god/season-1-ep-65/viewer?title_no=95&episode_no=66
tower-of-god,Tower of God,67,episode-000067-season-1-ep-66,"[Season 1] Ep. 66 Jun 30, 2014 like 98,772 #67",822,471,351,160,37,638,https://www.webtoons.com/en/fantasy/tower-of-god/season-1-ep-66/viewer?title_no=95&episode_no=67
tower-of-god,Tower of God,68,episode-000068-season-1-ep-67,"[Season 1] Ep. 67 Jun 30, 2014 like 98,948 #68",820,473,347,160,34,638,https://www.webtoons.com/en/fantasy/tower-of-god/season-1-ep-67/viewer?title_no=95&episode_no=68
tower-of-god,Tower of God,69,episode-000069-season-1-ep-68,"[Season 1] Ep. 68 Jun 30, 2014 like 104,080 #69",833,466,367,160,46,640,https://www.webtoons.com/en/fantasy/tower-of-god/season-1-ep-68/viewer?title_no=95&episode_no=69
tower-of-god,Tower of God,70,episode-000070-season-1-ep-69,"[Season 1] Ep. 69 Jun 30, 2014 like 101,742 #70",825,471,354,160,38,639,https://www.webtoons.com/en/fantasy/tower-of-god/season-1-ep-69/viewer?title_no=95&episode_no=70
tower-of-god,Tower of God,71,episode-000071-season-1-ep-70,"[Season 1] Ep. 70 Jun 30, 2014 like 103,430 #71",816,469,347,160,39,639,https://www.webtoons.com/en/fantasy/tower-of-god/season-1-ep-70/viewer?title_no=95&episode_no=71
tower-of-god,Tower of God,72,episode-000072-season-1-ep-71,"[Season 1] Ep. 71 Jun 30, 2014 like 101,760 #72",845,458,387,160,56,641,https://www.webtoons.com/en/fantasy/tower-of-god/season-1-ep-71/viewer?title_no=95&episode_no=72
tower-of-god,Tower of God,73,episode-000073-season-1-ep-72,"[Season 1] Ep. 72 Jun 30, 2014 like 102,364 #73",851,453,398,160,61,642,https://www.webtoons.com/en/fantasy/tower-of-god/season-1-ep-72/viewer?title_no=95&episode_no=73
tower-of-god,Tower of God,74,episode-000074-season-1-ep-73,"[Season 1] Ep. 73 Jun 30, 2014 like 101,139 #74",828,469,359,160,41,639,https://www.webtoons.com/en/fantasy/tower-of-god/season-1-ep-73/viewer?title_no=95&episode_no=74
tower-of-god,Tower of God,75,episode-000075-season-1-ep-74,"[Season 1] Ep. 74 Jun 30, 2014 like 108,642 #75",835,466,369,160,47,641,https://www.webtoons.com/en/fantasy/tower-of-god/season-1-ep-74/viewer?title_no=95&episode_no=75
tower-of-god,Tower of God,76,episode-000076-season-1-ep-75,"[Season 1] Ep. 75 Jun 30, 2014 like 105,836 #76",840,462,378,160,51,642,https://www.webtoons.com/en/fantasy/tower-of-god/season-1-ep-75/viewer?title_no=95&episode_no=76
tower-of-god,Tower of God,77,episode-000077-season-1-ep-76,"[Season 1] Ep. 76 Jun 30, 2014 like 104,451 #77",849,455,394,160,59,642,https://www.webtoons.com/en/fantasy/tower-of-god/season-1-ep-76/viewer?title_no=95&episode_no=77
tower-of-god,Tower of God,78,episode-000078-season-1-ep-77,"[Season 1] Ep. 77 Jun 30, 2014 like 106,936 #78",840,461,379,160,52,642,https://www.webtoons.com/en/fantasy/tower-of-god/season-1-ep-77/viewer?title_no=95&episode_no=78
tower-of-god,Tower of God,79,episode-000079-season-1-ep-78,"[Season 1] Ep. 78 Jun 30, 2014 like 114,675 #79",827,466,361,160,42,637,https://www.webtoons.com/en/fantasy/tower-of-god/season-1-ep-78/viewer?title_no=95&episode_no=79
tower-of-god,Tower of God,80,episode-000080-season-2-ep-0,"[Season 2] Ep. 0 Jun 30, 2014 like 118,277 #80",814,478,336,160,30,636,https://www.webtoons.com/en/fantasy/tower-of-god/season-2-ep-0/viewer?title_no=95&episode_no=80
tower-of-god,Tower of God,81,episode-000081-season-2-ep-1,"[Season 2] Ep. 1 Jun 30, 2014 like 114,406 #81",833,465,368,160,46,640,https://www.webtoons.com/en/fantasy/tower-of-god/season-2-ep-1/viewer?title_no=95&episode_no=81
tower-of-god,Tower of God,82,episode-000082-season-2-ep-2,"[Season 2] Ep. 2 Jun 30, 2014 like 112,979 #82",824,468,356,160,41,638,https://www.webtoons.com/en/fantasy/tower-of-god/season-2-ep-2/viewer?title_no=95&episode_no=82
tower-of-god,Tower of God,83,episode-000083-season-2-ep-3,"[Season 2] Ep. 3 Jun 30, 2014 like 112,373 #83",821,471,350,160,37,637,https://www.webtoons.com/en/fantasy/tower-of-god/season-2-ep-3/viewer?title_no=95&episode_no=83
tower-of-god,Tower of God,84,episode-000084-season-2-ep-4,"[Season 2] Ep. 4 Jun 30, 2014 like 111,644 #84",818,475,343,160,33,637,https://www.webtoons.com/en/fantasy/tower-of-god/season-2-ep-4/viewer?title_no=95&episode_no=84
tower-of-god,Tower of God,85,episode-000085-season-2-ep-5,"[Season 2] Ep. 5 Jun 30, 2014 like 112,339 #85",829,467,362,160,42,639,https://www.webtoons.com/en/fantasy/tower-of-god/season-2-ep-5/viewer?title_no=95&episode_no=85
tower-of-god,Tower of God,86,episode-000086-season-2-ep-6,"[Season 2] Ep. 6 Jun 30, 2014 like 110,491 #86",810,480,330,160,28,637,https://www.webtoons.com/en/fantasy/tower-of-god/season-2-ep-6/viewer?title_no=95&episode_no=86
tower-of-god,Tower of God,87,episode-000087-season-2-ep-7,"[Season 2] Ep. 7 Jun 30, 2014 like 113,927 #87",817,473,344,160,35,637,https://www.webtoons.com/en/fantasy/tower-of-god/season-2-ep-7/viewer?title_no=95&episode_no=87
tower-of-god,Tower of God,88,episode-000088-season-2-ep-8,"[Season 2] Ep. 8 Jun 30, 2014 like 112,880 #88",832,464,368,160,46,639,https://www.webtoons.com/en/fantasy/tower-of-god/season-2-ep-8/viewer?title_no=95&episode_no=88
tower-of-god,Tower of God,89,episode-000089-season-2-ep-9,"[Season 2] Ep. 9 Jun 30, 2014 like 112,267 #89",846,452,394,160,64,647,https://www.webtoons.com/en/fantasy/tower-of-god/season-2-ep-9/viewer?title_no=95&episode_no=89
tower-of-god,Tower of God,90,episode-000090-season-2-ep-10,"[Season 2] Ep. 10 Jun 30, 2014 like 111,243 #90",862,448,414,160,68,646,https://www.webtoons.com/en/fantasy/tower-of-god/season-2-ep-10/viewer?title_no=95&episode_no=90
tower-of-god,Tower of God,91,episode-000091-season-2-ep-11,"[Season 2] Ep. 11 Jun 30, 2014 like 109,859 #91",817,467,350,160,41,636,https://www.webtoons.com/en/fantasy/tower-of-god/season-2-ep-11/viewer?title_no=95&episode_no=91
tower-of-god,Tower of God,92,episode-000092-season-2-ep-12,"[Season 2] Ep. 12 Jun 30, 2014 like 106,400 #92",822,471,351,160,37,638,https://www.webtoons.com/en/fantasy/tower-of-god/season-2-ep-12/viewer?title_no=95&episode_no=92
tower-of-god,Tower of God,93,episode-000093-season-2-ep-13,"[Season 2] Ep. 13 Jun 30, 2014 like 107,406 #93",828,466,362,160,43,637,https://www.webtoons.com/en/fantasy/tower-of-god/season-2-ep-13/viewer?title_no=95&episode_no=93
tower-of-god,Tower of God,94,episode-000094-season-2-ep-14,"[Season 2] Ep. 14 Jun 30, 2014 like 108,179 #94",824,470,354,160,39,638,https://www.webtoons.com/en/fantasy/tower-of-god/season-2-ep-14/viewer?title_no=95&episode_no=94
tower-of-god,Tower of God,95,episode-000095-season-2-ep-15,"[Season 2] Ep. 15 Jun 30, 2014 like 107,559 #95",847,456,391,160,58,642,https://www.webtoons.com/en/fantasy/tower-of-god/season-2-ep-15/viewer?title_no=95&episode_no=95
tower-of-god,Tower of God,96,episode-000096-season-2-ep-16,"[Season 2] Ep. 16 Jun 30, 2014 like 107,715 #96",820,474,346,160,34,638,https://www.webtoons.com/en/fantasy/tower-of-god/season-2-ep-16/viewer?title_no=95&episode_no=96
tower-of-god,Tower of God,97,episode-000097-season-2-ep-17,"[Season 2] Ep. 17 Jun 30, 2014 like 107,136 #97",822,470,352,160,38,637,https://www.webtoons.com/en/fantasy/tower-of-god/season-2-ep-17/viewer?title_no=95&episode_no=97
tower-of-god,Tower of God,98,episode-000098-season-2-ep-18,"[Season 2] Ep. 18 Jun 30, 2014 like 108,745 #98",840,462,378,160,52,641,https://www.webtoons.com/en/fantasy/tower-of-god/season-2-ep-18/viewer?title_no=95&episode_no=98
tower-of-god,Tower of God,99,episode-000099-season-2-ep-19,"[Season 2] Ep. 19 Jun 30, 2014 like 109,953 #99",825,471,354,160,38,639,https://www.webtoons.com/en/fantasy/tower-of-god/season-2-ep-19/viewer?title_no=95&episode_no=99
tower-of-god,Tower of God,100,episode-000100-season-2-ep-20,"[Season 2] Ep. 20 Jun 30, 2014 like 113,662 #100",861,442,419,160,74,646,https://www.webtoons.com/en/fantasy/tower-of-god/season-2-ep-20/viewer?title_no=95&episode_no=100
tower-of-god,Tower of God,101,episode-000101-season-2-ep-21,"[Season 2] Ep. 21 Jun 30, 2014 like 110,819 #101",840,454,386,160,59,643,https://www.webtoons.com/en/fantasy/tower-of-god/season-2-ep-21/viewer?title_no=95&episode_no=101
tower-of-god,Tower of God,102,episode-000102-season-2-ep-22,"[Season 2] Ep. 22 Jun 30, 2014 like 111,133 #102",839,461,378,160,53,642,https://www.webtoons.com/en/fantasy/tower-of-god/season-2-ep-22/viewer?title_no=95&episode_no=102
tower-of-god,Tower of God,103,episode-000103-season-2-ep-23,"[Season 2] Ep. 23 Jun 30, 2014 like 108,206 #103",845,459,386,160,55,643,https://www.webtoons.com/en/fantasy/tower-of-god/season-2-ep-23/viewer?title_no=95&episode_no=103
tower-of-god,Tower of God,104,episode-000104-season-2-ep-24,"[Season 2] Ep. 24 Jun 30, 2014 like 113,451 #104",837,466,371,160,47,642,https://www.webtoons.com/en/fantasy/tower-of-god/season-2-ep-24/viewer?title_no=95&episode_no=104
tower-of-god,Tower of God,105,episode-000105-season-2-ep-25,"[Season 2] Ep. 25 Jun 30, 2014 like 115,885 #105",839,462,377,160,51,640,https://www.webtoons.com/en/fantasy/tower-of-god/season-2-ep-25/viewer?title_no=95&episode_no=105
tower-of-god,Tower of God,106,episode-000106-season-2-ep-26,"[Season 2] Ep. 26 Jun 30, 2014 like 111,010 #106",853,453,400,160,62,643,https://www.webtoons.com/en/fantasy/tower-of-god/season-2-ep-26/viewer?title_no=95&episode_no=106
tower-of-god,Tower of God,107,episode-000107-season-2-ep-27,"[Season 2] Ep. 27 Jun 30, 2014 like 112,809 #107",844,457,387,160,55,641,https://www.webtoons.com/en/fantasy/tower-of-god/season-2-ep-27/viewer?title_no=95&episode_no=107
tower-of-god,Tower of God,108,episode-000108-season-2-ep-28,"[Season 2] Ep. 28 Jun 30, 2014 like 111,253 #108",827,462,365,160,50,641,https://www.webtoons.com/en/fantasy/tower-of-god/season-2-ep-28/viewer?title_no=95&episode_no=108
tower-of-god,Tower of God,109,episode-000109-season-2-ep-29,"[Season 2] Ep. 29 Jun 30, 2014 like 106,135 #109",836,452,384,160,60,641,https://www.webtoons.com/en/fantasy/tower-of-god/season-2-ep-29/viewer?title_no=95&episode_no=109
tower-of-god,Tower of God,110,episode-000110-season-2-ep-30,"[Season 2] Ep. 30 Jun 30, 2014 like 105,715 #110",840,457,383,160,56,640,https://www.webtoons.com/en/fantasy/tower-of-god/season-2-ep-30/viewer?title_no=95&episode_no=110
tower-of-god,Tower of God,111,episode-000111-season-2-ep-31,"[Season 2] Ep. 31 Jun 30, 2014 like 110,795 #111",840,462,378,160,52,642,https://www.webtoons.com/en/fantasy/tower-of-god/season-2-ep-31/viewer?title_no=95&episode_no=111
tower-of-god,Tower of God,112,episode-000112-season-2-ep-32,"[Season 2] Ep. 32 Jun 30, 2014 like 108,254 #112",821,472,349,160,36,638,https://www.webtoons.com/en/fantasy/tower-of-god/season-2-ep-32/viewer?title_no=95&episode_no=112
tower-of-god,Tower of God,113,episode-000113-season-2-ep-33,"[Season 2] Ep. 33 Jun 30, 2014 like 112,654 #113",848,457,391,160,57,643,https://www.webtoons.com/en/fantasy/tower-of-god/season-2-ep-33/viewer?title_no=95&episode_no=113
tower-of-god,Tower of God,114,episode-000114-season-2-ep-34,"[Season 2] Ep. 34 Jun 30, 2014 like 106,323 #114",834,466,368,160,46,641,https://www.webtoons.com/en/fantasy/tower-of-god/season-2-ep-34/viewer?title_no=95&episode_no=114
tower-of-god,Tower of God,115,episode-000115-season-2-ep-35,"[Season 2] Ep. 35 Jun 30, 2014 like 109,059 #115",842,461,381,160,53,641,https://www.webtoons.com/en/fantasy/tower-of-god/season-2-ep-35/viewer?title_no=95&episode_no=115
tower-of-god,Tower of God,116,episode-000116-season-2-ep-36,"[Season 2] Ep. 36 Jun 30, 2014 like 111,373 #116",843,459,384,160,54,642,https://www.webtoons.com/en/fantasy/tower-of-god/season-2-ep-36/viewer?title_no=95&episode_no=116
tower-of-god,Tower of God,117,episode-000117-season-2-ep-37,"[Season 2] Ep. 37 Jun 30, 2014 like 106,579 #117",836,457,379,160,56,640,https://www.webtoons.com/en/fantasy/tower-of-god/season-2-ep-37/viewer?title_no=95&episode_no=117
tower-of-god,Tower of God,118,episode-000118-season-2-ep-38,"[Season 2] Ep. 38 Jun 30, 2014 like 102,675 #118",812,480,332,160,28,636,https://www.webtoons.com/en/fantasy/tower-of-god/season-2-ep-38/viewer?title_no=95&episode_no=118
tower-of-god,Tower of God,119,episode-000119-season-2-ep-39,"[Season 2] Ep. 39 Jun 30, 2014 like 106,473 #119",836,462,374,160,49,639,https://www.webtoons.com/en/fantasy/tower-of-god/season-2-ep-39/viewer?title_no=95&episode_no=119
tower-of-god,Tower of God,120,episode-000120-season-2-ep-40,"[Season 2] Ep. 40 Jun 30, 2014 like 107,013 #120",839,463,376,160,50,642,https://www.webtoons.com/en/fantasy/tower-of-god/season-2-ep-40/viewer?title_no=95&episode_no=120
tower-of-god,Tower of God,121,episode-000121-season-2-ep-41,"[Season 2] Ep. 41 Jun 30, 2014 like 102,491 #121",830,464,366,160,44,638,https://www.webtoons.com/en/fantasy/tower-of-god/season-2-ep-41/viewer?title_no=95&episode_no=121
tower-of-god,Tower of God,122,episode-000122-season-2-ep-42,"[Season 2] Ep. 42 Jun 30, 2014 like 103,236 #122",860,449,411,160,67,647,https://www.webtoons.com/en/fantasy/tower-of-god/season-2-ep-42/viewer?title_no=95&episode_no=122
tower-of-god,Tower of God,123,episode-000123-season-2-ep-43,"[Season 2] Ep. 43 Jun 30, 2014 like 104,467 #123",841,462,379,160,52,642,https://www.webtoons.com/en/fantasy/tower-of-god/season-2-ep-43/viewer?title_no=95&episode_no=123
tower-of-god,Tower of God,124,episode-000124-season-2-ep-44,"[Season 2] Ep. 44 Jun 30, 2014 like 100,614 #124",835,460,375,160,50,638,https://www.webtoons.com/en/fantasy/tower-of-god/season-2-ep-44/viewer?title_no=95&episode_no=124
tower-of-god,Tower of God,125,episode-000125-season-2-ep-45,"[Season 2] Ep. 45 Jun 30, 2014 like 102,608 #125",825,468,357,160,41,638,https://www.webtoons.com/en/fantasy/tower-of-god/season-2-ep-45/viewer?title_no=95&episode_no=125
tower-of-god,Tower of God,126,episode-000126-season-2-ep-46,"[Season 2] Ep. 46 Jun 30, 2014 like 101,998 #126",834,465,369,160,46,641,https://www.webtoons.com/en/fantasy/tower-of-god/season-2-ep-46/viewer?title_no=95&episode_no=126
tower-of-god,Tower of God,127,episode-000127-season-2-ep-47,"[Season 2] Ep. 47 Jun 30, 2014 like 101,694 #127",830,458,372,160,54,642,https://www.webtoons.com/en/fantasy/tower-of-god/season-2-ep-47/viewer?title_no=95&episode_no=127
tower-of-god,Tower of God,128,episode-000128-season-2-ep-48,"[Season 2] Ep. 48 Jun 30, 2014 like 101,688 #128",839,463,376,160,50,643,https://www.webtoons.com/en/fantasy/tower-of-god/season-2-ep-48/viewer?title_no=95&episode_no=128
tower-of-god,Tower of God,129,episode-000129-season-2-ep-49,"[Season 2] Ep. 49 Jun 30, 2014 like 107,216 #129",837,464,373,160,48,641,https://www.webtoons.com/en/fantasy/tower-of-god/season-2-ep-49/viewer?title_no=95&episode_no=129
tower-of-god,Tower of God,130,episode-000130-season-2-ep-50,"[Season 2] Ep. 50 Jun 30, 2014 like 108,396 #130",834,463,371,160,47,639,https://www.webtoons.com/en/fantasy/tower-of-god/season-2-ep-50/viewer?title_no=95&episode_no=130
tower-of-god,Tower of God,131,episode-000131-season-2-ep-51,"[Season 2] Ep. 51 Jun 30, 2014 like 107,019 #131",820,463,357,160,47,640,https://www.webtoons.com/en/fantasy/tower-of-god/season-2-ep-51/viewer?title_no=95&episode_no=131
tower-of-god,Tower of God,132,episode-000132-season-2-ep-52,"[Season 2] Ep. 52 Jun 30, 2014 like 104,809 #132",824,466,358,160,42,635,https://www.webtoons.com/en/fantasy/tower-of-god/season-2-ep-52/viewer?title_no=95&episode_no=132
tower-of-god,Tower of God,133,episode-000133-season-2-ep-53,"[Season 2] Ep. 53 Jun 30, 2014 like 109,309 #133",850,454,396,160,60,642,https://www.webtoons.com/en/fantasy/tower-of-god/season-2-ep-53/viewer?title_no=95&episode_no=133
tower-of-god,Tower of God,134,episode-000134-season-2-ep-54,"[Season 2] Ep. 54 Jun 30, 2014 like 105,361 #134",835,466,369,160,46,642,https://www.webtoons.com/en/fantasy/tower-of-god/season-2-ep-54/viewer?title_no=95&episode_no=134
tower-of-god,Tower of God,135,episode-000135-season-2-ep-55,"[Season 2] Ep. 55 Jun 30, 2014 like 105,159 #135",856,452,404,160,64,646,https://www.webtoons.com/en/fantasy/tower-of-god/season-2-ep-55/viewer?title_no=95&episode_no=135
tower-of-god,Tower of God,136,episode-000136-season-2-ep-56,"[Season 2] Ep. 56 Jun 30, 2014 like 102,231 #136",836,463,373,160,49,641,https://www.webtoons.com/en/fantasy/tower-of-god/season-2-ep-56/viewer?title_no=95&episode_no=136
tower-of-god,Tower of God,137,episode-000137-season-2-ep-57,"[Season 2] Ep. 57 Jun 30, 2014 like 101,969 #137",839,462,377,160,51,642,https://www.webtoons.com/en/fantasy/tower-of-god/season-2-ep-57/viewer?title_no=95&episode_no=137
tower-of-god,Tower of God,138,episode-000138-season-2-ep-58,"[Season 2] Ep. 58 Jun 30, 2014 like 102,030 #138",847,459,388,160,56,644,https://www.webtoons.com/en/fantasy/tower-of-god/season-2-ep-58/viewer?title_no=95&episode_no=138
tower-of-god,Tower of God,139,episode-000139-season-2-ep-59,"[Season 2] Ep. 59 Jun 30, 2014 like 101,426 #139",823,465,358,160,45,639,https://www.webtoons.com/en/fantasy/tower-of-god/season-2-ep-59/viewer?title_no=95&episode_no=139
tower-of-god,Tower of God,140,episode-000140-season-2-ep-60,"[Season 2] Ep. 60 Jun 30, 2014 like 102,431 #140",849,457,392,160,58,643,https://www.webtoons.com/en/fantasy/tower-of-god/season-2-ep-60/viewer?title_no=95&episode_no=140
tower-of-god,Tower of God,141,episode-000141-season-2-ep-61,"[Season 2] Ep. 61 Jun 30, 2014 like 100,626 #141",829,466,363,160,43,639,https://www.webtoons.com/en/fantasy/tower-of-god/season-2-ep-61/viewer?title_no=95&episode_no=141
tower-of-god,Tower of God,142,episode-000142-season-2-ep-62,"[Season 2] Ep. 62 Jun 30, 2014 like 99,892 #142",827,469,358,160,40,639,https://www.webtoons.com/en/fantasy/tower-of-god/season-2-ep-62/viewer?title_no=95&episode_no=142
tower-of-god,Tower of God,143,episode-000143-season-2-ep-63,"[Season 2] Ep. 63 Jun 30, 2014 like 101,253 #143",820,467,353,160,42,639,https://www.webtoons.com/en/fantasy/tower-of-god/season-2-ep-63/viewer?title_no=95&episode_no=143
tower-of-god,Tower of God,144,episode-000144-season-2-ep-64,"[Season 2] Ep. 64 Jun 30, 2014 like 102,172 #144",833,465,368,160,47,640,https://www.webtoons.com/en/fantasy/tower-of-god/season-2-ep-64/viewer?title_no=95&episode_no=144
tower-of-god,Tower of God,145,episode-000145-season-2-ep-65,"[Season 2] Ep. 65 Jun 30, 2014 like 106,884 #145",863,447,416,160,70,647,https://www.webtoons.com/en/fantasy/tower-of-god/season-2-ep-65/viewer?title_no=95&episode_no=145
tower-of-god,Tower of God,146,episode-000146-season-2-ep-66,"[Season 2] Ep. 66 Jun 30, 2014 like 106,368 #146",829,465,364,160,43,638,https://www.webtoons.com/en/fantasy/tower-of-god/season-2-ep-66/viewer?title_no=95&episode_no=146
tower-of-god,Tower of God,147,episode-000147-season-2-ep-67,"[Season 2] Ep. 67 Jun 30, 2014 like 107,759 #147",832,466,366,160,46,639,https://www.webtoons.com/en/fantasy/tower-of-god/season-2-ep-67/viewer?title_no=95&episode_no=147
tower-of-god,Tower of God,148,episode-000148-season-2-ep-68,"[Season 2] Ep. 68 Jun 30, 2014 like 99,557 #148",829,466,363,160,43,639,https://www.webtoons.com/en/fantasy/tower-of-god/season-2-ep-68/viewer?title_no=95&episode_no=148
tower-of-god,Tower of God,149,episode-000149-season-2-ep-69,"[Season 2] Ep. 69 Jun 30, 2014 like 100,695 #149",822,469,353,160,39,636,https://www.webtoons.com/en/fantasy/tower-of-god/season-2-ep-69/viewer?title_no=95&episode_no=149
tower-of-god,Tower of God,150,episode-000150-season-2-ep-70,"[Season 2] Ep. 70 Jun 30, 2014 like 100,352 #150",833,461,372,160,50,637,https://www.webtoons.com/en/fantasy/tower-of-god/season-2-ep-70/viewer?title_no=95&episode_no=150
tower-of-god,Tower of God,151,episode-000151-season-2-ep-71,"[Season 2] Ep. 71 Jun 30, 2014 like 99,912 #151",831,465,366,160,45,639,https://www.webtoons.com/en/fantasy/tower-of-god/season-2-ep-71/viewer?title_no=95&episode_no=151
tower-of-god,Tower of God,152,episode-000152-season-2-ep-72,"[Season 2] Ep. 72 Jun 30, 2014 like 106,525 #152",835,463,372,160,48,640,https://www.webtoons.com/en/fantasy/tower-of-god/season-2-ep-72/viewer?title_no=95&episode_no=152
tower-of-god,Tower of God,153,episode-000153-season-2-ep-73,"[Season 2] Ep. 73 Jun 30, 2014 like 100,177 #153",823,469,354,160,40,638,https://www.webtoons.com/en/fantasy/tower-of-god/season-2-ep-73/viewer?title_no=95&episode_no=153
tower-of-god,Tower of God,154,episode-000154-season-2-ep-74,"[Season 2] Ep. 74 Jun 30, 2014 like 99,741 #154",825,461,364,160,51,640,https://www.webtoons.com/en/fantasy/tower-of-god/season-2-ep-74/viewer?title_no=95&episode_no=154
tower-of-god,Tower of God,155,episode-000155-season-2-ep-75,"[Season 2] Ep. 75 Jun 30, 2014 like 98,553 #155",832,466,366,160,44,640,https://www.webtoons.com/en/fantasy/tower-of-god/season-2-ep-75/viewer?title_no=95&episode_no=155
tower-of-god,Tower of God,156,episode-000156-season-2-ep-76,"[Season 2] Ep. 76 Jun 30, 2014 like 100,723 #156",841,461,380,160,51,642,https://www.webtoons.com/en/fantasy/tower-of-god/season-2-ep-76/viewer?title_no=95&episode_no=156
tower-of-god,Tower of God,157,episode-000157-season-2-ep-77,"[Season 2] Ep. 77 Jun 30, 2014 like 99,819 #157",829,465,364,160,45,639,https://www.webtoons.com/en/fantasy/tower-of-god/season-2-ep-77/viewer?title_no=95&episode_no=157
tower-of-god,Tower of God,158,episode-000158-season-2-ep-78,"[Season 2] Ep. 78 Jun 30, 2014 like 100,162 #158",829,465,364,160,45,639,https://www.webtoons.com/en/fantasy/tower-of-god/season-2-ep-78/viewer?title_no=95&episode_no=158
tower-of-god,Tower of God,159,episode-000159-season-2-ep-79,"[Season 2] Ep. 79 Jun 30, 2014 like 101,521 #159",822,471,351,160,37,638,https://www.webtoons.com/en/fantasy/tower-of-god/season-2-ep-79/viewer?title_no=95&episode_no=159
tower-of-god,Tower of God,160,episode-000160-season-2-ep-80,"[Season 2] Ep. 80 Jun 30, 2014 like 112,863 #160",848,456,392,160,58,644,https://www.webtoons.com/en/fantasy/tower-of-god/season-2-ep-80/viewer?title_no=95&episode_no=160
tower-of-god,Tower of God,161,episode-000161-season-2-ep-81,"[Season 2] Ep. 81 Jun 30, 2014 like 99,189 #161",828,466,362,160,45,640,https://www.webtoons.com/en/fantasy/tower-of-god/season-2-ep-81/viewer?title_no=95&episode_no=161
tower-of-god,Tower of God,162,episode-000162-season-2-ep-82,"[Season 2] Ep. 82 Jun 30, 2014 like 97,819 #162",845,459,386,160,54,643,https://www.webtoons.com/en/fantasy/tower-of-god/season-2-ep-82/viewer?title_no=95&episode_no=162
tower-of-god,Tower of God,163,episode-000163-season-2-ep-83,"[Season 2] Ep. 83 Jun 30, 2014 like 97,779 #163",841,459,382,160,54,639,https://www.webtoons.com/en/fantasy/tower-of-god/season-2-ep-83/viewer?title_no=95&episode_no=163
tower-of-god,Tower of God,164,episode-000164-season-2-ep-84,"[Season 2] Ep. 84 Jun 30, 2014 like 97,680 #164",834,466,368,160,45,641,https://www.webtoons.com/en/fantasy/tower-of-god/season-2-ep-84/viewer?title_no=95&episode_no=164
tower-of-god,Tower of God,165,episode-000165-season-2-ep-85,"[Season 2] Ep. 85 Jun 30, 2014 like 97,873 #165",827,468,359,160,41,638,https://www.webtoons.com/en/fantasy/tower-of-god/season-2-ep-85/viewer?title_no=95&episode_no=165
tower-of-god,Tower of God,166,episode-000166-season-2-ep-86,"[Season 2] Ep. 86 Jun 30, 2014 like 99,248 #166",802,464,338,160,47,639,https://www.webtoons.com/en/fantasy/tower-of-god/season-2-ep-86/viewer?title_no=95&episode_no=166
tower-of-god,Tower of God,167,episode-000167-season-2-ep-87,"[Season 2] Ep. 87 Jun 30, 2014 like 101,266 #167",831,466,365,160,44,640,https://www.webtoons.com/en/fantasy/tower-of-god/season-2-ep-87/viewer?title_no=95&episode_no=167
tower-of-god,Tower of God,168,episode-000168-season-2-ep-88,"[Season 2] Ep. 88 Jun 30, 2014 like 98,475 #168",822,471,351,160,37,637,https://www.webtoons.com/en/fantasy/tower-of-god/season-2-ep-88/viewer?title_no=95&episode_no=168
tower-of-god,Tower of God,169,episode-000169-season-2-ep-89,"[Season 2] Ep. 89 Jun 30, 2014 like 98,038 #169",823,471,352,160,38,637,https://www.webtoons.com/en/fantasy/tower-of-god/season-2-ep-89/viewer?title_no=95&episode_no=169
tower-of-god,Tower of God,170,episode-000170-season-2-ep-90,"[Season 2] Ep. 90 Jun 30, 2014 like 101,584 #170",827,466,361,160,44,639,https://www.webtoons.com/en/fantasy/tower-of-god/season-2-ep-90/viewer?title_no=95&episode_no=170
tower-of-god,Tower of God,171,episode-000171-season-2-ep-91,"[Season 2] Ep. 91 Jun 30, 2014 like 101,763 #171",819,473,346,160,35,637,https://www.webtoons.com/en/fantasy/tower-of-god/season-2-ep-91/viewer?title_no=95&episode_no=171
tower-of-god,Tower of God,172,episode-000172-season-2-ep-92,"[Season 2] Ep. 92 Jun 30, 2014 like 99,987 #172",830,465,365,160,45,639,https://www.webtoons.com/en/fantasy/tower-of-god/season-2-ep-92/viewer?title_no=95&episode_no=172
tower-of-god,Tower of God,173,episode-000173-season-2-ep-93,"[Season 2] Ep. 93 Jun 30, 2014 like 100,824 #173",826,468,358,160,41,639,https://www.webtoons.com/en/fantasy/tower-of-god/season-2-ep-93/viewer?title_no=95&episode_no=173
tower-of-god,Tower of God,174,episode-000174-season-2-ep-94,"[Season 2] Ep. 94 Jun 30, 2014 like 103,963 #174",834,466,368,160,45,641,https://www.webtoons.com/en/fantasy/tower-of-god/season-2-ep-94/viewer?title_no=95&episode_no=174
tower-of-god,Tower of God,175,episode-000175-season-2-ep-95,"[Season 2] Ep. 95 Jun 30, 2014 like 104,769 #175",819,473,346,160,35,638,https://www.webtoons.com/en/fantasy/tower-of-god/season-2-ep-95/viewer?title_no=95&episode_no=175
tower-of-god,Tower of God,176,episode-000176-season-2-ep-96,"[Season 2] Ep. 96 Jun 30, 2014 like 100,552 #176",820,473,347,160,35,638,https://www.webtoons.com/en/fantasy/tower-of-god/season-2-ep-96/viewer?title_no=95&episode_no=176
tower-of-god,Tower of God,177,episode-000177-season-2-ep-97,"[Season 2] Ep. 97 Jun 30, 2014 like 100,611 #177",815,476,339,160,32,637,https://www.webtoons.com/en/fantasy/tower-of-god/season-2-ep-97/viewer?title_no=95&episode_no=177
tower-of-god,Tower of God,178,episode-000178-season-2-ep-98,"[Season 2] Ep. 98 Jun 30, 2014 like 98,329 #178",818,474,344,160,34,637,https://www.webtoons.com/en/fantasy/tower-of-god/season-2-ep-98/viewer?title_no=95&episode_no=178
tower-of-god,Tower of God,179,episode-000179-season-2-ep-99,"[Season 2] Ep. 99 Jun 30, 2014 like 97,411 #179",817,475,342,160,33,638,https://www.webtoons.com/en/fantasy/tower-of-god/season-2-ep-99/viewer?title_no=95&episode_no=179
tower-of-god,Tower of God,180,episode-000180-season-2-ep-100,"[Season 2] Ep. 100 Jun 30, 2014 like 97,787 #180",808,473,335,160,35,636,https://www.webtoons.com/en/fantasy/tower-of-god/season-2-ep-100/viewer?title_no=95&episode_no=180
tower-of-god,Tower of God,181,episode-000181-season-2-ep-101,"[Season 2] Ep. 101 Jun 30, 2014 like 96,884 #181",814,476,338,160,31,635,https://www.webtoons.com/en/fantasy/tower-of-god/season-2-ep-101/viewer?title_no=95&episode_no=181
tower-of-god,Tower of God,182,episode-000182-season-2-ep-102,"[Season 2] Ep. 102 Jun 30, 2014 like 97,331 #182",819,471,348,160,37,636,https://www.webtoons.com/en/fantasy/tower-of-god/season-2-ep-102/viewer?title_no=95&episode_no=182
tower-of-god,Tower of God,183,episode-000183-season-2-ep-103,"[Season 2] Ep. 103 Jun 30, 2014 like 97,714 #183",816,475,341,160,32,637,https://www.webtoons.com/en/fantasy/tower-of-god/season-2-ep-103/viewer?title_no=95&episode_no=183
tower-of-god,Tower of God,184,episode-000184-season-2-ep-104,"[Season 2] Ep. 104 Jun 30, 2014 like 101,702 #184",818,473,345,160,35,636,https://www.webtoons.com/en/fantasy/tower-of-god/season-2-ep-104/viewer?title_no=95&episode_no=184
tower-of-god,Tower of God,185,episode-000185-season-2-ep-105,"[Season 2] Ep. 105 Jun 30, 2014 like 96,245 #185",820,473,347,160,35,638,https://www.webtoons.com/en/fantasy/tower-of-god/season-2-ep-105/viewer?title_no=95&episode_no=185
tower-of-god,Tower of God,186,episode-000186-season-2-ep-106,"[Season 2] Ep. 106 Jun 30, 2014 like 98,913 #186",818,474,344,160,34,636,https://www.webtoons.com/en/fantasy/tower-of-god/season-2-ep-106/viewer?title_no=95&episode_no=186
tower-of-god,Tower of God,187,episode-000187-season-2-ep-107,"[Season 2] Ep. 107 Jun 30, 2014 like 104,102 #187",816,474,342,160,33,637,https://www.webtoons.com/en/fantasy/tower-of-god/season-2-ep-107/viewer?title_no=95&episode_no=187
tower-of-god,Tower of God,188,episode-000188-season-2-ep-108,"[Season 2] Ep. 108 Jun 30, 2014 like 98,925 #188",811,481,330,160,27,637,https://www.webtoons.com/en/fantasy/tower-of-god/season-2-ep-108/viewer?title_no=95&episode_no=188
tower-of-god,Tower of God,189,episode-000189-season-2-ep-109,"[Season 2] Ep. 109 Jun 30, 2014 like 102,667 #189",828,466,362,160,43,638,https://www.webtoons.com/en/fantasy/tower-of-god/season-2-ep-109/viewer?title_no=95&episode_no=189
tower-of-god,Tower of God,190,episode-000190-season-2-ep-110,"[Season 2] Ep. 110 Jun 30, 2014 like 98,132 #190",818,474,344,160,34,638,https://www.webtoons.com/en/fantasy/tower-of-god/season-2-ep-110/viewer?title_no=95&episode_no=190
tower-of-god,Tower of God,191,episode-000191-season-2-ep-111,"[Season 2] Ep. 111 Jul 27, 2014 like 97,599 #191",831,465,366,160,46,639,https://www.webtoons.com/en/fantasy/tower-of-god/season-2-ep-111/viewer?title_no=95&episode_no=191
tower-of-god,Tower of God,192,episode-000192-season-2-ep-112,"[Season 2] Ep. 112 Aug 3, 2014 like 94,823 #192",841,461,380,160,53,641,https://www.webtoons.com/en/fantasy/tower-of-god/season-2-ep-112/viewer?title_no=95&episode_no=192
tower-of-god,Tower of God,193,episode-000193-season-2-ep-113,"[Season 2] Ep. 113 Aug 10, 2014 like 93,468 #193",814,477,337,160,31,636,https://www.webtoons.com/en/fantasy/tower-of-god/season-2-ep-113/viewer?title_no=95&episode_no=193
tower-of-god,Tower of God,194,episode-000194-season-2-ep-114,"[Season 2] Ep. 114 Aug 24, 2014 like 90,580 #194",814,475,339,160,32,636,https://www.webtoons.com/en/fantasy/tower-of-god/season-2-ep-114/viewer?title_no=95&episode_no=194
tower-of-god,Tower of God,195,episode-000195-season-2-ep-115,"[Season 2] Ep. 115 Aug 31, 2014 like 88,542 #195",824,469,355,160,40,638,https://www.webtoons.com/en/fantasy/tower-of-god/season-2-ep-115/viewer?title_no=95&episode_no=195
tower-of-god,Tower of God,196,episode-000196-season-2-ep-116,"[Season 2] Ep. 116 Sep 8, 2014 like 89,135 #196",819,472,347,160,36,637,https://www.webtoons.com/en/fantasy/tower-of-god/season-2-ep-116/viewer?title_no=95&episode_no=196
tower-of-god,Tower of God,197,episode-000197-season-2-ep-117,"[Season 2] Ep. 117 Sep 14, 2014 like 89,403 #197",817,475,342,160,33,637,https://www.webtoons.com/en/fantasy/tower-of-god/season-2-ep-117/viewer?title_no=95&episode_no=197
tower-of-god,Tower of God,198,episode-000198-season-2-ep-118,"[Season 2] Ep. 118 Sep 22, 2014 like 88,185 #198",812,479,333,160,29,637,https://www.webtoons.com/en/fantasy/tower-of-god/season-2-ep-118/viewer?title_no=95&episode_no=198
tower-of-god,Tower of God,199,episode-000199-season-2-ep-119,"[Season 2] Ep. 119 Oct 5, 2014 like 87,764 #199",820,471,349,160,36,638,https://www.webtoons.com/en/fantasy/tower-of-god/season-2-ep-119/viewer?title_no=95&episode_no=199
tower-of-god,Tower of God,200,episode-000200-season-2-ep-120,"[Season 2] Ep. 120 Oct 12, 2014 like 87,578 #200",822,471,351,160,37,638,https://www.webtoons.com/en/fantasy/tower-of-god/season-2-ep-120/viewer?title_no=95&episode_no=200
tower-of-god,Tower of God,201,episode-000201-season-2-ep-121,"[Season 2] Ep. 121 Oct 19, 2014 like 87,984 #201",836,463,373,160,48,640,https://www.webtoons.com/en/fantasy/tower-of-god/season-2-ep-121/viewer?title_no=95&episode_no=201
tower-of-god,Tower of God,202,episode-000202-season-2-ep-122,"[Season 2] Ep. 122 Oct 26, 2014 like 87,088 #202",823,471,352,160,37,638,https://www.webtoons.com/en/fantasy/tower-of-god/season-2-ep-122/viewer?title_no=95&episode_no=202
tower-of-god,Tower of God,203,episode-000203-season-2-ep-123,"[Season 2] Ep. 123 Nov 2, 2014 like 86,949 #203",825,470,355,160,39,639,https://www.webtoons.com/en/fantasy/tower-of-god/season-2-ep-123/viewer?title_no=95&episode_no=203
tower-of-god,Tower of God,204,episode-000204-season-2-ep-124,"[Season 2] Ep. 124 Nov 9, 2014 like 86,178 #204",825,468,357,160,41,638,https://www.webtoons.com/en/fantasy/tower-of-god/season-2-ep-124/viewer?title_no=95&episode_no=204
tower-of-god,Tower of God,205,episode-000205-season-2-ep-125,"[Season 2] Ep. 125 Nov 16, 2014 like 86,423 #205",824,469,355,160,40,637,https://www.webtoons.com/en/fantasy/tower-of-god/season-2-ep-125/viewer?title_no=95&episode_no=205
tower-of-god,Tower of God,206,episode-000206-season-2-ep-126,"[Season 2] Ep. 126 Nov 23, 2014 like 85,617 #206",819,474,345,160,34,638,https://www.webtoons.com/en/fantasy/tower-of-god/season-2-ep-126/viewer?title_no=95&episode_no=206
tower-of-god,Tower of God,207,episode-000207-season-2-ep-127,"[Season 2] Ep. 127 Nov 30, 2014 like 85,106 #207",822,471,351,160,38,638,https://www.webtoons.com/en/fantasy/tower-of-god/season-2-ep-127/viewer?title_no=95&episode_no=207
tower-of-god,Tower of God,208,episode-000208-season-2-ep-128,"[Season 2] Ep. 128 Dec 7, 2014 like 83,551 #208",830,466,364,160,43,639,https://www.webtoons.com/en/fantasy/tower-of-god/season-2-ep-128/viewer?title_no=95&episode_no=208
tower-of-god,Tower of God,209,episode-000209-season-2-ep-129,"[Season 2] Ep. 129 Dec 14, 2014 like 84,923 #209",850,454,396,160,60,642,https://www.webtoons.com/en/fantasy/tower-of-god/season-2-ep-129/viewer?title_no=95&episode_no=209
tower-of-god,Tower of God,210,episode-000210-season-2-ep-130,"[Season 2] Ep. 130 Dec 21, 2014 like 83,916 #210",836,464,372,160,49,641,https://www.webtoons.com/en/fantasy/tower-of-god/season-2-ep-130/viewer?title_no=95&episode_no=210
tower-of-god,Tower of God,211,episode-000211-season-2-ep-131,"[Season 2] Ep. 131 Dec 28, 2014 like 81,998 #211",823,470,353,160,39,638,https://www.webtoons.com/en/fantasy/tower-of-god/season-2-ep-131/viewer?title_no=95&episode_no=211
tower-of-god,Tower of God,212,episode-000212-season-2-ep-132,"[Season 2] Ep. 132 Jan 4, 2015 like 83,579 #212",843,459,384,160,54,643,https://www.webtoons.com/en/fantasy/tower-of-god/season-2-ep-132/viewer?title_no=95&episode_no=212
tower-of-god,Tower of God,213,episode-000213-season-2-ep-133,"[Season 2] Ep. 133 Jan 11, 2015 like 82,452 #213",807,466,341,160,44,639,https://www.webtoons.com/en/fantasy/tower-of-god/season-2-ep-133/viewer?title_no=95&episode_no=213
tower-of-god,Tower of God,214,episode-000214-season-2-ep-134,"[Season 2] Ep. 134 Jan 18, 2015 like 81,921 #214",823,469,354,160,40,639,https://www.webtoons.com/en/fantasy/tower-of-god/season-2-ep-134/viewer?title_no=95&episode_no=214
tower-of-god,Tower of God,215,episode-000215-season-2-ep-135,"[Season 2] Ep. 135 Jan 25, 2015 like 82,683 #215",825,465,360,160,45,636,https://www.webtoons.com/en/fantasy/tower-of-god/season-2-ep-135/viewer?title_no=95&episode_no=215
tower-of-god,Tower of God,216,episode-000216-season-2-ep-136,"[Season 2] Ep. 136 Feb 1, 2015 like 87,427 #216",830,466,364,160,44,639,https://www.webtoons.com/en/fantasy/tower-of-god/season-2-ep-136/viewer?title_no=95&episode_no=216
tower-of-god,Tower of God,217,episode-000217-season-2-ep-137,"[Season 2] Ep. 137 Feb 8, 2015 like 83,519 #217",840,463,377,160,51,642,https://www.webtoons.com/en/fantasy/tower-of-god/season-2-ep-137/viewer?title_no=95&episode_no=217
tower-of-god,Tower of God,218,episode-000218-season-2-ep-138,"[Season 2] Ep. 138 Feb 15, 2015 like 81,391 #218",826,466,360,160,42,638,https://www.webtoons.com/en/fantasy/tower-of-god/season-2-ep-138/viewer?title_no=95&episode_no=218
tower-of-god,Tower of God,219,episode-000219-season-2-ep-139,"[Season 2] Ep. 139 Feb 22, 2015 like 82,050 #219",824,470,354,160,39,637,https://www.webtoons.com/en/fantasy/tower-of-god/season-2-ep-139/viewer?title_no=95&episode_no=219
tower-of-god,Tower of God,220,episode-000220-season-2-ep-140,"[Season 2] Ep. 140 Mar 1, 2015 like 82,848 #220",835,466,369,160,46,641,https://www.webtoons.com/en/fantasy/tower-of-god/season-2-ep-140/viewer?title_no=95&episode_no=220
tower-of-god,Tower of God,222,episode-000222-season-2-ep-141,"[Season 2] Ep. 141 Mar 8, 2015 like 81,238 #221",829,465,364,160,43,639,https://www.webtoons.com/en/fantasy/tower-of-god/season-2-ep-141/viewer?title_no=95&episode_no=222
tower-of-god,Tower of God,223,episode-000223-season-2-ep-142,"[Season 2] Ep. 142 Mar 15, 2015 like 85,364 #222",827,466,361,160,42,638,https://www.webtoons.com/en/fantasy/tower-of-god/season-2-ep-142/viewer?title_no=95&episode_no=223
tower-of-god,Tower of God,224,episode-000224-season-2-ep-143,"[Season 2] Ep. 143 Mar 22, 2015 like 85,894 #223",836,464,372,160,48,640,https://www.webtoons.com/en/fantasy/tower-of-god/season-2-ep-143/viewer?title_no=95&episode_no=224
tower-of-god,Tower of God,225,episode-000225-season-2-ep-144,"[Season 2] Ep. 144 Mar 29, 2015 like 85,467 #224",846,458,388,160,57,643,https://www.webtoons.com/en/fantasy/tower-of-god/season-2-ep-144/viewer?title_no=95&episode_no=225
tower-of-god,Tower of God,226,episode-000226-season-2-ep-145,"[Season 2] Ep. 145 Apr 5, 2015 like 82,917 #225",830,466,364,160,46,641,https://www.webtoons.com/en/fantasy/tower-of-god/season-2-ep-145/viewer?title_no=95&episode_no=226
tower-of-god,Tower of God,227,episode-000227-season-2-ep-146,"[Season 2] Ep. 146 Apr 12, 2015 like 84,765 #226",825,468,357,160,41,638,https://www.webtoons.com/en/fantasy/tower-of-god/season-2-ep-146/viewer?title_no=95&episode_no=227
tower-of-god,Tower of God,228,episode-000228-season-2-ep-147,"[Season 2] Ep. 147 Apr 19, 2015 like 89,073 #227",832,466,366,160,45,640,https://www.webtoons.com/en/fantasy/tower-of-god/season-2-ep-147/viewer?title_no=95&episode_no=228
tower-of-god,Tower of God,229,episode-000229-season-2-ep-148,"[Season 2] Ep. 148 Apr 26, 2015 like 86,672 #228",837,464,373,160,48,641,https://www.webtoons.com/en/fantasy/tower-of-god/season-2-ep-148/viewer?title_no=95&episode_no=229
tower-of-god,Tower of God,230,episode-000230-season-2-ep-149,"[Season 2] Ep. 149 May 3, 2015 like 86,489 #229",836,464,372,160,48,641,https://www.webtoons.com/en/fantasy/tower-of-god/season-2-ep-149/viewer?title_no=95&episode_no=230
tower-of-god,Tower of God,231,episode-000231-season-2-ep-150,"[Season 2] Ep. 150 May 10, 2015 like 84,178 #230",831,465,366,160,46,639,https://www.webtoons.com/en/fantasy/tower-of-god/season-2-ep-150/viewer?title_no=95&episode_no=231
tower-of-god,Tower of God,232,episode-000232-season-2-ep-151,"[Season 2] Ep. 151 May 17, 2015 like 84,294 #231",831,466,365,160,45,640,https://www.webtoons.com/en/fantasy/tower-of-god/season-2-ep-151/viewer?title_no=95&episode_no=232
tower-of-god,Tower of God,233,episode-000233-season-2-ep-152,"[Season 2] Ep. 152 May 24, 2015 like 84,245 #232",835,459,376,160,53,638,https://www.webtoons.com/en/fantasy/tower-of-god/season-2-ep-152/viewer?title_no=95&episode_no=233
tower-of-god,Tower of God,234,episode-000234-season-2-ep-153,"[Season 2] Ep. 153 Jun 7, 2015 like 83,683 #233",851,453,398,160,61,643,https://www.webtoons.com/en/fantasy/tower-of-god/season-2-ep-153/viewer?title_no=95&episode_no=234
tower-of-god,Tower of God,235,episode-000235-season-2-ep-154,"[Season 2] Ep. 154 Jun 14, 2015 like 83,979 #234",850,456,394,160,59,643,https://www.webtoons.com/en/fantasy/tower-of-god/season-2-ep-154/viewer?title_no=95&episode_no=235
tower-of-god,Tower of God,236,episode-000236-season-2-ep-155,"[Season 2] Ep. 155 Jun 21, 2015 like 82,074 #235",837,465,372,160,48,643,https://www.webtoons.com/en/fantasy/tower-of-god/season-2-ep-155/viewer?title_no=95&episode_no=236
tower-of-god,Tower of God,237,episode-000237-season-2-ep-156,"[Season 2] Ep. 156 Jun 28, 2015 like 83,265 #236",880,427,453,160,89,626,https://www.webtoons.com/en/fantasy/tower-of-god/season-2-ep-156/viewer?title_no=95&episode_no=237
tower-of-god,Tower of God,238,episode-000238-season-2-ep-157,"[Season 2] Ep. 157 Jul 5, 2015 like 81,075 #237",841,463,378,160,51,642,https://www.webtoons.com/en/fantasy/tower-of-god/season-2-ep-157/viewer?title_no=95&episode_no=238
tower-of-god,Tower of God,239,episode-000239-season-2-ep-158,"[Season 2] Ep. 158 Jul 12, 2015 like 80,625 #238",834,466,368,160,47,641,https://www.webtoons.com/en/fantasy/tower-of-god/season-2-ep-158/viewer?title_no=95&episode_no=239
tower-of-god,Tower of God,240,episode-000240-season-2-ep-159,"[Season 2] Ep. 159 Jul 19, 2015 like 81,517 #239",838,462,376,160,50,641,https://www.webtoons.com/en/fantasy/tower-of-god/season-2-ep-159/viewer?title_no=95&episode_no=240
tower-of-god,Tower of God,241,episode-000241-season-2-ep-160,"[Season 2] Ep. 160 Jul 26, 2015 like 79,940 #240",841,462,379,160,52,641,https://www.webtoons.com/en/fantasy/tower-of-god/season-2-ep-160/viewer?title_no=95&episode_no=241
tower-of-god,Tower of God,242,episode-000242-season-2-ep-161,"[Season 2] Ep. 161 Aug 2, 2015 like 79,161 #241",832,466,366,160,45,639,https://www.webtoons.com/en/fantasy/tower-of-god/season-2-ep-161/viewer?title_no=95&episode_no=242
tower-of-god,Tower of God,243,episode-000243-season-2-ep-162,"[Season 2] Ep. 162 Aug 9, 2015 like 81,404 #242",852,453,399,160,61,644,https://www.webtoons.com/en/fantasy/tower-of-god/season-2-ep-162/viewer?title_no=95&episode_no=243
tower-of-god,Tower of God,244,episode-000244-season-2-ep-163,"[Season 2] Ep. 163 Aug 16, 2015 like 83,862 #243",830,466,364,160,44,639,https://www.webtoons.com/en/fantasy/tower-of-god/season-2-ep-163/viewer?title_no=95&episode_no=244
tower-of-god,Tower of God,245,episode-000245-season-2-ep-164,"[Season 2] Ep. 164 Aug 23, 2015 like 79,987 #244",844,459,385,160,54,643,https://www.webtoons.com/en/fantasy/tower-of-god/season-2-ep-164/viewer?title_no=95&episode_no=245
tower-of-god,Tower of God,246,episode-000246-season-2-ep-165,"[Season 2] Ep. 165 Aug 30, 2015 like 78,599 #245",822,470,352,160,38,637,https://www.webtoons.com/en/fantasy/tower-of-god/season-2-ep-165/viewer?title_no=95&episode_no=246
tower-of-god,Tower of God,247,episode-000247-season-2-ep-166,"[Season 2] Ep. 166 Sep 6, 2015 like 83,604 #246",846,458,388,160,56,642,https://www.webtoons.com/en/fantasy/tower-of-god/season-2-ep-166/viewer?title_no=95&episode_no=247
tower-of-god,Tower of God,248,episode-000248-season-2-ep-167,"[Season 2] Ep. 167 Sep 13, 2015 like 80,831 #247",854,453,401,160,62,644,https://www.webtoons.com/en/fantasy/tower-of-god/season-2-ep-167/viewer?title_no=95&episode_no=248
tower-of-god,Tower of God,249,episode-000249-season-2-ep-168,"[Season 2] Ep. 168 Sep 20, 2015 like 79,806 #248",825,462,363,160,52,644,https://www.webtoons.com/en/fantasy/tower-of-god/season-2-ep-168/viewer?title_no=95&episode_no=249
tower-of-god,Tower of God,250,episode-000250-season-2-ep-169,"[Season 2] Ep. 169 Sep 28, 2015 like 82,314 #249",844,456,388,160,57,640,https://www.webtoons.com/en/fantasy/tower-of-god/season-2-ep-169/viewer?title_no=95&episode_no=250
tower-of-god,Tower of God,251,episode-000251-season-2-ep-170,"[Season 2] Ep. 170 Oct 5, 2015 like 83,391 #250",835,465,370,160,47,641,https://www.webtoons.com/en/fantasy/tower-of-god/season-2-ep-170/viewer?title_no=95&episode_no=251
tower-of-god,Tower of God,252,episode-000252-season-2-ep-171,"[Season 2] Ep. 171 Oct 12, 2015 like 84,961 #251",834,465,369,160,47,640,https://www.webtoons.com/en/fantasy/tower-of-god/season-2-ep-171/viewer?title_no=95&episode_no=252
tower-of-god,Tower of God,253,episode-000253-season-2-ep-172,"[Season 2] Ep. 172 Oct 19, 2015 like 82,327 #252",838,463,375,160,50,641,https://www.webtoons.com/en/fantasy/tower-of-god/season-2-ep-172/viewer?title_no=95&episode_no=253
tower-of-god,Tower of God,254,episode-000254-season-2-ep-173,"[Season 2] Ep. 173 Oct 26, 2015 like 98,801 #253",841,463,378,160,51,644,https://www.webtoons.com/en/fantasy/tower-of-god/season-2-ep-173/viewer?title_no=95&episode_no=254
tower-of-god,Tower of God,255,episode-000255-season-2-ep-174,"[Season 2] Ep. 174 Nov 1, 2015 like 81,551 #254",843,458,385,160,55,641,https://www.webtoons.com/en/fantasy/tower-of-god/season-2-ep-174/viewer?title_no=95&episode_no=255
tower-of-god,Tower of God,256,episode-000256-season-2-ep-175,"[Season 2] Ep. 175 Nov 9, 2015 like 80,479 #255",842,461,381,160,53,642,https://www.webtoons.com/en/fantasy/tower-of-god/season-2-ep-175/viewer?title_no=95&episode_no=256
tower-of-god,Tower of God,257,episode-000257-season-2-ep-176,"[Season 2] Ep. 176 Nov 16, 2015 like 79,058 #256",828,466,362,160,44,638,https://www.webtoons.com/en/fantasy/tower-of-god/season-2-ep-176/viewer?title_no=95&episode_no=257
tower-of-god,Tower of God,258,episode-000258-season-2-ep-177,"[Season 2] Ep. 177 Nov 23, 2015 like 82,730 #257",862,449,413,160,68,647,https://www.webtoons.com/en/fantasy/tower-of-god/season-2-ep-177/viewer?title_no=95&episode_no=258
tower-of-god,Tower of God,259,episode-000259-season-2-ep-178,"[Season 2] Ep. 178 Nov 30, 2015 like 83,707 #258",840,462,378,160,51,641,https://www.webtoons.com/en/fantasy/tower-of-god/season-2-ep-178/viewer?title_no=95&episode_no=259
tower-of-god,Tower of God,260,episode-000260-season-2-ep-179,"[Season 2] Ep. 179 Dec 7, 2015 like 80,229 #259",857,452,405,160,64,646,https://www.webtoons.com/en/fantasy/tower-of-god/season-2-ep-179/viewer?title_no=95&episode_no=260
tower-of-god,Tower of God,261,episode-000261-season-2-ep-180,"[Season 2] Ep. 180 Dec 14, 2015 like 78,452 #260",863,447,416,160,69,647,https://www.webtoons.com/en/fantasy/tower-of-god/season-2-ep-180/viewer?title_no=95&episode_no=261
tower-of-god,Tower of God,262,episode-000262-season-2-ep-181,"[Season 2] Ep. 181 Dec 21, 2015 like 80,058 #261",856,449,407,160,65,644,https://www.webtoons.com/en/fantasy/tower-of-god/season-2-ep-181/viewer?title_no=95&episode_no=262
tower-of-god,Tower of God,263,episode-000263-season-2-ep-182,"[Season 2] Ep. 182 Dec 28, 2015 like 78,457 #262",869,442,427,160,75,647,https://www.webtoons.com/en/fantasy/tower-of-god/season-2-ep-182/viewer?title_no=95&episode_no=263
tower-of-god,Tower of God,264,episode-000264-season-2-ep-183,"[Season 2] Ep. 183 Jan 4, 2016 like 78,393 #263",851,453,398,160,61,644,https://www.webtoons.com/en/fantasy/tower-of-god/season-2-ep-183/viewer?title_no=95&episode_no=264
tower-of-god,Tower of God,265,episode-000265-season-2-ep-184,"[Season 2] Ep. 184 Jan 11, 2016 like 80,235 #264",855,451,404,160,64,644,https://www.webtoons.com/en/fantasy/tower-of-god/season-2-ep-184/viewer?title_no=95&episode_no=265
tower-of-god,Tower of God,266,episode-000266-season-2-ep-185,"[Season 2] Ep. 185 Jan 18, 2016 like 80,759 #265",826,453,373,160,61,644,https://www.webtoons.com/en/fantasy/tower-of-god/season-2-ep-185/viewer?title_no=95&episode_no=266
tower-of-god,Tower of God,267,episode-000267-season-2-ep-186,"[Season 2] Ep. 186 Jan 25, 2016 like 82,401 #266",925,417,508,160,115,642,https://www.webtoons.com/en/fantasy/tower-of-god/season-2-ep-186/viewer?title_no=95&episode_no=267
tower-of-god,Tower of God,268,episode-000268-season-2-ep-187,"[Season 2] Ep. 187 Feb 1, 2016 like 80,767 #267",866,442,424,160,74,645,https://www.webtoons.com/en/fantasy/tower-of-god/season-2-ep-187/viewer?title_no=95&episode_no=268
tower-of-god,Tower of God,269,episode-000269-season-2-ep-188,"[Season 2] Ep. 188 Feb 8, 2016 like 83,282 #268",914,421,493,160,111,642,https://www.webtoons.com/en/fantasy/tower-of-god/season-2-ep-188/viewer?title_no=95&episode_no=269
tower-of-god,Tower of God,270,episode-000270-season-2-ep-189,"[Season 2] Ep. 189 Feb 15, 2016 like 79,890 #269",863,448,415,160,69,647,https://www.webtoons.com/en/fantasy/tower-of-god/season-2-ep-189/viewer?title_no=95&episode_no=270
tower-of-god,Tower of God,271,episode-000271-season-2-ep-190,"[Season 2] Ep. 190 Feb 22, 2016 like 83,191 #270",880,429,451,160,86,626,https://www.webtoons.com/en/fantasy/tower-of-god/season-2-ep-190/viewer?title_no=95&episode_no=271
tower-of-god,Tower of God,272,episode-000272-season-2-ep-191,"[Season 2] Ep. 191 Feb 29, 2016 like 87,259 #271",870,437,433,160,78,644,https://www.webtoons.com/en/fantasy/tower-of-god/season-2-ep-191/viewer?title_no=95&episode_no=272
tower-of-god,Tower of God,273,episode-000273-season-2-ep-192,"[Season 2] Ep. 192 Mar 7, 2016 like 85,651 #272",868,429,439,160,85,624,https://www.webtoons.com/en/fantasy/tower-of-god/season-2-ep-192/viewer?title_no=95&episode_no=273
tower-of-god,Tower of God,274,episode-000274-season-2-ep-193,"[Season 2] Ep. 193 Mar 14, 2016 like 93,504 #273",1001,381,620,160,154,648,https://www.webtoons.com/en/fantasy/tower-of-god/season-2-ep-193/viewer?title_no=95&episode_no=274
tower-of-god,Tower of God,275,episode-000275-season-2-ep-194,"[Season 2] Ep. 194 Mar 21, 2016 like 83,626 #274",893,428,465,160,96,636,https://www.webtoons.com/en/fantasy/tower-of-god/season-2-ep-194/viewer?title_no=95&episode_no=275
tower-of-god,Tower of God,276,episode-000276-season-2-ep-195,"[Season 2] Ep. 195 Mar 28, 2016 like 97,749 #275",899,427,472,160,101,639,https://www.webtoons.com/en/fantasy/tower-of-god/season-2-ep-195/viewer?title_no=95&episode_no=276
tower-of-god,Tower of God,277,episode-000277-season-2-ep-196,"[Season 2] Ep. 196 May 2, 2016 like 88,518 #276",869,428,441,160,80,618,https://www.webtoons.com/en/fantasy/tower-of-god/season-2-ep-196/viewer?title_no=95&episode_no=277
tower-of-god,Tower of God,278,episode-000278-season-2-ep-197,"[Season 2] Ep. 197 May 9, 2016 like 86,932 #277",872,427,445,160,83,621,https://www.webtoons.com/en/fantasy/tower-of-god/season-2-ep-197/viewer?title_no=95&episode_no=278
tower-of-god,Tower of God,279,episode-000279-season-2-ep-198,"[Season 2] Ep. 198 May 16, 2016 like 82,390 #278",861,443,418,160,72,642,https://www.webtoons.com/en/fantasy/tower-of-god/season-2-ep-198/viewer?title_no=95&episode_no=279
tower-of-god,Tower of God,280,episode-000280-season-2-ep-199,"[Season 2] Ep. 199 May 23, 2016 like 80,812 #279",871,427,444,160,80,617,https://www.webtoons.com/en/fantasy/tower-of-god/season-2-ep-199/viewer?title_no=95&episode_no=280
tower-of-god,Tower of God,281,episode-000281-season-2-ep-200,"[Season 2] Ep. 200 May 30, 2016 like 83,217 #280",892,427,465,160,97,635,https://www.webtoons.com/en/fantasy/tower-of-god/season-2-ep-200/viewer?title_no=95&episode_no=281
tower-of-god,Tower of God,282,episode-000282-season-2-ep-201,"[Season 2] Ep. 201 Jun 6, 2016 like 82,802 #281",896,428,468,160,98,637,https://www.webtoons.com/en/fantasy/tower-of-god/season-2-ep-201/viewer?title_no=95&episode_no=282
tower-of-god,Tower of God,283,episode-000283-season-2-ep-202,"[Season 2] Ep. 202 Jun 13, 2016 like 84,940 #282",879,426,453,160,90,626,https://www.webtoons.com/en/fantasy/tower-of-god/season-2-ep-202/viewer?title_no=95&episode_no=283
tower-of-god,Tower of God,284,episode-000284-season-2-ep-203,"[Season 2] Ep. 203 Jun 20, 2016 like 82,981 #283",917,424,493,160,109,644,https://www.webtoons.com/en/fantasy/tower-of-god/season-2-ep-203/viewer?title_no=95&episode_no=284
tower-of-god,Tower of God,285,episode-000285-season-2-ep-204,"[Season 2] Ep. 204 Jun 27, 2016 like 86,502 #284",951,401,550,160,131,642,https://www.webtoons.com/en/fantasy/tower-of-god/season-2-ep-204/viewer?title_no=95&episode_no=285
tower-of-god,Tower of God,286,episode-000286-season-2-ep-205,"[Season 2] Ep. 205 Jul 4, 2016 like 84,934 #285",895,428,467,160,97,636,https://www.webtoons.com/en/fantasy/tower-of-god/season-2-ep-205/viewer?title_no=95&episode_no=286
tower-of-god,Tower of God,287,episode-000287-season-2-ep-206,"[Season 2] Ep. 206 Jul 11, 2016 like 81,456 #286",917,425,492,160,108,644,https://www.webtoons.com/en/fantasy/tower-of-god/season-2-ep-206/viewer?title_no=95&episode_no=287
tower-of-god,Tower of God,288,episode-000288-season-2-ep-207,"[Season 2] Ep. 207 Jul 18, 2016 like 82,104 #287",901,427,474,160,101,639,https://www.webtoons.com/en/fantasy/tower-of-god/season-2-ep-207/viewer?title_no=95&episode_no=288
tower-of-god,Tower of God,289,episode-000289-season-2-ep-208,"[Season 2] Ep. 208 Jul 25, 2016 like 80,392 #288",898,428,470,160,98,637,https://www.webtoons.com/en/fantasy/tower-of-god/season-2-ep-208/viewer?title_no=95&episode_no=289
tower-of-god,Tower of God,290,episode-000290-season-2-ep-209,"[Season 2] Ep. 209 Aug 1, 2016 like 89,238 #289",891,428,463,160,92,632,https://www.webtoons.com/en/fantasy/tower-of-god/season-2-ep-209/viewer?title_no=95&episode_no=290
tower-of-god,Tower of God,291,episode-000291-season-2-ep-210,"[Season 2] Ep. 210 Aug 8, 2016 like 83,054 #290",871,428,443,160,79,618,https://www.webtoons.com/en/fantasy/tower-of-god/season-2-ep-210/viewer?title_no=95&episode_no=291
tower-of-god,Tower of God,292,episode-000292-season-2-ep-211,"[Season 2] Ep. 211 Aug 15, 2016 like 81,627 #291",907,427,480,160,103,641,https://www.webtoons.com/en/fantasy/tower-of-god/season-2-ep-211/viewer?title_no=95&episode_no=292
tower-of-god,Tower of God,293,episode-000293-season-2-ep-212,"[Season 2] Ep. 212 Aug 22, 2016 like 80,632 #292",892,429,463,160,94,634,https://www.webtoons.com/en/fantasy/tower-of-god/season-2-ep-212/viewer?title_no=95&episode_no=293
tower-of-god,Tower of God,294,episode-000294-season-2-ep-213,"[Season 2] Ep. 213 Aug 29, 2016 like 81,440 #293",896,429,467,160,96,637,https://www.webtoons.com/en/fantasy/tower-of-god/season-2-ep-213/viewer?title_no=95&episode_no=294
tower-of-god,Tower of God,295,episode-000295-season-2-ep-214,"[Season 2] Ep. 214 Sep 5, 2016 like 83,986 #294",889,431,458,160,91,634,https://www.webtoons.com/en/fantasy/tower-of-god/season-2-ep-214/viewer?title_no=95&episode_no=295
tower-of-god,Tower of God,296,episode-000296-season-2-ep-215,"[Season 2] Ep. 215 Sep 12, 2016 like 82,967 #295",874,427,447,160,88,624,https://www.webtoons.com/en/fantasy/tower-of-god/season-2-ep-215/viewer?title_no=95&episode_no=296
tower-of-god,Tower of God,297,episode-000297-season-2-ep-216,"[Season 2] Ep. 216 Sep 19, 2016 like 81,839 #296",889,426,463,160,95,631,https://www.webtoons.com/en/fantasy/tower-of-god/season-2-ep-216/viewer?title_no=95&episode_no=297
tower-of-god,Tower of God,298,episode-000298-season-2-ep-217,"[Season 2] Ep. 217 Sep 26, 2016 like 81,247 #297",888,430,458,160,92,634,https://www.webtoons.com/en/fantasy/tower-of-god/season-2-ep-217/viewer?title_no=95&episode_no=298
tower-of-god,Tower of God,299,episode-000299-season-2-ep-218,"[Season 2] Ep. 218 Oct 3, 2016 like 84,146 #298",884,426,458,160,100,635,https://www.webtoons.com/en/fantasy/tower-of-god/season-2-ep-218/viewer?title_no=95&episode_no=299
tower-of-god,Tower of God,300,episode-000300-season-2-ep-219,"[Season 2] Ep. 219 Oct 10, 2016 like 84,902 #299",895,428,467,160,97,636,https://www.webtoons.com/en/fantasy/tower-of-god/season-2-ep-219/viewer?title_no=95&episode_no=300
tower-of-god,Tower of God,301,episode-000301-season-2-ep-220,"[Season 2] Ep. 220 Oct 17, 2016 like 88,571 #300",903,427,476,160,101,639,https://www.webtoons.com/en/fantasy/tower-of-god/season-2-ep-220/viewer?title_no=95&episode_no=301
tower-of-god,Tower of God,302,episode-000302-season-2-ep-221,"[Season 2] Ep. 221 Oct 24, 2016 like 85,701 #301",906,427,479,160,103,641,https://www.webtoons.com/en/fantasy/tower-of-god/season-2-ep-221/viewer?title_no=95&episode_no=302
tower-of-god,Tower of God,303,episode-000303-season-2-ep-222,"[Season 2] Ep. 222 Oct 31, 2016 like 84,102 #302",844,438,406,160,77,646,https://www.webtoons.com/en/fantasy/tower-of-god/season-2-ep-222/viewer?title_no=95&episode_no=303
tower-of-god,Tower of God,304,episode-000304-season-2-ep-223,"[Season 2] Ep. 223 Nov 7, 2016 like 81,690 #303",886,429,457,160,93,634,https://www.webtoons.com/en/fantasy/tower-of-god/season-2-ep-223/viewer?title_no=95&episode_no=304
tower-of-god,Tower of God,305,episode-000305-season-2-ep-224,"[Season 2] Ep. 224 Nov 14, 2016 like 81,615 #304",931,415,516,160,117,642,https://www.webtoons.com/en/fantasy/tower-of-god/season-2-ep-224/viewer?title_no=95&episode_no=305
tower-of-god,Tower of God,306,episode-000306-season-2-ep-225,"[Season 2] Ep. 225 Nov 21, 2016 like 83,214 #305",932,405,527,160,127,642,https://www.webtoons.com/en/fantasy/tower-of-god/season-2-ep-225/viewer?title_no=95&episode_no=306
tower-of-god,Tower of God,307,episode-000307-season-2-ep-226,"[Season 2] Ep. 226 Nov 28, 2016 like 81,365 #306",954,404,550,160,128,642,https://www.webtoons.com/en/fantasy/tower-of-god/season-2-ep-226/viewer?title_no=95&episode_no=307
tower-of-god,Tower of God,308,episode-000308-season-2-ep-227,"[Season 2] Ep. 227 Dec 5, 2016 like 82,120 #307",913,426,487,160,107,644,https://www.webtoons.com/en/fantasy/tower-of-god/season-2-ep-227/viewer?title_no=95&episode_no=308
tower-of-god,Tower of God,309,episode-000309-season-2-ep-228,"[Season 2] Ep. 228 Dec 12, 2016 like 81,933 #308",898,426,472,160,105,641,https://www.webtoons.com/en/fantasy/tower-of-god/season-2-ep-228/viewer?title_no=95&episode_no=309
tower-of-god,Tower of God,310,episode-000310-season-2-ep-229,"[Season 2] Ep. 229 Dec 19, 2016 like 83,878 #309",936,412,524,160,120,642,https://www.webtoons.com/en/fantasy/tower-of-god/season-2-ep-229/viewer?title_no=95&episode_no=310
tower-of-god,Tower of God,311,episode-000311-season-2-ep-230,"[Season 2] Ep. 230 Dec 26, 2016 like 85,175 #310",952,405,547,160,127,642,https://www.webtoons.com/en/fantasy/tower-of-god/season-2-ep-230/viewer?title_no=95&episode_no=311
tower-of-god,Tower of God,312,episode-000312-season-2-ep-231,"[Season 2] Ep. 231 Jan 2, 2017 like 82,738 #311",907,425,482,160,108,644,https://www.webtoons.com/en/fantasy/tower-of-god/season-2-ep-231/viewer?title_no=95&episode_no=312
tower-of-god,Tower of God,313,episode-000313-season-2-ep-232,"[Season 2] Ep. 232 Jan 9, 2017 like 82,015 #312",928,412,516,160,120,642,https://www.webtoons.com/en/fantasy/tower-of-god/season-2-ep-232/viewer?title_no=95&episode_no=313
tower-of-god,Tower of God,314,episode-000314-season-2-ep-233,"[Season 2] Ep. 233 Jan 16, 2017 like 82,205 #313",936,414,522,160,119,644,https://www.webtoons.com/en/fantasy/tower-of-god/season-2-ep-233/viewer?title_no=95&episode_no=314
tower-of-god,Tower of God,315,episode-000315-season-2-ep-234,"[Season 2] Ep. 234 Jan 23, 2017 like 81,884 #314",914,426,488,160,107,644,https://www.webtoons.com/en/fantasy/tower-of-god/season-2-ep-234/viewer?title_no=95&episode_no=315
tower-of-god,Tower of God,316,episode-000316-season-2-ep-235,"[Season 2] Ep. 235 Jan 30, 2017 like 79,982 #315",893,428,465,160,96,636,https://www.webtoons.com/en/fantasy/tower-of-god/season-2-ep-235/viewer?title_no=95&episode_no=316
tower-of-god,Tower of God,317,episode-000317-season-2-ep-236,"[Season 2] Ep. 236 Feb 6, 2017 like 80,867 #316",918,416,502,160,116,642,https://www.webtoons.com/en/fantasy/tower-of-god/season-2-ep-236/viewer?title_no=95&episode_no=317
tower-of-god,Tower of God,318,episode-000318-season-2-ep-237,"[Season 2] Ep. 237 Feb 13, 2017 like 82,772 #317",923,420,503,160,112,642,https://www.webtoons.com/en/fantasy/tower-of-god/season-2-ep-237/viewer?title_no=95&episode_no=318
tower-of-god,Tower of God,319,episode-000319-season-2-ep-238,"[Season 2] Ep. 238 Feb 20, 2017 like 84,504 #318",917,421,496,160,111,642,https://www.webtoons.com/en/fantasy/tower-of-god/season-2-ep-238/viewer?title_no=95&episode_no=319
tower-of-god,Tower of God,320,episode-000320-season-2-ep-239,"[Season 2] Ep. 239 Feb 27, 2017 like 87,675 #319",902,416,486,160,116,642,https://www.webtoons.com/en/fantasy/tower-of-god/season-2-ep-239/viewer?title_no=95&episode_no=320
tower-of-god,Tower of God,321,episode-000321-season-2-ep-240,"[Season 2] Ep. 240 Mar 6, 2017 like 92,399 #320",943,411,532,160,122,644,https://www.webtoons.com/en/fantasy/tower-of-god/season-2-ep-240/viewer?title_no=95&episode_no=321
tower-of-god,Tower of God,322,episode-000322-season-2-ep-241,"[Season 2] Ep. 241 Mar 13, 2017 like 84,830 #321",942,411,531,160,122,644,https://www.webtoons.com/en/fantasy/tower-of-god/season-2-ep-241/viewer?title_no=95&episode_no=322
tower-of-god,Tower of God,323,episode-000323-season-2-ep-242,"[Season 2] Ep. 242 Mar 20, 2017 like 84,961 #322",931,415,516,160,117,642,https://www.webtoons.com/en/fantasy/tower-of-god/season-2-ep-242/viewer?title_no=95&episode_no=323
tower-of-god,Tower of God,324,episode-000324-season-2-ep-243,"[Season 2] Ep. 243 Mar 27, 2017 like 82,270 #323",935,414,521,160,119,644,https://www.webtoons.com/en/fantasy/tower-of-god/season-2-ep-243/viewer?title_no=95&episode_no=324
tower-of-god,Tower of God,325,episode-000325-season-2-ep-244,"[Season 2] Ep. 244 Apr 3, 2017 like 89,604 #324",1002,384,618,160,150,646,https://www.webtoons.com/en/fantasy/tower-of-god/season-2-ep-244/viewer?title_no=95&episode_no=325
tower-of-god,Tower of God,326,episode-000326-season-2-ep-245,"[Season 2] Ep. 245 Apr 10, 2017 like 84,612 #325",936,412,524,160,120,642,https://www.webtoons.com/en/fantasy/tower-of-god/season-2-ep-245/viewer?title_no=95&episode_no=326
tower-of-god,Tower of God,327,episode-000327-season-2-ep-246,"[Season 2] Ep. 246 Apr 17, 2017 like 86,144 #326",947,408,539,160,125,644,https://www.webtoons.com/en/fantasy/tower-of-god/season-2-ep-246/viewer?title_no=95&episode_no=327
tower-of-god,Tower of God,328,episode-000328-season-2-ep-247,"[Season 2] Ep. 247 Apr 24, 2017 like 86,010 #327",922,414,508,160,119,644,https://www.webtoons.com/en/fantasy/tower-of-god/season-2-ep-247/viewer?title_no=95&episode_no=328
tower-of-god,Tower of God,329,episode-000329-season-2-ep-248,"[Season 2] Ep. 248 May 1, 2017 like 84,627 #328",907,418,489,160,114,642,https://www.webtoons.com/en/fantasy/tower-of-god/season-2-ep-248/viewer?title_no=95&episode_no=329
tower-of-god,Tower of God,330,episode-000330-season-2-ep-249,"[Season 2] Ep. 249 May 8, 2017 like 84,653 #329",927,420,507,160,113,644,https://www.webtoons.com/en/fantasy/tower-of-god/season-2-ep-249/viewer?title_no=95&episode_no=330
tower-of-god,Tower of God,331,episode-000331-season-2-ep-250,"[Season 2] Ep. 250 May 15, 2017 like 91,399 #330",1004,381,623,160,153,646,https://www.webtoons.com/en/fantasy/tower-of-god/season-2-ep-250/viewer?title_no=95&episode_no=331
tower-of-god,Tower of God,332,episode-000332-season-2-ep-251,"[Season 2] Ep. 251 May 22, 2017 like 84,732 #331",946,408,538,160,125,644,https://www.webtoons.com/en/fantasy/tower-of-god/season-2-ep-251/viewer?title_no=95&episode_no=332
tower-of-god,Tower of God,333,episode-000333-season-2-ep-252,"[Season 2] Ep. 252 May 29, 2017 like 85,505 #332",966,398,568,160,134,642,https://www.webtoons.com/en/fantasy/tower-of-god/season-2-ep-252/viewer?title_no=95&episode_no=333
tower-of-god,Tower of God,334,episode-000334-season-2-ep-253,"[Season 2] Ep. 253 Jun 5, 2017 like 104,499 #333",951,408,543,160,125,644,https://www.webtoons.com/en/fantasy/tower-of-god/season-2-ep-253/viewer?title_no=95&episode_no=334
tower-of-god,Tower of God,335,episode-000335-season-2-ep-254,"[Season 2] Ep. 254 Jun 12, 2017 like 88,800 #334",925,409,516,160,123,642,https://www.webtoons.com/en/fantasy/tower-of-god/season-2-ep-254/viewer?title_no=95&episode_no=335
tower-of-god,Tower of God,336,episode-000336-season-2-ep-255,"[Season 2] Ep. 255 Jun 19, 2017 like 87,087 #335",927,411,516,160,122,644,https://www.webtoons.com/en/fantasy/tower-of-god/season-2-ep-255/viewer?title_no=95&episode_no=336
tower-of-god,Tower of God,337,episode-000337-season-2-ep-256,"[Season 2] Ep. 256 Jun 26, 2017 like 87,651 #336",873,415,458,160,118,644,https://www.webtoons.com/en/fantasy/tower-of-god/season-2-ep-256/viewer?title_no=95&episode_no=337
tower-of-god,Tower of God,338,episode-000338-season-2-ep-257,"[Season 2] Ep. 257 Jul 10, 2017 like 94,007 #337",951,405,546,160,127,642,https://www.webtoons.com/en/fantasy/tower-of-god/season-2-ep-257/viewer?title_no=95&episode_no=338
tower-of-god,Tower of God,339,episode-000339-season-2-ep-258,"[Season 2] Ep. 258 Jul 17, 2017 like 87,538 #338",931,415,516,160,117,642,https://www.webtoons.com/en/fantasy/tower-of-god/season-2-ep-258/viewer?title_no=95&episode_no=339
tower-of-god,Tower of God,340,episode-000340-season-2-ep-259,"[Season 2] Ep. 259 Jul 24, 2017 like 89,593 #339",913,408,505,160,125,644,https://www.webtoons.com/en/fantasy/tower-of-god/season-2-ep-259/viewer?title_no=95&episode_no=340
tower-of-god,Tower of God,341,episode-000341-season-2-ep-260,"[Season 2] Ep. 260 Jul 31, 2017 like 87,089 #340",948,409,539,160,124,644,https://www.webtoons.com/en/fantasy/tower-of-god/season-2-ep-260/viewer?title_no=95&episode_no=341
tower-of-god,Tower of God,342,episode-000342-season-2-ep-261,"[Season 2] Ep. 261 Aug 7, 2017 like 84,346 #341",936,415,521,160,118,644,https://www.webtoons.com/en/fantasy/tower-of-god/season-2-ep-261/viewer?title_no=95&episode_no=342
tower-of-god,Tower of God,343,episode-000343-season-2-ep-262,"[Season 2] Ep. 262 Aug 14, 2017 like 84,229 #342",930,412,518,160,121,644,https://www.webtoons.com/en/fantasy/tower-of-god/season-2-ep-262/viewer?title_no=95&episode_no=343
tower-of-god,Tower of God,344,episode-000344-season-2-ep-263,"[Season 2] Ep. 263 Aug 21, 2017 like 84,205 #343",957,403,554,160,129,642,https://www.webtoons.com/en/fantasy/tower-of-god/season-2-ep-263/viewer?title_no=95&episode_no=344
tower-of-god,Tower of God,345,episode-000345-season-2-ep-264,"[Season 2] Ep. 264 Aug 28, 2017 like 87,672 #344",963,400,563,160,153,683,https://www.webtoons.com/en/fantasy/tower-of-god/season-2-ep-264/viewer?title_no=95&episode_no=345
tower-of-god,Tower of God,346,episode-000346-season-2-ep-265,"[Season 2] Ep. 265 Sep 4, 2017 like 87,697 #345",962,400,562,160,132,642,https://www.webtoons.com/en/fantasy/tower-of-god/season-2-ep-265/viewer?title_no=95&episode_no=346
tower-of-god,Tower of God,347,episode-000347-season-2-ep-266,"[Season 2] Ep. 266 Sep 11, 2017 like 162,243 #346",936,415,521,160,118,644,https://www.webtoons.com/en/fantasy/tower-of-god/season-2-ep-266/viewer?title_no=95&episode_no=347
tower-of-god,Tower of God,348,episode-000348-season-2-ep-267,"[Season 2] Ep. 267 Sep 18, 2017 like 111,213 #347",917,424,493,160,109,644,https://www.webtoons.com/en/fantasy/tower-of-god/season-2-ep-267/viewer?title_no=95&episode_no=348
tower-of-god,Tower of God,349,episode-000349-season-2-ep-268,"[Season 2] Ep. 268 Sep 25, 2017 like 157,896 #348",954,404,550,160,128,642,https://www.webtoons.com/en/fantasy/tower-of-god/season-2-ep-268/viewer?title_no=95&episode_no=349
tower-of-god,Tower of God,350,episode-000350-season-2-ep-269,"[Season 2] Ep. 269 Oct 2, 2017 like 120,742 #349",938,412,526,160,120,642,https://www.webtoons.com/en/fantasy/tower-of-god/season-2-ep-269/viewer?title_no=95&episode_no=350
tower-of-god,Tower of God,351,episode-000351-season-2-ep-270,"[Season 2] Ep. 270 Oct 9, 2017 like 98,431 #350",964,399,565,160,133,642,https://www.webtoons.com/en/fantasy/tower-of-god/season-2-ep-270/viewer?title_no=95&episode_no=351
tower-of-god,Tower of God,352,episode-000352-season-2-ep-271,"[Season 2] Ep. 271 Oct 16, 2017 like 133,826 #351",986,390,596,160,143,644,https://www.webtoons.com/en/fantasy/tower-of-god/season-2-ep-271/viewer?title_no=95&episode_no=352
tower-of-god,Tower of God,353,episode-000353-season-2-ep-272,"[Season 2] Ep. 272 Oct 23, 2017 like 126,092 #352",970,397,573,160,136,644,https://www.webtoons.com/en/fantasy/tower-of-god/season-2-ep-272/viewer?title_no=95&episode_no=353
tower-of-god,Tower of God,354,episode-000354-season-2-ep-273,"[Season 2] Ep. 273 Oct 30, 2017 like 106,119 #353",925,418,507,160,114,642,https://www.webtoons.com/en/fantasy/tower-of-god/season-2-ep-273/viewer?title_no=95&episode_no=354
tower-of-god,Tower of God,355,episode-000355-season-2-ep-274,"[Season 2] Ep. 274 Nov 6, 2017 like 95,539 #354",912,425,487,160,108,644,https://www.webtoons.com/en/fantasy/tower-of-god/season-2-ep-274/viewer?title_no=95&episode_no=355
tower-of-god,Tower of God,356,episode-000356-season-2-ep-275,"[Season 2] Ep. 275 Nov 13, 2017 like 95,037 #355",926,417,509,160,115,642,https://www.webtoons.com/en/fantasy/tower-of-god/season-2-ep-275/viewer?title_no=95&episode_no=356
tower-of-god,Tower of God,357,episode-000357-season-2-ep-276,"[Season 2] Ep. 276 Nov 20, 2017 like 97,929 #356",900,427,473,160,104,642,https://www.webtoons.com/en/fantasy/tower-of-god/season-2-ep-276/viewer?title_no=95&episode_no=357
tower-of-god,Tower of God,358,episode-000358-season-2-ep-277,"[Season 2] Ep. 277 Nov 27, 2017 like 98,275 #357",948,408,540,160,125,644,https://www.webtoons.com/en/fantasy/tower-of-god/season-2-ep-277/viewer?title_no=95&episode_no=358
tower-of-god,Tower of God,359,episode-000359-season-2-ep-278,"[Season 2] Ep. 278 Dec 4, 2017 like 96,758 #358",877,429,448,160,91,632,https://www.webtoons.com/en/fantasy/tower-of-god/season-2-ep-278/viewer?title_no=95&episode_no=359
tower-of-god,Tower of God,360,episode-000360-season-2-ep-279,"[Season 2] Ep. 279 Dec 11, 2017 like 97,055 #359",850,427,423,160,84,621,https://www.webtoons.com/en/fantasy/tower-of-god/season-2-ep-279/viewer?title_no=95&episode_no=360
tower-of-god,Tower of God,361,episode-000361-season-2-ep-280,"[Season 2] Ep. 280 Dec 18, 2017 like 93,939 #360",906,427,479,160,103,641,https://www.webtoons.com/en/fantasy/tower-of-god/season-2-ep-280/viewer?title_no=95&episode_no=361
tower-of-god,Tower of God,362,episode-000362-season-2-ep-281,"[Season 2] Ep. 281 Dec 25, 2017 like 98,008 #361",924,409,515,160,123,642,https://www.webtoons.com/en/fantasy/tower-of-god/season-2-ep-281/viewer?title_no=95&episode_no=362
tower-of-god,Tower of God,363,episode-000363-season-2-ep-282,"[Season 2] Ep. 282 Jan 1, 2018 like 97,402 #362",901,427,474,160,101,639,https://www.webtoons.com/en/fantasy/tower-of-god/season-2-ep-282/viewer?title_no=95&episode_no=363
tower-of-god,Tower of God,364,episode-000364-season-2-ep-283,"[Season 2] Ep. 283 Jan 8, 2018 like 96,310 #363",907,426,481,160,105,641,https://www.webtoons.com/en/fantasy/tower-of-god/season-2-ep-283/viewer?title_no=95&episode_no=364
tower-of-god,Tower of God,365,episode-000365-season-2-ep-284,"[Season 2] Ep. 284 Jan 15, 2018 like 100,398 #364",903,426,477,160,102,638,https://www.webtoons.com/en/fantasy/tower-of-god/season-2-ep-284/viewer?title_no=95&episode_no=365
tower-of-god,Tower of God,366,episode-000366-season-2-ep-285,"[Season 2] Ep. 285 Jan 22, 2018 like 110,684 #365",888,427,461,160,95,632,https://www.webtoons.com/en/fantasy/tower-of-god/season-2-ep-285/viewer?title_no=95&episode_no=366
tower-of-god,Tower of God,367,episode-000367-season-2-ep-286,"[Season 2] Ep. 286 Jan 29, 2018 like 109,351 #366",925,418,507,160,114,642,https://www.webtoons.com/en/fantasy/tower-of-god/season-2-ep-286/viewer?title_no=95&episode_no=367
tower-of-god,Tower of God,368,episode-000368-season-2-ep-287,"[Season 2] Ep. 287 Feb 5, 2018 like 104,431 #367",951,407,544,160,126,644,https://www.webtoons.com/en/fantasy/tower-of-god/season-2-ep-287/viewer?title_no=95&episode_no=368
tower-of-god,Tower of God,369,episode-000369-season-2-ep-288,"[Season 2] Ep. 288 Feb 12, 2018 like 162,725 #368",949,408,541,160,125,644,https://www.webtoons.com/en/fantasy/tower-of-god/season-2-ep-288/viewer?title_no=95&episode_no=369
tower-of-god,Tower of God,370,episode-000370-season-2-ep-289,"[Season 2] Ep. 289 Feb 19, 2018 like 214,334 #369",949,407,542,160,126,644,https://www.webtoons.com/en/fantasy/tower-of-god/season-2-ep-289/viewer?title_no=95&episode_no=370
tower-of-god,Tower of God,371,episode-000371-season-2-ep-290,"[Season 2] Ep. 290 Feb 26, 2018 like 167,060 #370",926,418,508,160,114,642,https://www.webtoons.com/en/fantasy/tower-of-god/season-2-ep-290/viewer?title_no=95&episode_no=371
tower-of-god,Tower of God,372,episode-000372-season-2-ep-291,"[Season 2] Ep. 291 Mar 5, 2018 like 158,194 #371",901,420,481,160,112,642,https://www.webtoons.com/en/fantasy/tower-of-god/season-2-ep-291/viewer?title_no=95&episode_no=372
tower-of-god,Tower of God,373,episode-000373-season-2-ep-292,"[Season 2] Ep. 292 Mar 12, 2018 like 189,596 #372",928,412,516,160,120,642,https://www.webtoons.com/en/fantasy/tower-of-god/season-2-ep-292/viewer?title_no=95&episode_no=373
tower-of-god,Tower of God,374,episode-000374-season-2-ep-293,"[Season 2] Ep. 293 Mar 19, 2018 like 182,625 #373",899,428,471,160,99,638,https://www.webtoons.com/en/fantasy/tower-of-god/season-2-ep-293/viewer?title_no=95&episode_no=374
tower-of-god,Tower of God,375,episode-000375-season-2-ep-294,"[Season 2] Ep. 294 Mar 26, 2018 like 172,621 #374",889,429,460,160,93,634,https://www.webtoons.com/en/fantasy/tower-of-god/season-2-ep-294/viewer?title_no=95&episode_no=375
tower-of-god,Tower of God,376,episode-000376-season-2-ep-295,"[Season 2] Ep. 295 Apr 2, 2018 like 149,884 #375",879,426,453,160,88,623,https://www.webtoons.com/en/fantasy/tower-of-god/season-2-ep-295/viewer?title_no=95&episode_no=376
tower-of-god,Tower of God,377,episode-000377-season-2-ep-296,"[Season 2] Ep. 296 Apr 9, 2018 like 151,302 #376",840,427,413,160,99,637,https://www.webtoons.com/en/fantasy/tower-of-god/season-2-ep-296/viewer?title_no=95&episode_no=377
tower-of-god,Tower of God,378,episode-000378-season-2-ep-297,"[Season 2] Ep. 297 Apr 16, 2018 like 158,431 #377",881,428,453,160,88,626,https://www.webtoons.com/en/fantasy/tower-of-god/season-2-ep-297/viewer?title_no=95&episode_no=378
tower-of-god,Tower of God,379,episode-000379-season-2-ep-298,"[Season 2] Ep. 298 Apr 23, 2018 like 148,550 #378",890,428,462,160,92,632,https://www.webtoons.com/en/fantasy/tower-of-god/season-2-ep-298/viewer?title_no=95&episode_no=379
tower-of-god,Tower of God,380,episode-000380-season-2-ep-299,"[Season 2] Ep. 299 Apr 30, 2018 like 177,035 #379",875,427,448,160,97,635,https://www.webtoons.com/en/fantasy/tower-of-god/season-2-ep-299/viewer?title_no=95&episode_no=380
tower-of-god,Tower of God,381,episode-000381-season-2-ep-300,"[Season 2] Ep. 300 May 7, 2018 like 159,343 #380",876,429,447,160,94,634,https://www.webtoons.com/en/fantasy/tower-of-god/season-2-ep-300/viewer?title_no=95&episode_no=381
tower-of-god,Tower of God,382,episode-000382-season-2-ep-301,"[Season 2] Ep. 301 May 14, 2018 like 223,276 #381",878,427,451,160,99,637,https://www.webtoons.com/en/fantasy/tower-of-god/season-2-ep-301/viewer?title_no=95&episode_no=382
tower-of-god,Tower of God,383,episode-000383-season-2-ep-302,"[Season 2] Ep. 302 May 21, 2018 like 155,904 #382",896,427,469,160,98,636,https://www.webtoons.com/en/fantasy/tower-of-god/season-2-ep-302/viewer?title_no=95&episode_no=383
tower-of-god,Tower of God,384,episode-000384-season-2-ep-303,"[Season 2] Ep. 303 May 28, 2018 like 147,684 #383",908,425,483,160,108,644,https://www.webtoons.com/en/fantasy/tower-of-god/season-2-ep-303/viewer?title_no=95&episode_no=384
tower-of-god,Tower of God,385,episode-000385-season-2-ep-304,"[Season 2] Ep. 304 Jun 4, 2018 like 151,008 #384",874,429,445,160,81,621,https://www.webtoons.com/en/fantasy/tower-of-god/season-2-ep-304/viewer?title_no=95&episode_no=385
tower-of-god,Tower of God,386,episode-000386-season-2-ep-305,"[Season 2] Ep. 305 Jun 11, 2018 like 158,727 #385",862,427,435,160,88,624,https://www.webtoons.com/en/fantasy/tower-of-god/season-2-ep-305/viewer?title_no=95&episode_no=386
tower-of-god,Tower of God,387,episode-000387-season-2-ep-306,"[Season 2] Ep. 306 Jun 18, 2018 like 210,405 #386",898,426,472,160,100,636,https://www.webtoons.com/en/fantasy/tower-of-god/season-2-ep-306/viewer?title_no=95&episode_no=387
tower-of-god,Tower of God,388,episode-000388-season-2-ep-307,"[Season 2] Ep. 307 Jun 25, 2018 like 180,099 #387",859,430,429,160,93,635,https://www.webtoons.com/en/fantasy/tower-of-god/season-2-ep-307/viewer?title_no=95&episode_no=388
tower-of-god,Tower of God,389,episode-000389-season-2-ep-308,"[Season 2] Ep. 308 Jul 2, 2018 like 158,024 #388",898,427,471,160,99,637,https://www.webtoons.com/en/fantasy/tower-of-god/season-2-ep-308/viewer?title_no=95&episode_no=389
tower-of-god,Tower of God,390,episode-000390-season-2-ep-309,"[Season 2] Ep. 309 Jul 9, 2018 like 137,488 #389",862,426,436,160,88,623,https://www.webtoons.com/en/fantasy/tower-of-god/season-2-ep-309/viewer?title_no=95&episode_no=390
tower-of-god,Tower of God,391,episode-000391-season-2-ep-310,"[Season 2] Ep. 310 Jul 16, 2018 like 151,575 #390",886,427,459,160,98,636,https://www.webtoons.com/en/fantasy/tower-of-god/season-2-ep-310/viewer?title_no=95&episode_no=391
tower-of-god,Tower of God,392,episode-000392-season-2-ep-311,"[Season 2] Ep. 311 Jul 23, 2018 like 140,746 #391",896,429,467,160,96,637,https://www.webtoons.com/en/fantasy/tower-of-god/season-2-ep-311/viewer?title_no=95&episode_no=392
tower-of-god,Tower of God,393,episode-000393-season-2-ep-312,"[Season 2] Ep. 312 Jul 30, 2018 like 142,389 #392",928,416,512,160,116,642,https://www.webtoons.com/en/fantasy/tower-of-god/season-2-ep-312/viewer?title_no=95&episode_no=393
tower-of-god,Tower of God,394,episode-000394-season-2-ep-313,"[Season 2] Ep. 313 Aug 6, 2018 like 138,308 #393",880,429,451,160,92,633,https://www.webtoons.com/en/fantasy/tower-of-god/season-2-ep-313/viewer?title_no=95&episode_no=394
tower-of-god,Tower of God,395,episode-000395-season-2-ep-314,"[Season 2] Ep. 314 Aug 13, 2018 like 154,009 #394",894,427,467,160,103,641,https://www.webtoons.com/en/fantasy/tower-of-god/season-2-ep-314/viewer?title_no=95&episode_no=395
tower-of-god,Tower of God,396,episode-000396-season-2-ep-315,"[Season 2] Ep. 315 Aug 20, 2018 like 138,308 #395",887,428,459,160,106,646,https://www.webtoons.com/en/fantasy/tower-of-god/season-2-ep-315/viewer?title_no=95&episode_no=396
tower-of-god,Tower of God,397,episode-000397-season-2-ep-316,"[Season 2] Ep. 316 Aug 27, 2018 like 159,281 #396",890,427,463,160,95,632,https://www.webtoons.com/en/fantasy/tower-of-god/season-2-ep-316/viewer?title_no=95&episode_no=397
tower-of-god,Tower of God,398,episode-000398-season-2-ep-317,"[Season 2] Ep. 317 Sep 3, 2018 like 139,550 #397",896,429,467,160,96,637,https://www.webtoons.com/en/fantasy/tower-of-god/season-2-ep-317/viewer?title_no=95&episode_no=398
tower-of-god,Tower of God,399,episode-000399-season-2-ep-318,"[Season 2] Ep. 318 Sep 10, 2018 like 141,991 #398",896,426,470,160,102,638,https://www.webtoons.com/en/fantasy/tower-of-god/season-2-ep-318/viewer?title_no=95&episode_no=399
tower-of-god,Tower of God,400,episode-000400-season-2-ep-319,"[Season 2] Ep. 319 Sep 17, 2018 like 141,137 #399",885,426,459,160,105,641,https://www.webtoons.com/en/fantasy/tower-of-god/season-2-ep-319/viewer?title_no=95&episode_no=400
tower-of-god,Tower of God,401,episode-000401-season-2-ep-320,"[Season 2] Ep. 320 Sep 24, 2018 like 187,819 #400",918,424,494,160,109,644,https://www.webtoons.com/en/fantasy/tower-of-god/season-2-ep-320/viewer?title_no=95&episode_no=401
tower-of-god,Tower of God,402,episode-000402-season-2-ep-321,"[Season 2] Ep. 321 Oct 1, 2018 like 148,621 #401",953,407,546,160,126,644,https://www.webtoons.com/en/fantasy/tower-of-god/season-2-ep-321/viewer?title_no=95&episode_no=402
tower-of-god,Tower of God,403,episode-000403-season-2-ep-322,"[Season 2] Ep. 322 Oct 8, 2018 like 137,709 #402",914,425,489,160,108,644,https://www.webtoons.com/en/fantasy/tower-of-god/season-2-ep-322/viewer?title_no=95&episode_no=403
tower-of-god,Tower of God,404,episode-000404-season-2-ep-323,"[Season 2] Ep. 323 Oct 15, 2018 like 141,947 #403",933,415,518,160,118,644,https://www.webtoons.com/en/fantasy/tower-of-god/season-2-ep-323/viewer?title_no=95&episode_no=404
tower-of-god,Tower of God,405,episode-000405-season-2-ep-324,"[Season 2] Ep. 324 Oct 22, 2018 like 152,517 #404",874,427,447,160,103,641,https://www.webtoons.com/en/fantasy/tower-of-god/season-2-ep-324/viewer?title_no=95&episode_no=405
tower-of-god,Tower of God,406,episode-000406-season-2-ep-325,"[Season 2] Ep. 325 Oct 29, 2018 like 148,769 #405",899,426,473,160,102,638,https://www.webtoons.com/en/fantasy/tower-of-god/season-2-ep-325/viewer?title_no=95&episode_no=406
tower-of-god,Tower of God,407,episode-000407-season-2-ep-326,"[Season 2] Ep. 326 Nov 5, 2018 like 141,142 #406",902,423,479,160,110,644,https://www.webtoons.com/en/fantasy/tower-of-god/season-2-ep-326/viewer?title_no=95&episode_no=407
tower-of-god,Tower of God,408,episode-000408-season-2-ep-327,"[Season 2] Ep. 327 Nov 12, 2018 like 136,025 #407",934,415,519,160,118,644,https://www.webtoons.com/en/fantasy/tower-of-god/season-2-ep-327/viewer?title_no=95&episode_no=408
tower-of-god,Tower of God,409,episode-000409-season-2-ep-328,"[Season 2] Ep. 328 Nov 19, 2018 like 145,154 #408",881,428,453,160,95,633,https://www.webtoons.com/en/fantasy/tower-of-god/season-2-ep-328/viewer?title_no=95&episode_no=409
tower-of-god,Tower of God,410,episode-000410-season-2-ep-329,"[Season 2] Ep. 329 Nov 26, 2018 like 161,244 #409",906,427,479,160,104,642,https://www.webtoons.com/en/fantasy/tower-of-god/season-2-ep-329/viewer?title_no=95&episode_no=410
tower-of-god,Tower of God,411,episode-000411-season-2-ep-330,"[Season 2] Ep. 330 Dec 3, 2018 like 152,886 #410",922,420,502,160,112,642,https://www.webtoons.com/en/fantasy/tower-of-god/season-2-ep-330/viewer?title_no=95&episode_no=411
tower-of-god,Tower of God,412,episode-000412-season-2-ep-331,"[Season 2] Ep. 331 Dec 10, 2018 like 146,285 #411",914,426,488,160,107,644,https://www.webtoons.com/en/fantasy/tower-of-god/season-2-ep-331/viewer?title_no=95&episode_no=412
tower-of-god,Tower of God,413,episode-000413-season-2-ep-332,"[Season 2] Ep. 332 Dec 17, 2018 like 142,531 #412",883,426,457,160,105,641,https://www.webtoons.com/en/fantasy/tower-of-god/season-2-ep-332/viewer?title_no=95&episode_no=413
tower-of-god,Tower of God,414,episode-000414-season-2-ep-333,"[Season 2] Ep. 333 Dec 24, 2018 like 145,841 #413",822,428,394,160,95,633,https://www.webtoons.com/en/fantasy/tower-of-god/season-2-ep-333/viewer?title_no=95&episode_no=414
tower-of-god,Tower of God,415,episode-000415-season-2-ep-334,"[Season 2] Ep. 334 Dec 31, 2018 like 165,969 #414",912,428,484,160,106,646,https://www.webtoons.com/en/fantasy/tower-of-god/season-2-ep-334/viewer?title_no=95&episode_no=415
tower-of-god,Tower of God,416,episode-000416-season-2-ep-335,"[Season 2] Ep. 335 Jan 13, 2019 like 145,584 #415",891,423,468,160,110,644,https://www.webtoons.com/en/fantasy/tower-of-god/season-2-ep-335/viewer?title_no=95&episode_no=416
tower-of-god,Tower of God,417,episode-000417-season-2-ep-336,"[Season 2] Ep. 336 Jan 20, 2019 like 146,826 #416",926,417,509,160,115,642,https://www.webtoons.com/en/fantasy/tower-of-god/season-2-ep-336/viewer?title_no=95&episode_no=417
tower-of-god,Tower of God,418,episode-000418-season-2-ep-337,"[Season 2] Ep. 337 Jan 27, 2019 like 213,393 #417",883,423,460,160,110,644,https://www.webtoons.com/en/fantasy/tower-of-god/season-2-ep-337/viewer?title_no=95&episode_no=418
tower-of-god,Tower of God,419,episode-000419-season-3-ep-1,"[Season 3] Ep. 1 Mar 17, 2019 like 153,433 #418",949,405,544,160,127,642,https://www.webtoons.com/en/fantasy/tower-of-god/season-3-ep-1/viewer?title_no=95&episode_no=419
tower-of-god,Tower of God,420,episode-000420-season-3-ep-2,"[Season 3] Ep. 2 Mar 24, 2019 like 165,771 #419",965,397,568,160,135,642,https://www.webtoons.com/en/fantasy/tower-of-god/season-3-ep-2/viewer?title_no=95&episode_no=420
tower-of-god,Tower of God,421,episode-000421-season-3-ep-3,"[Season 3] Ep. 3 Mar 31, 2019 like 146,958 #420",1030,364,666,160,170,646,https://www.webtoons.com/en/fantasy/tower-of-god/season-3-ep-3/viewer?title_no=95&episode_no=421
tower-of-god,Tower of God,422,episode-000422-season-3-ep-4,"[Season 3] Ep. 4 Apr 7, 2019 like 147,907 #421",881,426,455,160,90,626,https://www.webtoons.com/en/fantasy/tower-of-god/season-3-ep-4/viewer?title_no=95&episode_no=422
tower-of-god,Tower of God,423,episode-000423-season-3-ep-5,"[Season 3] Ep. 5 Apr 14, 2019 like 178,599 #422",943,409,534,160,123,642,https://www.webtoons.com/en/fantasy/tower-of-god/season-3-ep-5/viewer?title_no=95&episode_no=423
tower-of-god,Tower of God,424,episode-000424-season-3-ep-6,"[Season 3] Ep. 6 Apr 21, 2019 like 165,153 #423",871,417,454,160,115,642,https://www.webtoons.com/en/fantasy/tower-of-god/season-3-ep-6/viewer?title_no=95&episode_no=424
tower-of-god,Tower of God,425,episode-000425-season-3-ep-7,"[Season 3] Ep. 7 Apr 28, 2019 like 141,885 #424",938,414,524,160,119,644,https://www.webtoons.com/en/fantasy/tower-of-god/season-3-ep-7/viewer?title_no=95&episode_no=425
tower-of-god,Tower of God,426,episode-000426-season-3-ep-8,"[Season 3] Ep. 8 May 5, 2019 like 199,037 #425",1008,402,606,160,153,687,https://www.webtoons.com/en/fantasy/tower-of-god/season-3-ep-8/viewer?title_no=95&episode_no=426
tower-of-god,Tower of God,427,episode-000427-season-3-ep-9,"[Season 3] Ep. 9 May 12, 2019 like 151,225 #426",960,411,549,160,132,663,https://www.webtoons.com/en/fantasy/tower-of-god/season-3-ep-9/viewer?title_no=95&episode_no=427
tower-of-god,Tower of God,428,episode-000428-season-3-ep-10,"[Season 3] Ep. 10 May 19, 2019 like 149,242 #427",955,403,552,160,129,642,https://www.webtoons.com/en/fantasy/tower-of-god/season-3-ep-10/viewer?title_no=95&episode_no=428
tower-of-god,Tower of God,429,episode-000429-season-3-ep-11,"[Season 3] Ep. 11 May 26, 2019 like 137,257 #428",962,400,562,160,132,642,https://www.webtoons.com/en/fantasy/tower-of-god/season-3-ep-11/viewer?title_no=95&episode_no=429
tower-of-god,Tower of God,430,episode-000430-season-3-ep-12,"[Season 3] Ep. 12 Jun 2, 2019 like 140,320 #429",929,394,535,160,139,644,https://www.webtoons.com/en/fantasy/tower-of-god/season-3-ep-12/viewer?title_no=95&episode_no=430
tower-of-god,Tower of God,431,episode-000431-season-3-ep-13,"[Season 3] Ep. 13 Jun 9, 2019 like 135,092 #430",952,405,547,160,127,642,https://www.webtoons.com/en/fantasy/tower-of-god/season-3-ep-13/viewer?title_no=95&episode_no=431
tower-of-god,Tower of God,432,episode-000432-season-3-ep-14,"[Season 3] Ep. 14 Jun 16, 2019 like 143,173 #431",959,398,561,160,134,642,https://www.webtoons.com/en/fantasy/tower-of-god/season-3-ep-14/viewer?title_no=95&episode_no=432
tower-of-god,Tower of God,433,episode-000433-season-3-ep-15,"[Season 3] Ep. 15 Jun 23, 2019 like 142,339 #432",984,391,593,160,142,644,https://www.webtoons.com/en/fantasy/tower-of-god/season-3-ep-15/viewer?title_no=95&episode_no=433
tower-of-god,Tower of God,434,episode-000434-season-3-ep-16,"[Season 3] Ep. 16 Jun 30, 2019 like 135,892 #433",960,401,559,160,131,642,https://www.webtoons.com/en/fantasy/tower-of-god/season-3-ep-16/viewer?title_no=95&episode_no=434
tower-of-god,Tower of God,435,episode-000435-season-3-ep-17,"[Season 3] Ep. 17 Jul 7, 2019 like 141,148 #434",882,427,455,160,101,639,https://www.webtoons.com/en/fantasy/tower-of-god/season-3-ep-17/viewer?title_no=95&episode_no=435
tower-of-god,Tower of God,436,episode-000436-season-3-ep-18,"[Season 3] Ep. 18 Jul 14, 2019 like 141,457 #435",966,397,569,160,135,642,https://www.webtoons.com/en/fantasy/tower-of-god/season-3-ep-18/viewer?title_no=95&episode_no=436
tower-of-god,Tower of God,437,episode-000437-season-3-ep-19,"[Season 3] Ep. 19 Jul 21, 2019 like 142,708 #436",937,414,523,160,119,644,https://www.webtoons.com/en/fantasy/tower-of-god/season-3-ep-19/viewer?title_no=95&episode_no=437
tower-of-god,Tower of God,438,episode-000438-season-3-ep-20,"[Season 3] Ep. 20 Jul 28, 2019 like 139,753 #437",952,403,549,160,129,642,https://www.webtoons.com/en/fantasy/tower-of-god/season-3-ep-20/viewer?title_no=95&episode_no=438
tower-of-god,Tower of God,439,episode-000439-season-3-ep-21,"[Season 3] Ep. 21 Aug 4, 2019 like 137,557 #438",987,390,597,160,144,646,https://www.webtoons.com/en/fantasy/tower-of-god/season-3-ep-21/viewer?title_no=95&episode_no=439
tower-of-god,Tower of God,440,episode-000440-season-3-ep-22,"[Season 3] Ep. 22 Aug 11, 2019 like 143,408 #439",938,398,540,160,134,642,https://www.webtoons.com/en/fantasy/tower-of-god/season-3-ep-22/viewer?title_no=95&episode_no=440
tower-of-god,Tower of God,441,episode-000441-season-3-ep-23,"[Season 3] Ep. 23 Aug 18, 2019 like 142,031 #440",879,429,450,160,92,633,https://www.webtoons.com/en/fantasy/tower-of-god/season-3-ep-23/viewer?title_no=95&episode_no=441
tower-of-god,Tower of God,442,episode-000442-season-3-ep-24,"[Season 3] Ep. 24 Aug 25, 2019 like 137,423 #441",918,412,506,160,121,644,https://www.webtoons.com/en/fantasy/tower-of-god/season-3-ep-24/viewer?title_no=95&episode_no=442
tower-of-god,Tower of God,443,episode-000443-season-3-ep-25,"[Season 3] Ep. 25 Sep 1, 2019 like 145,550 #442",964,400,564,160,132,642,https://www.webtoons.com/en/fantasy/tower-of-god/season-3-ep-25/viewer?title_no=95&episode_no=443
tower-of-god,Tower of God,444,episode-000444-season-3-ep-26,"[Season 3] Ep. 26 Sep 8, 2019 like 144,352 #443",941,412,529,160,121,644,https://www.webtoons.com/en/fantasy/tower-of-god/season-3-ep-26/viewer?title_no=95&episode_no=444
tower-of-god,Tower of God,445,episode-000445-season-3-ep-27,"[Season 3] Ep. 27 Sep 15, 2019 like 151,708 #444",957,397,560,160,135,642,https://www.webtoons.com/en/fantasy/tower-of-god/season-3-ep-27/viewer?title_no=95&episode_no=445
tower-of-god,Tower of God,446,episode-000446-season-3-ep-28,"[Season 3] Ep. 28 Sep 22, 2019 like 143,450 #445",918,424,494,160,109,644,https://www.webtoons.com/en/fantasy/tower-of-god/season-3-ep-28/viewer?title_no=95&episode_no=446
tower-of-god,Tower of God,447,episode-000447-season-3-ep-29,"[Season 3] Ep. 29 Sep 29, 2019 like 163,452 #446",950,395,555,160,138,644,https://www.webtoons.com/en/fantasy/tower-of-god/season-3-ep-29/viewer?title_no=95&episode_no=447
tower-of-god,Tower of God,448,episode-000448-season-3-ep-30,"[Season 3] Ep. 30 Oct 6, 2019 like 227,453 #447",919,415,504,160,118,644,https://www.webtoons.com/en/fantasy/tower-of-god/season-3-ep-30/viewer?title_no=95&episode_no=448
tower-of-god,Tower of God,449,episode-000449-season-3-ep-31,"[Season 3] Ep. 31 Oct 13, 2019 like 171,332 #448",915,414,501,160,119,644,https://www.webtoons.com/en/fantasy/tower-of-god/season-3-ep-31/viewer?title_no=95&episode_no=449
tower-of-god,Tower of God,450,episode-000450-season-3-ep-32,"[Season 3] Ep. 32 Oct 20, 2019 like 154,488 #449",920,423,497,160,110,644,https://www.webtoons.com/en/fantasy/tower-of-god/season-3-ep-32/viewer?title_no=95&episode_no=450
tower-of-god,Tower of God,451,episode-000451-season-3-ep-33,"[Season 3] Ep. 33 Oct 27, 2019 like 148,106 #450",898,426,472,160,102,638,https://www.webtoons.com/en/fantasy/tower-of-god/season-3-ep-33/viewer?title_no=95&episode_no=451
tower-of-god,Tower of God,452,episode-000452-season-3-ep-34,"[Season 3] Ep. 34 Nov 3, 2019 like 142,857 #451",896,427,469,160,98,636,https://www.webtoons.com/en/fantasy/tower-of-god/season-3-ep-34/viewer?title_no=95&episode_no=452
tower-of-god,Tower of God,453,episode-000453-season-3-ep-35,"[Season 3] Ep. 35 Nov 10, 2019 like 153,989 #452",957,403,554,160,129,642,https://www.webtoons.com/en/fantasy/tower-of-god/season-3-ep-35/viewer?title_no=95&episode_no=453
tower-of-god,Tower of God,454,episode-000454-season-3-ep-36,"[Season 3] Ep. 36 Nov 17, 2019 like 146,067 #453",943,404,539,160,128,642,https://www.webtoons.com/en/fantasy/tower-of-god/season-3-ep-36/viewer?title_no=95&episode_no=454
tower-of-god,Tower of God,455,episode-000455-season-3-ep-37,"[Season 3] Ep. 37 Nov 24, 2019 like 148,927 #454",944,409,535,160,123,642,https://www.webtoons.com/en/fantasy/tower-of-god/season-3-ep-37/viewer?title_no=95&episode_no=455
tower-of-god,Tower of God,456,episode-000456-season-3-ep-38,"[Season 3] Ep. 38 Dec 1, 2019 like 143,004 #455",975,394,581,160,140,646,https://www.webtoons.com/en/fantasy/tower-of-god/season-3-ep-38/viewer?title_no=95&episode_no=456
tower-of-god,Tower of God,457,episode-000457-season-3-ep-39,"[Season 3] Ep. 39 Dec 8, 2019 like 151,707 #456",909,409,500,160,123,642,https://www.webtoons.com/en/fantasy/tower-of-god/season-3-ep-39/viewer?title_no=95&episode_no=457
tower-of-god,Tower of God,458,episode-000458-season-3-ep-40,"[Season 3] Ep. 40 Dec 15, 2019 like 147,987 #457",956,383,573,160,151,646,https://www.webtoons.com/en/fantasy/tower-of-god/season-3-ep-40/viewer?title_no=95&episode_no=458
tower-of-god,Tower of God,459,episode-000459-season-3-ep-41,"[Season 3] Ep. 41 Dec 22, 2019 like 134,783 #458",924,420,504,160,113,644,https://www.webtoons.com/en/fantasy/tower-of-god/season-3-ep-41/viewer?title_no=95&episode_no=459
tower-of-god,Tower of God,460,episode-000460-season-3-ep-42,"[Season 3] Ep. 42 Dec 29, 2019 like 154,474 #459",914,424,490,160,109,644,https://www.webtoons.com/en/fantasy/tower-of-god/season-3-ep-42/viewer?title_no=95&episode_no=460
tower-of-god,Tower of God,461,episode-000461-season-3-ep-43,"[Season 3] Ep. 43 Jan 5, 2020 like 142,549 #460",944,409,535,160,124,644,https://www.webtoons.com/en/fantasy/tower-of-god/season-3-ep-43/viewer?title_no=95&episode_no=461
tower-of-god,Tower of God,462,episode-000462-season-3-ep-44,"[Season 3] Ep. 44 Jan 12, 2020 like 139,345 #461",889,426,463,160,107,644,https://www.webtoons.com/en/fantasy/tower-of-god/season-3-ep-44/viewer?title_no=95&episode_no=462
tower-of-god,Tower of God,463,episode-000463-season-3-ep-45,"[Season 3] Ep. 45 Jan 19, 2020 like 142,902 #462",955,403,552,160,129,642,https://www.webtoons.com/en/fantasy/tower-of-god/season-3-ep-45/viewer?title_no=95&episode_no=463
tower-of-god,Tower of God,464,episode-000464-season-3-ep-46,"[Season 3] Ep. 46 Jan 26, 2020 like 140,894 #463",969,397,572,160,135,642,https://www.webtoons.com/en/fantasy/tower-of-god/season-3-ep-46/viewer?title_no=95&episode_no=464
tower-of-god,Tower of God,465,episode-000465-season-3-ep-47,"[Season 3] Ep. 47 Feb 2, 2020 like 151,563 #464",936,403,533,160,129,642,https://www.webtoons.com/en/fantasy/tower-of-god/season-3-ep-47/viewer?title_no=95&episode_no=465
tower-of-god,Tower of God,466,episode-000466-season-3-ep-48,"[Season 3] Ep. 48 Feb 9, 2020 like 171,587 #465",898,427,471,160,101,639,https://www.webtoons.com/en/fantasy/tower-of-god/season-3-ep-48/viewer?title_no=95&episode_no=466
tower-of-god,Tower of God,467,episode-000467-season-3-ep-49,"[Season 3] Ep. 49 Feb 16, 2020 like 175,104 #466",863,428,435,160,85,623,https://www.webtoons.com/en/fantasy/tower-of-god/season-3-ep-49/viewer?title_no=95&episode_no=467
tower-of-god,Tower of God,468,episode-000468-season-3-ep-50,"[Season 3] Ep. 50 Feb 23, 2020 like 149,947 #467",813,427,386,160,98,636,https://www.webtoons.com/en/fantasy/tower-of-god/season-3-ep-50/viewer?title_no=95&episode_no=468
tower-of-god,Tower of God,469,episode-000469-season-3-ep-51,"[Season 3] Ep. 51 Mar 1, 2020 like 160,602 #468",937,415,522,160,118,644,https://www.webtoons.com/en/fantasy/tower-of-god/season-3-ep-51/viewer?title_no=95&episode_no=469
tower-of-god,Tower of God,470,episode-000470-season-3-ep-52,"[Season 3] Ep. 52 Mar 8, 2020 like 154,959 #469",926,420,506,160,113,644,https://www.webtoons.com/en/fantasy/tower-of-god/season-3-ep-52/viewer?title_no=95&episode_no=470
tower-of-god,Tower of God,471,episode-000471-season-3-ep-53,"[Season 3] Ep. 53 Mar 15, 2020 like 173,084 #470",908,427,481,160,104,642,https://www.webtoons.com/en/fantasy/tower-of-god/season-3-ep-53/viewer?title_no=95&episode_no=471
tower-of-god,Tower of God,472,episode-000472-season-3-ep-54,"[Season 3] Ep. 54 Mar 22, 2020 like 156,603 #471",891,428,463,160,94,633,https://www.webtoons.com/en/fantasy/tower-of-god/season-3-ep-54/viewer?title_no=95&episode_no=472
tower-of-god,Tower of God,473,episode-000473-season-3-ep-55-bonus,"[Season 3] Ep. 55 + Bonus Mar 29, 2020 like 156,984 #472",885,423,462,160,110,644,https://www.webtoons.com/en/fantasy/tower-of-god/season-3-ep-55-bonus/viewer?title_no=95&episode_no=473
tower-of-god,Tower of God,474,episode-000474-season-3-ep-56,"[Season 3] Ep. 56 Apr 5, 2020 like 146,465 #473",932,415,517,160,117,642,https://www.webtoons.com/en/fantasy/tower-of-god/season-3-ep-56/viewer?title_no=95&episode_no=474
tower-of-god,Tower of God,475,episode-000475-season-3-ep-57,"[Season 3] Ep. 57 Apr 12, 2020 like 170,398 #474",890,429,461,160,94,634,https://www.webtoons.com/en/fantasy/tower-of-god/season-3-ep-57/viewer?title_no=95&episode_no=475
tower-of-god,Tower of God,476,episode-000476-season-3-ep-58,"[Season 3] Ep. 58 Apr 19, 2020 like 158,478 #475",985,390,595,160,143,644,https://www.webtoons.com/en/fantasy/tower-of-god/season-3-ep-58/viewer?title_no=95&episode_no=476
tower-of-god,Tower of God,477,episode-000477-season-3-ep-59,"[Season 3] Ep. 59 Apr 26, 2020 like 148,164 #476",924,418,506,160,114,642,https://www.webtoons.com/en/fantasy/tower-of-god/season-3-ep-59/viewer?title_no=95&episode_no=477
tower-of-god,Tower of God,478,episode-000478-season-3-ep-60,"[Season 3] Ep. 60 May 3, 2020 like 153,173 #477",968,398,570,160,134,642,https://www.webtoons.com/en/fantasy/tower-of-god/season-3-ep-60/viewer?title_no=95&episode_no=478
tower-of-god,Tower of God,479,episode-000479-season-3-ep-61,"[Season 3] Ep. 61 May 10, 2020 like 160,178 #478",981,394,587,160,140,646,https://www.webtoons.com/en/fantasy/tower-of-god/season-3-ep-61/viewer?title_no=95&episode_no=479
tower-of-god,Tower of God,480,episode-000480-season-3-ep-62,"[Season 3] Ep. 62 May 17, 2020 like 160,748 #479",964,399,565,160,133,642,https://www.webtoons.com/en/fantasy/tower-of-god/season-3-ep-62/viewer?title_no=95&episode_no=480
tower-of-god,Tower of God,481,episode-000481-season-3-ep-63,"[Season 3] Ep. 63 May 24, 2020 like 170,901 #480",981,391,590,160,142,644,https://www.webtoons.com/en/fantasy/tower-of-god/season-3-ep-63/viewer?title_no=95&episode_no=481
tower-of-god,Tower of God,482,episode-000482-season-3-ep-64,"[Season 3] Ep. 64 May 31, 2020 like 166,704 #481",885,429,456,160,91,632,https://www.webtoons.com/en/fantasy/tower-of-god/season-3-ep-64/viewer?title_no=95&episode_no=482
tower-of-god,Tower of God,483,episode-000483-season-3-ep-65,"[Season 3] Ep. 65 Jun 7, 2020 like 187,480 #482",997,385,612,160,148,644,https://www.webtoons.com/en/fantasy/tower-of-god/season-3-ep-65/viewer?title_no=95&episode_no=483
tower-of-god,Tower of God,484,episode-000484-season-3-ep-66,"[Season 3] Ep. 66 Jun 14, 2020 like 160,079 #483",901,427,474,160,101,639,https://www.webtoons.com/en/fantasy/tower-of-god/season-3-ep-66/viewer?title_no=95&episode_no=484
tower-of-god,Tower of God,485,episode-000485-season-3-ep-67,"[Season 3] Ep. 67 Jun 21, 2020 like 178,041 #484",943,412,531,160,121,644,https://www.webtoons.com/en/fantasy/tower-of-god/season-3-ep-67/viewer?title_no=95&episode_no=485
tower-of-god,Tower of God,486,episode-000486-season-3-ep-68,"[Season 3] Ep. 68 Jun 28, 2020 like 221,835 #485",919,415,504,160,118,644,https://www.webtoons.com/en/fantasy/tower-of-god/season-3-ep-68/viewer?title_no=95&episode_no=486
tower-of-god,Tower of God,487,episode-000487-season-3-ep-69,"[Season 3] Ep. 69 May 30, 2021 like 156,473 #486",977,389,588,160,145,646,https://www.webtoons.com/en/fantasy/tower-of-god/season-3-ep-69/viewer?title_no=95&episode_no=487
tower-of-god,Tower of God,488,episode-000488-season-3-ep-70,"[Season 3] Ep. 70 Jun 6, 2021 like 134,428 #487",1013,380,633,160,155,648,https://www.webtoons.com/en/fantasy/tower-of-god/season-3-ep-70/viewer?title_no=95&episode_no=488
tower-of-god,Tower of God,489,episode-000489-season-3-ep-71,"[Season 3] Ep. 71 Jun 13, 2021 like 128,180 #488",1031,363,668,160,171,646,https://www.webtoons.com/en/fantasy/tower-of-god/season-3-ep-71/viewer?title_no=95&episode_no=489
tower-of-god,Tower of God,490,episode-000490-season-3-ep-72,"[Season 3] Ep. 72 Jun 20, 2021 like 118,840 #489",917,366,551,160,167,644,https://www.webtoons.com/en/fantasy/tower-of-god/season-3-ep-72/viewer?title_no=95&episode_no=490
tower-of-god,Tower of God,491,episode-000491-season-3-ep-73,"[Season 3] Ep. 73 Jun 27, 2021 like 108,770 #490",958,403,555,160,129,642,https://www.webtoons.com/en/fantasy/tower-of-god/season-3-ep-73/viewer?title_no=95&episode_no=491
tower-of-god,Tower of God,492,episode-000492-season-3-ep-74,"[Season 3] Ep. 74 Jul 4, 2021 like 106,166 #491",994,385,609,160,148,644,https://www.webtoons.com/en/fantasy/tower-of-god/season-3-ep-74/viewer?title_no=95&episode_no=492
tower-of-god,Tower of God,493,episode-000493-season-3-ep-75,"[Season 3] Ep. 75 Jul 11, 2021 like 103,918 #492",1109,325,784,160,209,646,https://www.webtoons.com/en/fantasy/tower-of-god/season-3-ep-75/viewer?title_no=95&episode_no=493
tower-of-god,Tower of God,494,episode-000494-season-3-ep-76,"[Season 3] Ep. 76 Jul 18, 2021 like 146,570 #493",1054,361,693,160,174,648,https://www.webtoons.com/en/fantasy/tower-of-god/season-3-ep-76/viewer?title_no=95&episode_no=494
tower-of-god,Tower of God,495,episode-000495-season-3-ep-77,"[Season 3] Ep. 77 Jul 25, 2021 like 123,333 #494",1099,426,673,160,266,929,https://www.webtoons.com/en/fantasy/tower-of-god/season-3-ep-77/viewer?title_no=95&episode_no=495
tower-of-god,Tower of God,496,episode-000496-season-3-ep-78,"[Season 3] Ep. 78 Aug 1, 2021 like 142,316 #495",937,379,558,160,156,648,https://www.webtoons.com/en/fantasy/tower-of-god/season-3-ep-78/viewer?title_no=95&episode_no=496
tower-of-god,Tower of God,497,episode-000497-season-3-ep-79,"[Season 3] Ep. 79 Aug 8, 2021 like 111,396 #496",1089,341,748,160,193,646,https://www.webtoons.com/en/fantasy/tower-of-god/season-3-ep-79/viewer?title_no=95&episode_no=497
tower-of-god,Tower of God,498,episode-000498-season-3-ep-80,"[Season 3] Ep. 80 Aug 15, 2021 like 102,849 #497",930,401,529,160,131,641,https://www.webtoons.com/en/fantasy/tower-of-god/season-3-ep-80/viewer?title_no=95&episode_no=498
tower-of-god,Tower of God,499,episode-000499-season-3-ep-81,"[Season 3] Ep. 81 Aug 22, 2021 like 109,512 #498",1003,375,628,160,158,644,https://www.webtoons.com/en/fantasy/tower-of-god/season-3-ep-81/viewer?title_no=95&episode_no=499
tower-of-god,Tower of God,500,episode-000500-season-3-ep-82,"[Season 3] Ep. 82 Aug 29, 2021 like 102,643 #499",1033,366,667,160,167,644,https://www.webtoons.com/en/fantasy/tower-of-god/season-3-ep-82/viewer?title_no=95&episode_no=500
tower-of-god,Tower of God,501,episode-000501-season-3-ep-83,"[Season 3] Ep. 83 Sep 5, 2021 like 111,738 #500",1045,334,711,160,200,646,https://www.webtoons.com/en/fantasy/tower-of-god/season-3-ep-83/viewer?title_no=95&episode_no=501
tower-of-god,Tower of God,502,episode-000502-season-3-ep-84,"[Season 3] Ep. 84 Sep 12, 2021 like 99,361 #501",1023,340,683,160,194,646,https://www.webtoons.com/en/fantasy/tower-of-god/season-3-ep-84/viewer?title_no=95&episode_no=502
tower-of-god,Tower of God,503,episode-000503-season-3-ep-85,"[Season 3] Ep. 85 Sep 19, 2021 like 97,532 #502",1041,354,687,160,181,648,https://www.webtoons.com/en/fantasy/tower-of-god/season-3-ep-85/viewer?title_no=95&episode_no=503
tower-of-god,Tower of God,504,episode-000504-season-3-ep-86,"[Season 3] Ep. 86 Sep 26, 2021 like 109,931 #503",1022,347,675,160,187,646,https://www.webtoons.com/en/fantasy/tower-of-god/season-3-ep-86/viewer?title_no=95&episode_no=504
tower-of-god,Tower of God,505,episode-000505-season-3-ep-87,"[Season 3] Ep. 87 Oct 3, 2021 like 122,853 #504",914,425,489,160,108,644,https://www.webtoons.com/en/fantasy/tower-of-god/season-3-ep-87/viewer?title_no=95&episode_no=505
tower-of-god,Tower of God,506,episode-000506-season-3-ep-88,"[Season 3] Ep. 88 Oct 10, 2021 like 106,012 #505",1015,379,636,160,156,648,https://www.webtoons.com/en/fantasy/tower-of-god/season-3-ep-88/viewer?title_no=95&episode_no=506
tower-of-god,Tower of God,507,episode-000507-season-3-ep-89,"[Season 3] Ep. 89 Oct 17, 2021 like 99,943 #506",973,397,576,160,136,644,https://www.webtoons.com/en/fantasy/tower-of-god/season-3-ep-89/viewer?title_no=95&episode_no=507
tower-of-god,Tower of God,508,episode-000508-season-3-ep-90,"[Season 3] Ep. 90 Oct 24, 2021 like 103,414 #507",970,390,580,160,143,644,https://www.webtoons.com/en/fantasy/tower-of-god/season-3-ep-90/viewer?title_no=95&episode_no=508
tower-of-god,Tower of God,509,episode-000509-season-3-ep-91,"[Season 3] Ep. 91 Oct 31, 2021 like 106,621 #508",1050,405,645,160,189,765,https://www.webtoons.com/en/fantasy/tower-of-god/season-3-ep-91/viewer?title_no=95&episode_no=509
tower-of-god,Tower of God,510,episode-000510-season-3-ep-92,"[Season 3] Ep. 92 Nov 7, 2021 like 130,489 #509",916,425,491,160,108,644,https://www.webtoons.com/en/fantasy/tower-of-god/season-3-ep-92/viewer?title_no=95&episode_no=510
tower-of-god,Tower of God,511,episode-000511-season-3-ep-93,"[Season 3] Ep. 93 Nov 14, 2021 like 112,198 #510",1095,328,767,160,206,646,https://www.webtoons.com/en/fantasy/tower-of-god/season-3-ep-93/viewer?title_no=95&episode_no=511
tower-of-god,Tower of God,512,episode-000512-season-3-ep-94,"[Season 3] Ep. 94 Nov 21, 2021 like 101,231 #511",1041,364,677,160,170,646,https://www.webtoons.com/en/fantasy/tower-of-god/season-3-ep-94/viewer?title_no=95&episode_no=512
tower-of-god,Tower of God,513,episode-000513-season-3-ep-95,"[Season 3] Ep. 95 Nov 28, 2021 like 98,842 #512",970,383,587,160,151,646,https://www.webtoons.com/en/fantasy/tower-of-god/season-3-ep-95/viewer?title_no=95&episode_no=513
tower-of-god,Tower of God,514,episode-000514-season-3-ep-96,"[Season 3] Ep. 96 Dec 5, 2021 like 94,492 #513",982,390,592,160,143,644,https://www.webtoons.com/en/fantasy/tower-of-god/season-3-ep-96/viewer?title_no=95&episode_no=514
tower-of-god,Tower of God,515,episode-000515-season-3-ep-97,"[Season 3] Ep. 97 Dec 12, 2021 like 100,215 #514",902,408,494,160,125,644,https://www.webtoons.com/en/fantasy/tower-of-god/season-3-ep-97/viewer?title_no=95&episode_no=515
tower-of-god,Tower of God,516,episode-000516-season-3-ep-98,"[Season 3] Ep. 98 Dec 19, 2021 like 94,070 #515",928,385,543,160,148,644,https://www.webtoons.com/en/fantasy/tower-of-god/season-3-ep-98/viewer?title_no=95&episode_no=516
tower-of-god,Tower of God,517,episode-000517-season-3-ep-99,"[Season 3] Ep. 99 Dec 26, 2021 like 92,740 #516",936,412,524,160,120,642,https://www.webtoons.com/en/fantasy/tower-of-god/season-3-ep-99/viewer?title_no=95&episode_no=517
tower-of-god,Tower of God,518,episode-000518-season-3-ep-100,"[Season 3] Ep. 100 Jan 2, 2022 like 97,117 #517",961,395,566,160,138,644,https://www.webtoons.com/en/fantasy/tower-of-god/season-3-ep-100/viewer?title_no=95&episode_no=518
tower-of-god,Tower of God,519,episode-000519-season-3-ep-101,"[Season 3] Ep. 101 Jan 9, 2022 like 89,168 #518",971,390,581,160,144,646,https://www.webtoons.com/en/fantasy/tower-of-god/season-3-ep-101/viewer?title_no=95&episode_no=519
tower-of-god,Tower of God,520,episode-000520-season-3-ep-102,"[Season 3] Ep. 102 Jan 16, 2022 like 86,351 #519",1030,362,668,160,173,648,https://www.webtoons.com/en/fantasy/tower-of-god/season-3-ep-102/viewer?title_no=95&episode_no=520
tower-of-god,Tower of God,521,episode-000521-season-3-ep-103,"[Season 3] Ep. 103 Jan 23, 2022 like 96,273 #520",1122,449,673,700,1,1122,https://www.webtoons.com/en/fantasy/tower-of-god/season-3-ep-103/viewer?title_no=95&episode_no=521
tower-of-god,Tower of God,522,episode-000522-season-3-ep-104,"[Season 3] Ep. 104 Jan 30, 2022 like 85,800 #521",1078,335,743,160,199,646,https://www.webtoons.com/en/fantasy/tower-of-god/season-3-ep-104/viewer?title_no=95&episode_no=522
tower-of-god,Tower of God,523,episode-000523-season-3-ep-105,"[Season 3] Ep. 105 Feb 6, 2022 like 83,785 #522",983,373,610,160,160,644,https://www.webtoons.com/en/fantasy/tower-of-god/season-3-ep-105/viewer?title_no=95&episode_no=523
tower-of-god,Tower of God,524,episode-000524-season-3-ep-106,"[Season 3] Ep. 106 Feb 13, 2022 like 88,817 #523",1018,372,646,160,161,644,https://www.webtoons.com/en/fantasy/tower-of-god/season-3-ep-106/viewer?title_no=95&episode_no=524
tower-of-god,Tower of God,525,episode-000525-season-3-ep-107,"[Season 3] Ep. 107 Feb 20, 2022 like 85,331 #524",1094,311,783,160,223,646,https://www.webtoons.com/en/fantasy/tower-of-god/season-3-ep-107/viewer?title_no=95&episode_no=525
tower-of-god,Tower of God,526,episode-000526-season-3-ep-108,"[Season 3] Ep. 108 Feb 27, 2022 like 84,502 #525",912,400,512,160,132,642,https://www.webtoons.com/en/fantasy/tower-of-god/season-3-ep-108/viewer?title_no=95&episode_no=526
tower-of-god,Tower of God,527,episode-000527-season-3-ep-109,"[Season 3] Ep. 109 Mar 6, 2022 like 86,480 #526",1085,426,659,160,259,922,https://www.webtoons.com/en/fantasy/tower-of-god/season-3-ep-109/viewer?title_no=95&episode_no=527
tower-of-god,Tower of God,528,episode-000528-season-3-ep-110,"[Season 3] Ep. 110 Mar 13, 2022 like 84,577 #527",1093,426,667,160,252,915,https://www.webtoons.com/en/fantasy/tower-of-god/season-3-ep-110/viewer?title_no=95&episode_no=528
tower-of-god,Tower of God,529,episode-000529-season-3-ep-111,"[Season 3] Ep. 111 Mar 20, 2022 like 81,441 #528",979,388,591,160,146,646,https://www.webtoons.com/en/fantasy/tower-of-god/season-3-ep-111/viewer?title_no=95&episode_no=529
tower-of-god,Tower of God,530,episode-000530-season-3-ep-112,"[Season 3] Ep. 112 Mar 27, 2022 like 86,132 #529",1102,430,672,700,1,1102,https://www.webtoons.com/en/fantasy/tower-of-god/season-3-ep-112/viewer?title_no=95&episode_no=530
tower-of-god,Tower of God,531,episode-000531-season-3-ep-113,"[Season 3] Ep. 113 Apr 3, 2022 like 83,687 #530",1042,366,676,160,169,648,https://www.webtoons.com/en/fantasy/tower-of-god/season-3-ep-113/viewer?title_no=95&episode_no=531
tower-of-god,Tower of God,532,episode-000532-season-3-ep-114,"[Season 3] Ep. 114 Apr 10, 2022 like 83,101 #531",925,411,514,160,122,644,https://www.webtoons.com/en/fantasy/tower-of-god/season-3-ep-114/viewer?title_no=95&episode_no=532
tower-of-god,Tower of God,533,episode-000533-season-3-ep-115,"[Season 3] Ep. 115 Apr 17, 2022 like 89,903 #532",932,415,517,160,117,642,https://www.webtoons.com/en/fantasy/tower-of-god/season-3-ep-115/viewer?title_no=95&episode_no=533
tower-of-god,Tower of God,534,episode-000534-season-3-ep-116,"[Season 3] Ep. 116 Apr 24, 2022 like 83,212 #533",969,372,597,160,163,648,https://www.webtoons.com/en/fantasy/tower-of-god/season-3-ep-116/viewer?title_no=95&episode_no=534
tower-of-god,Tower of God,535,episode-000535-season-3-ep-117,"[Season 3] Ep. 117 May 1, 2022 like 82,205 #534",974,407,567,160,141,673,https://www.webtoons.com/en/fantasy/tower-of-god/season-3-ep-117/viewer?title_no=95&episode_no=535
tower-of-god,Tower of God,536,episode-000536-season-3-ep-118,"[Season 3] Ep. 118 May 8, 2022 like 83,567 #535",1021,375,646,160,159,646,https://www.webtoons.com/en/fantasy/tower-of-god/season-3-ep-118/viewer?title_no=95&episode_no=536
tower-of-god,Tower of God,537,episode-000537-season-3-ep-119,"[Season 3] Ep. 119 May 15, 2022 like 80,588 #536",1103,333,770,160,201,646,https://www.webtoons.com/en/fantasy/tower-of-god/season-3-ep-119/viewer?title_no=95&episode_no=537
tower-of-god,Tower of God,538,episode-000538-season-3-ep-120,"[Season 3] Ep. 120 May 22, 2022 like 83,862 #537",1012,426,586,160,252,915,https://www.webtoons.com/en/fantasy/tower-of-god/season-3-ep-120/viewer?title_no=95&episode_no=538
tower-of-god,Tower of God,539,episode-000539-season-3-ep-121,"[Season 3] Ep. 121 May 29, 2022 like 81,624 #538",1050,343,707,160,189,642,https://www.webtoons.com/en/fantasy/tower-of-god/season-3-ep-121/viewer?title_no=95&episode_no=539
tower-of-god,Tower of God,540,episode-000540-season-3-ep-122,"[Season 3] Ep. 122 Jun 5, 2022 like 82,819 #539",949,388,561,160,146,646,https://www.webtoons.com/en/fantasy/tower-of-god/season-3-ep-122/viewer?title_no=95&episode_no=540
tower-of-god,Tower of God,541,episode-000541-season-3-ep-123,"[Season 3] Ep. 123 Jun 12, 2022 like 79,588 #540",1056,335,721,160,198,644,https://www.webtoons.com/en/fantasy/tower-of-god/season-3-ep-123/viewer?title_no=95&episode_no=541
tower-of-god,Tower of God,542,episode-000542-season-3-ep-124,"[Season 3] Ep. 124 Jun 19, 2022 like 78,614 #541",968,327,641,160,207,646,https://www.webtoons.com/en/fantasy/tower-of-god/season-3-ep-124/viewer?title_no=95&episode_no=542
tower-of-god,Tower of God,543,episode-000543-season-3-ep-125,"[Season 3] Ep. 125 Jun 26, 2022 like 89,322 #542",1001,350,651,160,185,648,https://www.webtoons.com/en/fantasy/tower-of-god/season-3-ep-125/viewer?title_no=95&episode_no=543
tower-of-god,Tower of God,544,episode-000544-season-3-ep-126,"[Season 3] Ep. 126 Jul 3, 2022 like 78,830 #543",1179,474,705,700,1,1161,https://www.webtoons.com/en/fantasy/tower-of-god/season-3-ep-126/viewer?title_no=95&episode_no=544
tower-of-god,Tower of God,545,episode-000545-season-3-ep-127,"[Season 3] Ep. 127 Jul 10, 2022 like 76,266 #544",1013,426,587,160,239,887,https://www.webtoons.com/en/fantasy/tower-of-god/season-3-ep-127/viewer?title_no=95&episode_no=545
tower-of-god,Tower of God,546,episode-000546-season-3-ep-128,"[Season 3] Ep. 128 Jul 17, 2022 like 76,587 #545",1042,340,702,160,194,646,https://www.webtoons.com/en/fantasy/tower-of-god/season-3-ep-128/viewer?title_no=95&episode_no=546
tower-of-god,Tower of God,547,episode-000547-season-3-ep-129,"[Season 3] Ep. 129 Jul 24, 2022 like 76,658 #546",1025,355,670,160,179,646,https://www.webtoons.com/en/fantasy/tower-of-god/season-3-ep-129/viewer?title_no=95&episode_no=547
tower-of-god,Tower of God,548,episode-000548-season-3-ep-130,"[Season 3] Ep. 130 Jul 31, 2022 like 76,642 #547",1002,384,618,160,150,646,https://www.webtoons.com/en/fantasy/tower-of-god/season-3-ep-130/viewer?title_no=95&episode_no=548
tower-of-god,Tower of God,549,episode-000549-season-3-ep-131,"[Season 3] Ep. 131 Aug 7, 2022 like 74,199 #548",977,394,583,160,139,644,https://www.webtoons.com/en/fantasy/tower-of-god/season-3-ep-131/viewer?title_no=95&episode_no=549
tower-of-god,Tower of God,550,episode-000550-season-3-ep-132,"[Season 3] Ep. 132 Aug 14, 2022 like 74,081 #549",1006,381,625,160,153,646,https://www.webtoons.com/en/fantasy/tower-of-god/season-3-ep-132/viewer?title_no=95&episode_no=550
tower-of-god,Tower of God,551,episode-000551-season-3-ep-133,"[Season 3] Ep. 133 Aug 21, 2022 like 99,272 #550",1065,355,710,160,180,648,https://www.webtoons.com/en/fantasy/tower-of-god/season-3-ep-133/viewer?title_no=95&episode_no=551
tower-of-god,Tower of God,552,episode-000552-season-3-ep-134,"[Season 3] Ep. 134 Mar 19, 2023 like 75,449 #551",954,404,550,160,128,642,https://www.webtoons.com/en/fantasy/tower-of-god/season-3-ep-134/viewer?title_no=95&episode_no=552
tower-of-god,Tower of God,553,episode-000553-season-3-ep-135,"[Season 3] Ep. 135 Mar 26, 2023 like 66,893 #552",1002,384,618,160,150,646,https://www.webtoons.com/en/fantasy/tower-of-god/season-3-ep-135/viewer?title_no=95&episode_no=553
tower-of-god,Tower of God,554,episode-000554-season-3-ep-136,"[Season 3] Ep. 136 Apr 2, 2023 like 67,147 #553",905,417,488,160,115,642,https://www.webtoons.com/en/fantasy/tower-of-god/season-3-ep-136/viewer?title_no=95&episode_no=554
tower-of-god,Tower of God,555,episode-000555-season-3-ep-137,"[Season 3] Ep. 137 Apr 9, 2023 like 65,484 #554",953,404,549,160,128,642,https://www.webtoons.com/en/fantasy/tower-of-god/season-3-ep-137/viewer?title_no=95&episode_no=555
tower-of-god,Tower of God,556,episode-000556-season-3-ep-138,"[Season 3] Ep. 138 Apr 16, 2023 like 63,919 #555",870,436,434,160,79,642,https://www.webtoons.com/en/fantasy/tower-of-god/season-3-ep-138/viewer?title_no=95&episode_no=556
tower-of-god,Tower of God,557,episode-000557-season-3-ep-139,"[Season 3] Ep. 139 Apr 23, 2023 like 65,223 #556",945,411,534,160,122,644,https://www.webtoons.com/en/fantasy/tower-of-god/season-3-ep-139/viewer?title_no=95&episode_no=557
tower-of-god,Tower of God,558,episode-000558-season-3-ep-140,"[Season 3] Ep. 140 Apr 30, 2023 like 62,129 #557",888,427,461,160,95,632,https://www.webtoons.com/en/fantasy/tower-of-god/season-3-ep-140/viewer?title_no=95&episode_no=558
tower-of-god,Tower of God,559,episode-000559-season-3-ep-141,"[Season 3] Ep. 141 May 7, 2023 like 61,273 #558",920,423,497,160,110,644,https://www.webtoons.com/en/fantasy/tower-of-god/season-3-ep-141/viewer?title_no=95&episode_no=559
tower-of-god,Tower of God,560,episode-000560-season-3-ep-142,"[Season 3] Ep. 142 May 14, 2023 like 61,329 #559",913,411,502,160,122,644,https://www.webtoons.com/en/fantasy/tower-of-god/season-3-ep-142/viewer?title_no=95&episode_no=560
tower-of-god,Tower of God,561,episode-000561-season-3-ep-143,"[Season 3] Ep. 143 May 21, 2023 like 60,604 #560",892,426,466,160,102,638,https://www.webtoons.com/en/fantasy/tower-of-god/season-3-ep-143/viewer?title_no=95&episode_no=561
tower-of-god,Tower of God,562,episode-000562-season-3-ep-144,"[Season 3] Ep. 144 May 28, 2023 like 59,442 #561",873,428,445,160,84,622,https://www.webtoons.com/en/fantasy/tower-of-god/season-3-ep-144/viewer?title_no=95&episode_no=562
tower-of-god,Tower of God,563,episode-000563-season-3-ep-145,"[Season 3] Ep. 145 Jun 4, 2023 like 62,296 #562",889,427,462,160,95,632,https://www.webtoons.com/en/fantasy/tower-of-god/season-3-ep-145/viewer?title_no=95&episode_no=563
tower-of-god,Tower of God,564,episode-000564-season-3-ep-146,"[Season 3] Ep. 146 Jun 11, 2023 like 62,604 #563",962,400,562,160,132,642,https://www.webtoons.com/en/fantasy/tower-of-god/season-3-ep-146/viewer?title_no=95&episode_no=564
tower-of-god,Tower of God,565,episode-000565-season-3-ep-147,"[Season 3] Ep. 147 Jun 18, 2023 like 60,436 #564",978,394,584,160,139,644,https://www.webtoons.com/en/fantasy/tower-of-god/season-3-ep-147/viewer?title_no=95&episode_no=565
tower-of-god,Tower of God,566,episode-000566-season-3-ep-148,"[Season 3] Ep. 148 Jun 25, 2023 like 60,487 #565",880,428,452,160,90,628,https://www.webtoons.com/en/fantasy/tower-of-god/season-3-ep-148/viewer?title_no=95&episode_no=566
tower-of-god,Tower of God,567,episode-000567-season-3-ep-149,"[Season 3] Ep. 149 Jul 2, 2023 like 57,889 #566",981,394,587,160,140,646,https://www.webtoons.com/en/fantasy/tower-of-god/season-3-ep-149/viewer?title_no=95&episode_no=567
tower-of-god,Tower of God,568,episode-000568-season-3-ep-150,"[Season 3] Ep. 150 Jul 9, 2023 like 59,334 #567",960,423,537,160,147,717,https://www.webtoons.com/en/fantasy/tower-of-god/season-3-ep-150/viewer?title_no=95&episode_no=568
tower-of-god,Tower of God,569,episode-000569-season-3-ep-151,"[Season 3] Ep. 151 Jul 16, 2023 like 57,658 #568",972,415,557,160,137,681,https://www.webtoons.com/en/fantasy/tower-of-god/season-3-ep-151/viewer?title_no=95&episode_no=569
tower-of-god,Tower of God,570,episode-000570-season-3-ep-152,"[Season 3] Ep. 152 Jul 23, 2023 like 57,859 #569",952,405,547,160,127,642,https://www.webtoons.com/en/fantasy/tower-of-god/season-3-ep-152/viewer?title_no=95&episode_no=570
tower-of-god,Tower of God,571,episode-000571-season-3-ep-153,"[Season 3] Ep. 153 Jul 30, 2023 like 57,537 #570",1059,426,633,160,222,872,https://www.webtoons.com/en/fantasy/tower-of-god/season-3-ep-153/viewer?title_no=95&episode_no=571
tower-of-god,Tower of God,572,episode-000572-season-3-ep-154,"[Season 3] Ep. 154 Aug 6, 2023 like 57,378 #571",972,366,606,160,167,644,https://www.webtoons.com/en/fantasy/tower-of-god/season-3-ep-154/viewer?title_no=95&episode_no=572
tower-of-god,Tower of God,573,episode-000573-season-3-ep-155,"[Season 3] Ep. 155 Aug 13, 2023 like 57,531 #572",1022,340,682,160,194,646,https://www.webtoons.com/en/fantasy/tower-of-god/season-3-ep-155/viewer?title_no=95&episode_no=573
tower-of-god,Tower of God,574,episode-000574-season-3-ep-156,"[Season 3] Ep. 156 Aug 20, 2023 like 57,624 #573",905,412,493,160,120,642,https://www.webtoons.com/en/fantasy/tower-of-god/season-3-ep-156/viewer?title_no=95&episode_no=574
tower-of-god,Tower of God,575,episode-000575-season-3-ep-157,"[Season 3] Ep. 157 Aug 27, 2023 like 57,541 #574",896,426,470,160,100,636,https://www.webtoons.com/en/fantasy/tower-of-god/season-3-ep-157/viewer?title_no=95&episode_no=575
tower-of-god,Tower of God,576,episode-000576-season-3-ep-158,"[Season 3] Ep. 158 Sep 3, 2023 like 56,414 #575",1025,419,606,160,162,739,https://www.webtoons.com/en/fantasy/tower-of-god/season-3-ep-158/viewer?title_no=95&episode_no=576
tower-of-god,Tower of God,577,episode-000577-season-3-ep-159,"[Season 3] Ep. 159 Sep 10, 2023 like 56,782 #576",956,385,571,160,148,643,https://www.webtoons.com/en/fantasy/tower-of-god/season-3-ep-159/viewer?title_no=95&episode_no=577
tower-of-god,Tower of God,578,episode-000578-season-3-ep-160,"[Season 3] Ep. 160 Sep 17, 2023 like 55,480 #577",1084,398,686,160,192,757,https://www.webtoons.com/en/fantasy/tower-of-god/season-3-ep-160/viewer?title_no=95&episode_no=578
tower-of-god,Tower of God,579,episode-000579-season-3-ep-161,"[Season 3] Ep. 161 Sep 24, 2023 like 54,116 #578",1086,322,764,160,211,644,https://www.webtoons.com/en/fantasy/tower-of-god/season-3-ep-161/viewer?title_no=95&episode_no=579
tower-of-god,Tower of God,580,episode-000580-season-3-ep-162,"[Season 3] Ep. 162 Oct 1, 2023 like 52,153 #579",1015,379,636,160,156,648,https://www.webtoons.com/en/fantasy/tower-of-god/season-3-ep-162/viewer?title_no=95&episode_no=580
tower-of-god,Tower of God,581,episode-000581-season-3-ep-163,"[Season 3] Ep. 163 Oct 8, 2023 like 51,749 #580",959,400,559,160,132,642,https://www.webtoons.com/en/fantasy/tower-of-god/season-3-ep-163/viewer?title_no=95&episode_no=581
tower-of-god,Tower of God,582,episode-000582-season-3-ep-164,"[Season 3] Ep. 164 Oct 15, 2023 like 52,041 #581",911,407,504,160,126,644,https://www.webtoons.com/en/fantasy/tower-of-god/season-3-ep-164/viewer?title_no=95&episode_no=582
tower-of-god,Tower of God,583,episode-000583-season-3-ep-165,"[Season 3] Ep. 165 Oct 22, 2023 like 50,256 #582",1030,372,658,160,163,648,https://www.webtoons.com/en/fantasy/tower-of-god/season-3-ep-165/viewer?title_no=95&episode_no=583
tower-of-god,Tower of God,584,episode-000584-season-3-ep-166,"[Season 3] Ep. 166 Oct 29, 2023 like 50,254 #583",973,393,580,160,141,646,https://www.webtoons.com/en/fantasy/tower-of-god/season-3-ep-166/viewer?title_no=95&episode_no=584
tower-of-god,Tower of God,585,episode-000585-season-3-ep-167,"[Season 3] Ep. 167 Nov 5, 2023 like 52,611 #584",1034,368,666,160,166,646,https://www.webtoons.com/en/fantasy/tower-of-god/season-3-ep-167/viewer?title_no=95&episode_no=585
tower-of-god,Tower of God,586,episode-000586-season-3-ep-168,"[Season 3] Ep. 168 Nov 12, 2023 like 48,735 #585",930,366,564,160,168,646,https://www.webtoons.com/en/fantasy/tower-of-god/season-3-ep-168/viewer?title_no=95&episode_no=586
tower-of-god,Tower of God,587,episode-000587-season-3-ep-169,"[Season 3] Ep. 169 Nov 19, 2023 like 49,172 #586",999,381,618,160,153,646,https://www.webtoons.com/en/fantasy/tower-of-god/season-3-ep-169/viewer?title_no=95&episode_no=587
tower-of-god,Tower of God,588,episode-000588-season-3-ep-170,"[Season 3] Ep. 170 Nov 26, 2023 like 48,667 #587",980,387,593,160,147,646,https://www.webtoons.com/en/fantasy/tower-of-god/season-3-ep-170/viewer?title_no=95&episode_no=588
tower-of-god,Tower of God,589,episode-000589-season-3-ep-171,"[Season 3] Ep. 171 Dec 3, 2023 like 49,180 #588",964,400,564,160,132,642,https://www.webtoons.com/en/fantasy/tower-of-god/season-3-ep-171/viewer?title_no=95&episode_no=589
tower-of-god,Tower of God,590,episode-000590-season-3-ep-172,"[Season 3] Ep. 172 Dec 10, 2023 like 47,898 #589",1001,384,617,160,150,646,https://www.webtoons.com/en/fantasy/tower-of-god/season-3-ep-172/viewer?title_no=95&episode_no=590
tower-of-god,Tower of God,591,episode-000591-season-3-ep-173,"[Season 3] Ep. 173 Dec 17, 2023 like 47,910 #590",1026,372,654,160,162,646,https://www.webtoons.com/en/fantasy/tower-of-god/season-3-ep-173/viewer?title_no=95&episode_no=591
tower-of-god,Tower of God,592,episode-000592-season-3-ep-174,"[Season 3] Ep. 174 Dec 24, 2023 like 47,519 #591",971,366,605,160,167,644,https://www.webtoons.com/en/fantasy/tower-of-god/season-3-ep-174/viewer?title_no=95&episode_no=592
tower-of-god,Tower of God,593,episode-000593-season-3-ep-175,"[Season 3] Ep. 175 Dec 31, 2023 like 46,255 #592",1015,369,646,160,165,646,https://www.webtoons.com/en/fantasy/tower-of-god/season-3-ep-175/viewer?title_no=95&episode_no=593
tower-of-god,Tower of God,594,episode-000594-season-3-ep-176,"[Season 3] Ep. 176 Jan 7, 2024 like 47,024 #593",1044,357,687,160,178,648,https://www.webtoons.com/en/fantasy/tower-of-god/season-3-ep-176/viewer?title_no=95&episode_no=594
tower-of-god,Tower of God,595,episode-000595-season-3-ep-177,"[Season 3] Ep. 177 Jan 14, 2024 like 48,483 #594",968,390,578,160,144,645,https://www.webtoons.com/en/fantasy/tower-of-god/season-3-ep-177/viewer?title_no=95&episode_no=595
tower-of-god,Tower of God,596,episode-000596-season-3-ep-178,"[Season 3] Ep. 178 Jan 21, 2024 like 46,919 #595",1011,369,642,160,165,646,https://www.webtoons.com/en/fantasy/tower-of-god/season-3-ep-178/viewer?title_no=95&episode_no=596
tower-of-god,Tower of God,597,episode-000597-season-3-ep-179,"[Season 3] Ep. 179 Jan 28, 2024 like 44,598 #596",881,426,455,160,102,638,https://www.webtoons.com/en/fantasy/tower-of-god/season-3-ep-179/viewer?title_no=95&episode_no=597
tower-of-god,Tower of God,598,episode-000598-season-3-ep-180,"[Season 3] Ep. 180 Feb 4, 2024 like 45,563 #597",980,394,586,160,140,646,https://www.webtoons.com/en/fantasy/tower-of-god/season-3-ep-180/viewer?title_no=95&episode_no=598
tower-of-god,Tower of God,599,episode-000599-season-3-ep-181,"[Season 3] Ep. 181 Feb 11, 2024 like 45,538 #598",1031,372,659,160,163,648,https://www.webtoons.com/en/fantasy/tower-of-god/season-3-ep-181/viewer?title_no=95&episode_no=599
tower-of-god,Tower of God,600,episode-000600-season-3-ep-182,"[Season 3] Ep. 182 Feb 18, 2024 like 45,492 #599",1014,369,645,160,165,646,https://www.webtoons.com/en/fantasy/tower-of-god/season-3-ep-182/viewer?title_no=95&episode_no=600
tower-of-god,Tower of God,601,episode-000601-season-3-ep-183,"[Season 3] Ep. 183 Feb 25, 2024 like 45,286 #600",986,390,596,160,143,644,https://www.webtoons.com/en/fantasy/tower-of-god/season-3-ep-183/viewer?title_no=95&episode_no=601
tower-of-god,Tower of God,602,episode-000602-season-3-ep-184,"[Season 3] Ep. 184 Mar 3, 2024 like 45,556 #601",895,427,468,160,118,665,https://www.webtoons.com/en/fantasy/tower-of-god/season-3-ep-184/viewer?title_no=95&episode_no=602
tower-of-god,Tower of God,603,episode-000603-season-3-ep-185,"[Season 3] Ep. 185 Mar 10, 2024 like 43,075 #602",1025,369,656,160,165,646,https://www.webtoons.com/en/fantasy/tower-of-god/season-3-ep-185/viewer?title_no=95&episode_no=603
tower-of-god,Tower of God,604,episode-000604-season-3-ep-186,"[Season 3] Ep. 186 Mar 17, 2024 like 43,384 #603",1103,429,674,700,1,1103,https://www.webtoons.com/en/fantasy/tower-of-god/season-3-ep-186/viewer?title_no=95&episode_no=604
tower-of-god,Tower of God,605,episode-000605-season-3-ep-187,"[Season 3] Ep. 187 Mar 24, 2024 like 42,701 #604",992,383,609,160,151,646,https://www.webtoons.com/en/fantasy/tower-of-god/season-3-ep-187/viewer?title_no=95&episode_no=605
tower-of-god,Tower of God,606,episode-000606-season-3-ep-188,"[Season 3] Ep. 188 Mar 31, 2024 like 42,271 #605",1024,362,662,160,173,648,https://www.webtoons.com/en/fantasy/tower-of-god/season-3-ep-188/viewer?title_no=95&episode_no=606
tower-of-god,Tower of God,607,episode-000607-season-3-ep-189,"[Season 3] Ep. 189 Apr 7, 2024 like 41,712 #606",957,371,586,160,164,648,https://www.webtoons.com/en/fantasy/tower-of-god/season-3-ep-189/viewer?title_no=95&episode_no=607
tower-of-god,Tower of God,608,episode-000608-season-3-ep-190,"[Season 3] Ep. 190 Apr 14, 2024 like 43,407 #607",985,384,601,160,150,646,https://www.webtoons.com/en/fantasy/tower-of-god/season-3-ep-190/viewer?title_no=95&episode_no=608
tower-of-god,Tower of God,609,episode-000609-season-3-ep-191,"[Season 3] Ep. 191 Apr 21, 2024 like 41,738 #608",980,360,620,160,172,642,https://www.webtoons.com/en/fantasy/tower-of-god/season-3-ep-191/viewer?title_no=95&episode_no=609
tower-of-god,Tower of God,610,episode-000610-season-3-ep-192,"[Season 3] Ep. 192 Apr 28, 2024 like 45,136 #609",1007,351,656,160,184,648,https://www.webtoons.com/en/fantasy/tower-of-god/season-3-ep-192/viewer?title_no=95&episode_no=610
tower-of-god,Tower of God,611,episode-000611-season-3-ep-193,"[Season 3] Ep. 193 May 5, 2024 like 41,621 #610",1073,325,748,160,208,644,https://www.webtoons.com/en/fantasy/tower-of-god/season-3-ep-193/viewer?title_no=95&episode_no=611
tower-of-god,Tower of God,612,episode-000612-season-3-ep-194,"[Season 3] Ep. 194 May 12, 2024 like 41,224 #611",1077,341,736,160,193,646,https://www.webtoons.com/en/fantasy/tower-of-god/season-3-ep-194/viewer?title_no=95&episode_no=612
tower-of-god,Tower of God,613,episode-000613-season-3-ep-195,"[Season 3] Ep. 195 May 19, 2024 like 41,166 #612",1149,448,701,700,1,1130,https://www.webtoons.com/en/fantasy/tower-of-god/season-3-ep-195/viewer?title_no=95&episode_no=613
tower-of-god,Tower of God,614,episode-000614-season-3-ep-196,"[Season 3] Ep. 196 May 26, 2024 like 40,334 #613",967,398,569,160,134,642,https://www.webtoons.com/en/fantasy/tower-of-god/season-3-ep-196/viewer?title_no=95&episode_no=614
tower-of-god,Tower of God,615,episode-000615-season-3-ep-197,"[Season 3] Ep. 197 Jun 2, 2024 like 39,676 #614",993,387,606,160,147,646,https://www.webtoons.com/en/fantasy/tower-of-god/season-3-ep-197/viewer?title_no=95&episode_no=615
tower-of-god,Tower of God,616,episode-000616-season-3-ep-198,"[Season 3] Ep. 198 Jun 9, 2024 like 39,814 #615",948,390,558,160,143,643,https://www.webtoons.com/en/fantasy/tower-of-god/season-3-ep-198/viewer?title_no=95&episode_no=616
tower-of-god,Tower of God,617,episode-000617-season-3-ep-199,"[Season 3] Ep. 199 Jun 16, 2024 like 40,211 #616",928,417,511,160,115,642,https://www.webtoons.com/en/fantasy/tower-of-god/season-3-ep-199/viewer?title_no=95&episode_no=617
tower-of-god,Tower of God,618,episode-000618-season-3-ep-200,"[Season 3] Ep. 200 Jun 23, 2024 like 39,562 #617",922,411,511,160,122,644,https://www.webtoons.com/en/fantasy/tower-of-god/season-3-ep-200/viewer?title_no=95&episode_no=618
tower-of-god,Tower of God,619,episode-000619-season-3-ep-201,"[Season 3] Ep. 201 Jun 30, 2024 like 39,899 #618",1058,355,703,160,179,646,https://www.webtoons.com/en/fantasy/tower-of-god/season-3-ep-201/viewer?title_no=95&episode_no=619
tower-of-god,Tower of God,620,episode-000620-season-3-ep-202,"[Season 3] Ep. 202 Jul 7, 2024 like 39,293 #619",1089,340,749,160,194,646,https://www.webtoons.com/en/fantasy/tower-of-god/season-3-ep-202/viewer?title_no=95&episode_no=620
tower-of-god,Tower of God,621,episode-000621-season-3-ep-203,"[Season 3] Ep. 203 Jul 14, 2024 like 38,333 #620",938,412,526,160,120,642,https://www.webtoons.com/en/fantasy/tower-of-god/season-3-ep-203/viewer?title_no=95&episode_no=621
tower-of-god,Tower of God,622,episode-000622-season-3-ep-204,"[Season 3] Ep. 204 Jul 21, 2024 like 38,656 #621",1003,383,620,160,151,646,https://www.webtoons.com/en/fantasy/tower-of-god/season-3-ep-204/viewer?title_no=95&episode_no=622
tower-of-god,Tower of God,623,episode-000623-season-3-ep-205,"[Season 3] Ep. 205 Jul 28, 2024 like 38,350 #622",960,390,570,160,144,646,https://www.webtoons.com/en/fantasy/tower-of-god/season-3-ep-205/viewer?title_no=95&episode_no=623
tower-of-god,Tower of God,624,episode-000624-season-3-ep-206,"[Season 3] Ep. 206 Aug 4, 2024 like 40,220 #623",929,398,531,160,134,642,https://www.webtoons.com/en/fantasy/tower-of-god/season-3-ep-206/viewer?title_no=95&episode_no=624
tower-of-god,Tower of God,625,episode-000625-season-3-ep-207,"[Season 3] Ep. 207 Aug 11, 2024 like 38,204 #624",1041,366,675,160,169,648,https://www.webtoons.com/en/fantasy/tower-of-god/season-3-ep-207/viewer?title_no=95&episode_no=625
tower-of-god,Tower of God,626,episode-000626-season-3-ep-208,"[Season 3] Ep. 208 Aug 18, 2024 like 39,634 #625",1138,464,674,700,1,1138,https://www.webtoons.com/en/fantasy/tower-of-god/season-3-ep-208/viewer?title_no=95&episode_no=626
tower-of-god,Tower of God,627,episode-000627-season-3-ep-209,"[Season 3] Ep. 209 Aug 25, 2024 like 39,038 #626",1000,416,584,160,194,787,https://www.webtoons.com/en/fantasy/tower-of-god/season-3-ep-209/viewer?title_no=95&episode_no=627
tower-of-god,Tower of God,628,episode-000628-season-3-ep-210,"[Season 3] Ep. 210 Sep 1, 2024 like 38,201 #627",987,390,597,160,144,646,https://www.webtoons.com/en/fantasy/tower-of-god/season-3-ep-210/viewer?title_no=95&episode_no=628
tower-of-god,Tower of God,629,episode-000629-season-3-ep-211,"[Season 3] Ep. 211 Sep 8, 2024 like 39,738 #628",944,397,547,160,136,644,https://www.webtoons.com/en/fantasy/tower-of-god/season-3-ep-211/viewer?title_no=95&episode_no=629
tower-of-god,Tower of God,630,episode-000630-season-3-ep-212,"[Season 3] Ep. 212 Sep 15, 2024 like 36,155 #629",995,384,611,160,149,644,https://www.webtoons.com/en/fantasy/tower-of-god/season-3-ep-212/viewer?title_no=95&episode_no=630
tower-of-god,Tower of God,631,episode-000631-season-3-ep-213,"[Season 3] Ep. 213 Sep 22, 2024 like 36,565 #630",1095,335,760,160,198,644,https://www.webtoons.com/en/fantasy/tower-of-god/season-3-ep-213/viewer?title_no=95&episode_no=631
tower-of-god,Tower of God,632,episode-000632-season-3-ep-214,"[Season 3] Ep. 214 Sep 29, 2024 like 35,046 #631",976,389,587,160,145,646,https://www.webtoons.com/en/fantasy/tower-of-god/season-3-ep-214/viewer?title_no=95&episode_no=632
tower-of-god,Tower of God,633,episode-000633-season-3-ep-215,"[Season 3] Ep. 215 Oct 6, 2024 like 36,965 #632",1107,431,676,700,1,1107,https://www.webtoons.com/en/fantasy/tower-of-god/season-3-ep-215/viewer?title_no=95&episode_no=633
tower-of-god,Tower of God,634,episode-000634-season-3-ep-216,"[Season 3] Ep. 216 Oct 13, 2024 like 36,233 #633",1133,433,700,700,1,1119,https://www.webtoons.com/en/fantasy/tower-of-god/season-3-ep-216/viewer?title_no=95&episode_no=634
tower-of-god,Tower of God,635,episode-000635-season-3-ep-217,"[Season 3] Ep. 217 Oct 20, 2024 like 35,143 #634",1111,322,789,160,212,646,https://www.webtoons.com/en/fantasy/tower-of-god/season-3-ep-217/viewer?title_no=95&episode_no=635
tower-of-god,Tower of God,636,episode-000636-season-3-ep-218,"[Season 3] Ep. 218 Oct 27, 2024 like 35,081 #635",1087,419,668,160,319,958,https://www.webtoons.com/en/fantasy/tower-of-god/season-3-ep-218/viewer?title_no=95&episode_no=636
tower-of-god,Tower of God,637,episode-000637-season-3-ep-219,"[Season 3] Ep. 219 Nov 3, 2024 like 34,449 #636",1158,488,670,700,1,1158,https://www.webtoons.com/en/fantasy/tower-of-god/season-3-ep-219/viewer?title_no=95&episode_no=637
tower-of-god,Tower of God,638,episode-000638-season-3-ep-220,"[Season 3] Ep. 220 Nov 10, 2024 like 33,270 #637",1085,330,755,160,203,644,https://www.webtoons.com/en/fantasy/tower-of-god/season-3-ep-220/viewer?title_no=95&episode_no=638
tower-of-god,Tower of God,639,episode-000639-season-3-ep-221,"[Season 3] Ep. 221 Nov 17, 2024 like 32,494 #638",1183,485,698,700,1,1165,https://www.webtoons.com/en/fantasy/tower-of-god/season-3-ep-221/viewer?title_no=95&episode_no=639
tower-of-god,Tower of God,640,episode-000640-season-3-ep-222,"[Season 3] Ep. 222 Nov 24, 2024 like 32,721 #639",1131,456,675,700,1,1131,https://www.webtoons.com/en/fantasy/tower-of-god/season-3-ep-222/viewer?title_no=95&episode_no=640
tower-of-god,Tower of God,641,episode-000641-season-3-ep-223,"[Season 3] Ep. 223 Dec 1, 2024 like 31,603 #640",1105,330,775,160,203,644,https://www.webtoons.com/en/fantasy/tower-of-god/season-3-ep-223/viewer?title_no=95&episode_no=641
tower-of-god,Tower of God,642,episode-000642-season-3-ep-224,"[Season 3] Ep. 224 Dec 8, 2024 like 32,477 #641",1162,491,671,700,1,1162,https://www.webtoons.com/en/fantasy/tower-of-god/season-3-ep-224/viewer?title_no=95&episode_no=642
tower-of-god,Tower of God,643,episode-000643-season-3-ep-225,"[Season 3] Ep. 225 Dec 15, 2024 like 31,527 #642",1111,328,783,160,206,646,https://www.webtoons.com/en/fantasy/tower-of-god/season-3-ep-225/viewer?title_no=95&episode_no=643
tower-of-god,Tower of God,644,episode-000644-season-3-ep-226,"[Season 3] Ep. 226 Dec 22, 2024 like 31,162 #643",1133,460,673,700,1,1133,https://www.webtoons.com/en/fantasy/tower-of-god/season-3-ep-226/viewer?title_no=95&episode_no=644
tower-of-god,Tower of God,645,episode-000645-season-3-ep-227,"[Season 3] Ep. 227 Dec 29, 2024 like 30,402 #644",1102,327,775,160,207,646,https://www.webtoons.com/en/fantasy/tower-of-god/season-3-ep-227/viewer?title_no=95&episode_no=645
tower-of-god,Tower of God,646,episode-000646-season-3-ep-228,"[Season 3] Ep. 228 Jan 5, 2025 like 29,969 #645",1069,352,717,160,183,648,https://www.webtoons.com/en/fantasy/tower-of-god/season-3-ep-228/viewer?title_no=95&episode_no=646
tower-of-god,Tower of God,647,episode-000647-season-3-ep-229,"[Season 3] Ep. 229 Jan 12, 2025 like 30,352 #646",1159,477,682,700,1,1155,https://www.webtoons.com/en/fantasy/tower-of-god/season-3-ep-229/viewer?title_no=95&episode_no=647
tower-of-god,Tower of God,648,episode-000648-season-3-ep-230,"[Season 3] Ep. 230 Jan 19, 2025 like 30,796 #647",956,401,555,160,131,642,https://www.webtoons.com/en/fantasy/tower-of-god/season-3-ep-230/viewer?title_no=95&episode_no=648
tower-of-god,Tower of God,649,episode-000649-season-3-ep-231,"[Season 3] Ep. 231 Jan 26, 2025 like 30,428 #648",996,372,624,160,161,644,https://www.webtoons.com/en/fantasy/tower-of-god/season-3-ep-231/viewer?title_no=95&episode_no=649
tower-of-god,Tower of God,650,episode-000650-season-3-ep-232,"[Season 3] Ep. 232 Feb 2, 2025 like 30,369 #649",1073,336,737,160,197,644,https://www.webtoons.com/en/fantasy/tower-of-god/season-3-ep-232/viewer?title_no=95&episode_no=650
tower-of-god,Tower of God,651,episode-000651-season-3-ep-233,"[Season 3] Ep. 233 Feb 9, 2025 like 31,007 #650",1044,352,692,160,183,647,https://www.webtoons.com/en/fantasy/tower-of-god/season-3-ep-233/viewer?title_no=95&episode_no=651
tower-of-god,Tower of God,652,episode-000652-season-3-ep-234,"[Season 3] Ep. 234 Feb 16, 2025 like 29,010 #651",927,417,510,160,115,642,https://www.webtoons.com/en/fantasy/tower-of-god/season-3-ep-234/viewer?title_no=95&episode_no=652
tower-of-god,Tower of God,653,episode-000653-season-3-ep-235-season-3-finale,"[Season 3] Ep. 235 (Season 3 Finale) Feb 23, 2025 like 34,406 #652",915,397,518,160,136,644,https://www.webtoons.com/en/fantasy/tower-of-god/season-3-ep-235-season-3-finale/viewer?title_no=95&episode_no=653
who-made-me-a-princess,Who Made Me a Princess,1,episode-000001-episode-1,First episode,95,39,56,220,43,95,https://www.webtoons.com/en/romance/who-made-me-a-princess/episode-1/viewer?title_no=9475&episode_no=1
who-made-me-a-princess,Who Made Me a Princess,2,episode-000002-episode-2,"Episode 2 Mar 4, 2026 like 4,612 #2",119,49,70,800,17,75,https://www.webtoons.com/en/romance/who-made-me-a-princess/episode-2/viewer?title_no=9475&episode_no=2
who-made-me-a-princess,Who Made Me a Princess,3,episode-000003-episode-3,"Episode 3 Mar 4, 2026 like 4,514 #3",111,43,68,800,17,69,https://www.webtoons.com/en/romance/who-made-me-a-princess/episode-3/viewer?title_no=9475&episode_no=3
who-made-me-a-princess,Who Made Me a Princess,4,episode-000004-episode-4,"Episode 4 Mar 11, 2026 like 3,609 #4",115,44,71,800,17,70,https://www.webtoons.com/en/romance/who-made-me-a-princess/episode-4/viewer?title_no=9475&episode_no=4
who-made-me-a-princess,Who Made Me a Princess,5,episode-000005-episode-5,"Episode 5 Mar 18, 2026 like 3,322 #5",118,47,71,800,17,73,https://www.webtoons.com/en/romance/who-made-me-a-princess/episode-5/viewer?title_no=9475&episode_no=5
who-made-me-a-princess,Who Made Me a Princess,6,episode-000006-episode-6,"Episode 6 Mar 25, 2026 like 3,221 #6",120,53,67,800,17,79,https://www.webtoons.com/en/romance/who-made-me-a-princess/episode-6/viewer?title_no=9475&episode_no=6
who-made-me-a-princess,Who Made Me a Princess,7,episode-000007-episode-7,"Episode 7 Apr 1, 2026 like 2,980 #7",127,60,67,800,17,86,https://www.webtoons.com/en/romance/who-made-me-a-princess/episode-7/viewer?title_no=9475&episode_no=7
who-made-me-a-princess,Who Made Me a Princess,8,episode-000008-episode-8,"Episode 8 Apr 8, 2026 like 2,861 #8",110,41,69,800,17,67,https://www.webtoons.com/en/romance/who-made-me-a-princess/episode-8/viewer?title_no=9475&episode_no=8
who-made-me-a-princess,Who Made Me a Princess,9,episode-000009-episode-9,"Episode 9 Apr 15, 2026 like 2,710 #9",116,45,71,800,17,71,https://www.webtoons.com/en/romance/who-made-me-a-princess/episode-9/viewer?title_no=9475&episode_no=9
who-made-me-a-princess,Who Made Me a Princess,10,episode-000010-episode-10,"Episode 10 Apr 22, 2026 like 2,458 #10",113,42,71,800,17,68,https://www.webtoons.com/en/romance/who-made-me-a-princess/episode-10/viewer?title_no=9475&episode_no=10
who-made-me-a-princess,Who Made Me a Princess,11,episode-000011-episode-11,"Episode 11 Apr 29, 2026 like 2,442 #11",137,65,72,800,17,91,https://www.webtoons.com/en/romance/who-made-me-a-princess/episode-11/viewer?title_no=9475&episode_no=11
who-made-me-a-princess,Who Made Me a Princess,12,episode-000012-episode-12,"Episode 12 May 6, 2026 like 2,168 #12",141,70,71,800,17,96,https://www.webtoons.com/en/romance/who-made-me-a-princess/episode-12/viewer?title_no=9475&episode_no=12
who-made-me-a-princess,Who Made Me a Princess,13,episode-000013-episode-13,"Episode 13 May 13, 2026 like 1,950 #13",135,65,70,800,17,91,https://www.webtoons.com/en/romance/who-made-me-a-princess/episode-13/viewer?title_no=9475&episode_no=13
